id_cliente,nombre,edad,genero,tipo_cliente,email,id_ciudad
1,raul sanchez penia,34,F,vip,email_invalido,
2,alejandro garcia munoz,43,F,vip,email_invalido,
3,raul garcia sanchez,69,F,recurrente,email_invalido,1.0
4,hernan herrera alvarez,70,M,vip,email_invalido,2.0
5,mauricio niniez munoz,70,M,empresarial,email_invalido,
6,mauricio rodriguez cruz,27,F,potencial,email_invalido,3.0
7,alejandro toro lopez,40,F,empresarial,email_invalido,3.0
8,hernan dominguez rios,28,F,vip,email_invalido,4.0
9,valentina espania rodriguez,71,F,recurrente,email_invalido,1.0
10,mauricio perez cruz,49,M,recurrente,email_invalido,5.0
11,raul perez vargas,24,F,potencial,email_invalido,6.0
12,patricia espana cruz,28,M,empresarial,email_invalido,
13,sofia sanchez cardenas,74,M,recurrente,no_identificado,7.0
14,diego rios sanchez,79,F,nuevo,email_invalido,8.0
15,monica ramirez perez,25,F,potencial,email_invalido,4.0
16,ricardo lopez rios,52,F,empresarial,email_invalido,9.0
17,claudia castano castano,37,F,nuevo,email_invalido,3.0
18,paola niniez alvarez,50,F,recurrente,email_invalido,3.0
19,alejandro martinez lopez,34,M,recurrente,email_invalido,10.0
20,claudia garcia lopez,61,M,recurrente,email_invalido,3.0
21,diego moreno herrera,62,F,nuevo,email_invalido,2.0
22,jesus ospina rios,70,M,vip,email_invalido,10.0
23,maria herrera garcia,31,M,potencial,email_invalido,9.0
24,ricardo rios espana,73,F,potencial,email_invalido,8.0
25,julian pena cifuentes,30,M,recurrente,email_invalido,1.0
26,diego cardenas niniez,48,M,nuevo,email_invalido,5.0
27,natalia moreno penia,40,M,empresarial,email_invalido,10.0
28,andres dominguez sanchez,27,M,potencial,email_invalido,9.0
29,sofia moreno herrera,27,F,recurrente,email_invalido,11.0
30,sofia fernandez lopez,29,M,vip,email_invalido,7.0
31,alejandro pena pena,22,F,vip,email_invalido,4.0
32,alvaro fernandez cruz,49,M,nuevo,email_invalido,7.0
33,alvaro castanio rodriguez,54,F,vip,email_invalido,8.0
34,jesus rodriguez perez,75,M,recurrente,email_invalido,9.0
35,julian toro munioz,39,M,recurrente,email_invalido,3.0
36,angela toro sanchez,31,F,empresarial,email_invalido,10.0
37,daniela moreno toro,30,M,recurrente,email_invalido,11.0
38,felipe cardenas vargas,55,F,nuevo,email_invalido,7.0
39,claudia herrera cifuentes,31,F,nuevo,email_invalido,7.0
40,laura herrera dominguez,65,F,nuevo,email_invalido,
41,jose ospina ospina,62,M,vip,no_identificado,10.0
42,raul munoz ospina,75,M,vip,email_invalido,
43,jesus gonzalez sanchez,57,F,nuevo,email_invalido,6.0
44,veronica moreno fernandez,40,M,recurrente,email_invalido,5.0
45,sebastian herrera rodriguez,76,F,potencial,email_invalido,3.0
46,veronica fernandez sanchez,66,M,potencial,email_invalido,
47,alvaro fernandez rios,73,F,empresarial,email_invalido,3.0
48,daniela herrera herrera,100,F,recurrente,email_invalido,9.0
49,paola cifuentes rodriguez,62,F,nuevo,email_invalido,
50,sofia martinez lopez,38,M,vip,email_invalido,
51,angela gonzalez rodriguez,21,F,vip,email_invalido,8.0
52,sebastian garcia alvarez,53,F,empresarial,email_invalido,
53,andres alvarez cifuentes,49,F,nuevo,email_invalido,7.0
54,laura martinez martinez,47,F,vip,no_identificado,5.0
55,mauricio vargas espania,73,F,vip,email_invalido,3.0
56,julian cardenas ramirez,44,M,recurrente,email_invalido,8.0
57,andres pena fernandez,36,M,nuevo,email_invalido,3.0
58,andres dominguez munioz,54,M,potencial,email_invalido,11.0
59,raul ninez ospina,69,M,empresarial,email_invalido,6.0
60,jesus ramirez lopez,19,F,vip,email_invalido,2.0
61,laura lopez gutierrez,64,M,empresarial,email_invalido,
62,diego dominguez cruz,23,M,empresarial,email_invalido,2.0
63,natalia cardenas herrera,35,F,potencial,email_invalido,7.0
64,sofia ospina gonzalez,46,M,recurrente,email_invalido,
65,angela cifuentes espania,24,M,potencial,email_invalido,5.0
66,alvaro pena dominguez,52,M,potencial,email_invalido,2.0
67,andres ramirez dominguez,30,M,recurrente,email_invalido,2.0
68,jesus cardenas gutierrez,48,F,potencial,email_invalido,12.0
69,patricia lopez dominguez,44,F,potencial,email_invalido,
70,jose rios cruz,26,M,recurrente,email_invalido,
71,mauricio alvarez cardenas,51,F,empresarial,email_invalido,5.0
72,julian perez fernandez,61,M,potencial,email_invalido,10.0
73,jesus cardenas garcia,19,F,potencial,email_invalido,11.0
74,ricardo ninez fernandez,30,F,nuevo,no_identificado,8.0
75,angela munioz martinez,35,M,empresarial,email_invalido,3.0
76,camilo fernandez gutierrez,60,F,nuevo,email_invalido,6.0
77,valentina gonzalez lopez,25,F,potencial,email_invalido,6.0
78,sebastian cardenas sanchez,50,M,vip,email_invalido,11.0
79,diego lopez cifuentes,76,M,recurrente,email_invalido,
80,felipe gonzalez sanchez,35,F,vip,email_invalido,
81,claudia ospina munoz,30,F,nuevo,email_invalido,1.0
82,julian herrera rodriguez,22,M,recurrente,email_invalido,11.0
83,natalia fernandez penia,77,F,vip,email_invalido,6.0
84,camilo ramirez cardenas,25,M,empresarial,email_invalido,
85,alejandro ninez moreno,18,F,recurrente,email_invalido,5.0
86,laura moreno ninez,30,M,recurrente,email_invalido,11.0
87,ricardo alvarez gutierrez,100,M,recurrente,email_invalido,5.0
88,ricardo dominguez rios,46,M,vip,email_invalido,
89,diego espania fernandez,94,F,vip,email_invalido,1.0
90,andres gonzalez fernandez,30,F,recurrente,email_invalido,11.0
91,laura cifuentes toro,56,M,recurrente,email_invalido,3.0
92,benjamin espania ospina,68,M,vip,email_invalido,
93,mauricio rodriguez fernandez,65,F,potencial,email_invalido,2.0
94,jose gutierrez ramirez,19,M,vip,email_invalido,9.0
95,veronica penia gutierrez,30,F,recurrente,email_invalido,1.0
96,jose ospina cruz,58,M,nuevo,email_invalido,5.0
97,julian dominguez cruz,36,M,nuevo,email_invalido,12.0
98,andres alvarez cardenas,30,M,nuevo,email_invalido,7.0
99,hernan lopez gonzalez,63,M,potencial,email_invalido,7.0
100,julian ramirez espania,74,M,empresarial,no_identificado,2.0
101,camilo herrera niniez,45,F,empresarial,email_invalido,
102,carolina castanio toro,77,M,vip,email_invalido,3.0
103,carolina sanchez rodriguez,68,M,empresarial,email_invalido,
104,paola dominguez vargas,55,M,recurrente,email_invalido,
105,camilo rios martinez,47,M,recurrente,email_invalido,
106,angela sanchez gutierrez,20,F,recurrente,email_invalido,12.0
107,ricardo vargas espania,29,F,vip,email_invalido,
108,benjamin moreno lopez,22,F,recurrente,email_invalido,
109,jesus ospina fernandez,80,M,vip,email_invalido,11.0
110,valentina perez garcia,61,M,empresarial,no_identificado,
111,sofia munoz gutierrez,37,M,nuevo,email_invalido,1.0
112,claudia cifuentes alvarez,28,M,nuevo,email_invalido,11.0
113,sebastian rodriguez ramirez,30,M,vip,no_identificado,8.0
114,valentina espania perez,67,F,empresarial,email_invalido,1.0
115,paola alvarez martinez,68,F,nuevo,email_invalido,9.0
116,claudia rodriguez dominguez,30,M,nuevo,no_identificado,
117,carolina cifuentes martinez,75,F,nuevo,email_invalido,
118,natalia penia ninez,33,M,empresarial,email_invalido,10.0
119,daniela lopez moreno,46,M,vip,email_invalido,2.0
120,diego moreno cardenas,36,M,nuevo,email_invalido,3.0
121,claudia ramirez rodriguez,59,M,recurrente,email_invalido,6.0
122,angela cifuentes fernandez,49,M,potencial,email_invalido,7.0
123,jesus moreno martinez,30,F,nuevo,email_invalido,7.0
124,julian gonzalez castano,38,F,vip,email_invalido,4.0
125,benjamin cifuentes rodriguez,66,F,vip,email_invalido,
126,alvaro herrera dominguez,37,F,vip,email_invalido,
127,hernan espana toro,46,F,vip,email_invalido,6.0
128,jose vargas lopez,30,F,vip,email_invalido,11.0
129,carolina herrera gutierrez,30,M,vip,no_identificado,9.0
130,diego ramirez gonzalez,19,F,vip,email_invalido,10.0
131,hernan fernandez cardenas,75,M,vip,email_invalido,5.0
132,andres herrera garcia,20,M,recurrente,email_invalido,2.0
133,maria sanchez toro,37,F,potencial,email_invalido,11.0
134,patricia fernandez dominguez,23,M,empresarial,email_invalido,10.0
135,alvaro castanio penia,63,F,nuevo,email_invalido,12.0
136,daniela niniez ospina,50,F,nuevo,email_invalido,7.0
137,mauricio moreno ramirez,27,M,vip,no_identificado,7.0
138,valentina vargas alvarez,40,F,empresarial,email_invalido,
139,valentina garcia moreno,52,F,recurrente,email_invalido,
140,diego alvarez toro,24,F,empresarial,no_identificado,10.0
141,jesus penia castano,23,M,nuevo,email_invalido,1.0
142,veronica cruz dominguez,31,F,nuevo,email_invalido,11.0
143,diego sanchez lopez,58,M,recurrente,email_invalido,
144,benjamin munoz cardenas,25,M,empresarial,email_invalido,5.0
145,jose ospina espana,31,M,recurrente,email_invalido,7.0
146,jesus espana martinez,45,F,empresarial,email_invalido,1.0
147,valentina munioz vargas,45,M,nuevo,email_invalido,
148,sebastian ramirez moreno,66,M,recurrente,no_identificado,3.0
149,alvaro gutierrez munoz,43,M,potencial,email_invalido,2.0
150,hernan herrera munoz,28,M,recurrente,email_invalido,8.0
151,paola gutierrez martinez,39,F,recurrente,no_identificado,11.0
152,claudia herrera alvarez,78,F,empresarial,email_invalido,10.0
153,camilo perez gonzalez,68,F,potencial,email_invalido,1.0
154,angela penia rodriguez,21,M,vip,email_invalido,7.0
155,andres ninez cifuentes,19,F,recurrente,email_invalido,7.0
156,angela toro lopez,69,F,potencial,email_invalido,
157,diego pena moreno,30,F,empresarial,email_invalido,
158,raul fernandez rodriguez,37,F,recurrente,email_invalido,3.0
159,monica vargas sanchez,18,F,nuevo,email_invalido,11.0
160,camilo rios rodriguez,24,F,empresarial,email_invalido,2.0
161,camilo vargas cardenas,60,F,empresarial,email_invalido,4.0
162,laura penia perez,44,M,empresarial,email_invalido,4.0
163,carolina herrera pena,52,F,nuevo,email_invalido,8.0
164,julian rodriguez gonzalez,37,F,potencial,email_invalido,
165,daniela castano alvarez,73,M,recurrente,email_invalido,11.0
166,claudia gutierrez martinez,29,M,vip,email_invalido,
167,jesus gonzalez gutierrez,18,F,empresarial,email_invalido,
168,paola gonzalez rios,22,F,empresarial,email_invalido,12.0
169,jesus perez munoz,30,F,nuevo,email_invalido,12.0
170,mauricio gutierrez alvarez,100,M,potencial,email_invalido,10.0
171,alvaro rodriguez toro,32,F,nuevo,email_invalido,5.0
172,felipe niniez ramirez,54,M,empresarial,email_invalido,12.0
173,andres garcia martinez,45,F,vip,email_invalido,10.0
174,sebastian gutierrez rodriguez,43,M,potencial,email_invalido,5.0
175,sebastian moreno toro,64,M,potencial,email_invalido,10.0
176,raul espania lopez,30,M,nuevo,email_invalido,12.0
177,jesus ospina garcia,54,M,potencial,email_invalido,10.0
178,jose toro rodriguez,66,F,empresarial,email_invalido,6.0
179,daniela munoz herrera,62,M,potencial,email_invalido,10.0
180,jose lopez dominguez,52,M,empresarial,email_invalido,8.0
181,sofia toro moreno,100,M,vip,email_invalido,2.0
182,sebastian castano ramirez,77,M,recurrente,email_invalido,9.0
183,jesus fernandez castanio,51,M,vip,no_identificado,
184,daniela herrera fernandez,23,M,potencial,email_invalido,11.0
185,alvaro cruz moreno,51,M,empresarial,email_invalido,6.0
186,maria cardenas toro,27,F,vip,email_invalido,2.0
187,daniela gutierrez munioz,19,F,potencial,email_invalido,6.0
188,veronica alvarez herrera,45,F,vip,email_invalido,11.0
189,carolina niniez cardenas,45,M,nuevo,email_invalido,8.0
190,alvaro vargas garcia,61,M,potencial,email_invalido,9.0
191,raul moreno ramirez,40,F,vip,email_invalido,
192,julian toro cruz,69,M,potencial,no_identificado,2.0
193,valentina munoz rios,31,F,potencial,email_invalido,
194,maria moreno gutierrez,28,M,potencial,email_invalido,11.0
195,jesus pena rodriguez,75,M,vip,email_invalido,11.0
196,mauricio espana martinez,31,F,vip,email_invalido,8.0
197,sebastian lopez cardenas,72,M,empresarial,email_invalido,
198,claudia rios espania,74,M,empresarial,email_invalido,9.0
199,monica sanchez toro,62,F,recurrente,email_invalido,11.0
200,sebastian fernandez martinez,41,M,recurrente,email_invalido,3.0
201,alvaro vargas cardenas,64,M,potencial,email_invalido,11.0
202,raul vargas rios,36,F,empresarial,email_invalido,11.0
203,laura pena herrera,21,M,recurrente,no_identificado,7.0
204,ricardo ospina gonzalez,54,F,vip,email_invalido,7.0
205,felipe vargas pena,24,F,nuevo,email_invalido,9.0
206,sebastian pena vargas,26,F,potencial,email_invalido,4.0
207,monica sanchez gutierrez,30,F,potencial,email_invalido,13.0
208,jesus cruz ramirez,30,F,recurrente,email_invalido,1.0
209,hernan sanchez castano,28,F,empresarial,email_invalido,9.0
210,felipe rios toro,59,F,nuevo,email_invalido,12.0
211,diego alvarez moreno,76,M,vip,email_invalido,12.0
212,daniela ospina fernandez,19,M,potencial,email_invalido,3.0
213,jesus herrera garcia,26,M,nuevo,email_invalido,
214,felipe cifuentes alvarez,30,M,potencial,email_invalido,
215,camilo cardenas ninez,54,F,potencial,email_invalido,10.0
216,mauricio ramirez ospina,30,M,recurrente,email_invalido,5.0
217,sebastian pena castano,77,F,potencial,email_invalido,4.0
218,patricia gonzalez herrera,80,F,empresarial,no_identificado,
219,camilo gutierrez fernandez,30,M,nuevo,email_invalido,3.0
220,daniela toro alvarez,19,M,nuevo,email_invalido,2.0
221,mauricio cardenas fernandez,30,M,potencial,email_invalido,4.0
222,andres gonzalez toro,53,M,vip,email_invalido,3.0
223,jose gutierrez fernandez,22,F,empresarial,email_invalido,4.0
224,raul vargas rodriguez,21,M,recurrente,email_invalido,
225,daniela gutierrez martinez,36,M,vip,email_invalido,9.0
226,mauricio ninez gutierrez,21,M,empresarial,email_invalido,11.0
227,patricia ospina moreno,33,M,vip,email_invalido,8.0
228,paola perez cruz,29,M,empresarial,email_invalido,
229,diego pena gutierrez,33,M,vip,email_invalido,6.0
230,valentina vargas castano,32,M,empresarial,email_invalido,7.0
231,diego rodriguez rios,31,F,recurrente,email_invalido,4.0
232,andres castanio moreno,30,F,empresarial,email_invalido,12.0
233,valentina cruz perez,75,F,empresarial,email_invalido,8.0
234,natalia espana ospina,64,M,nuevo,email_invalido,5.0
235,laura rodriguez sanchez,46,F,vip,email_invalido,3.0
236,claudia munioz cifuentes,74,M,potencial,email_invalido,
237,valentina fernandez vargas,44,M,potencial,no_identificado,
238,natalia martinez pena,36,F,recurrente,email_invalido,7.0
239,claudia martinez alvarez,72,M,potencial,email_invalido,12.0
240,maria ninez pena,39,M,nuevo,email_invalido,7.0
241,jose penia garcia,20,M,vip,email_invalido,3.0
242,diego munioz martinez,30,M,recurrente,email_invalido,8.0
243,daniela moreno martinez,39,M,nuevo,email_invalido,8.0
244,patricia espana pena,33,M,recurrente,email_invalido,10.0
245,natalia gutierrez cifuentes,51,F,potencial,email_invalido,1.0
246,monica cruz fernandez,23,F,nuevo,email_invalido,
247,felipe ramirez ninez,52,F,recurrente,email_invalido,2.0
248,camilo lopez garcia,79,M,empresarial,no_identificado,
249,monica cruz sanchez,40,M,nuevo,email_invalido,3.0
250,laura munioz martinez,68,F,recurrente,email_invalido,11.0
251,hernan niniez munioz,59,F,nuevo,email_invalido,12.0
252,jose cardenas ramirez,28,F,empresarial,email_invalido,5.0
253,andres cardenas cruz,57,F,empresarial,no_identificado,
254,monica moreno ramirez,61,F,recurrente,email_invalido,10.0
255,raul rios ramirez,47,F,recurrente,email_invalido,13.0
256,paola fernandez ninez,51,M,nuevo,email_invalido,6.0
257,jose rios lopez,80,M,recurrente,email_invalido,3.0
258,patricia espania penia,70,M,empresarial,email_invalido,
259,jesus munoz lopez,62,M,vip,email_invalido,8.0
260,raul gonzalez espana,20,M,recurrente,email_invalido,3.0
261,sebastian castanio castano,66,F,empresarial,email_invalido,10.0
262,jesus vargas espania,78,F,recurrente,email_invalido,
263,carolina martinez fernandez,80,F,empresarial,email_invalido,5.0
264,diego munioz cardenas,74,F,empresarial,no_identificado,1.0
265,sofia fernandez vargas,33,M,recurrente,email_invalido,1.0
266,maria fernandez martinez,61,F,recurrente,email_invalido,3.0
267,veronica ramirez pena,61,F,nuevo,email_invalido,
268,diego espana dominguez,32,F,empresarial,email_invalido,8.0
269,valentina vargas lopez,40,F,potencial,email_invalido,7.0
270,sofia ramirez ospina,63,F,nuevo,email_invalido,12.0
271,julian sanchez garcia,73,F,recurrente,email_invalido,8.0
272,veronica fernandez rodriguez,78,M,empresarial,email_invalido,11.0
273,diego gutierrez espana,48,M,nuevo,email_invalido,3.0
274,claudia castano munoz,74,F,potencial,email_invalido,8.0
275,alejandro castano espania,30,F,empresarial,email_invalido,4.0
276,mauricio fernandez vargas,30,M,nuevo,email_invalido,11.0
277,daniela gutierrez castano,30,M,potencial,email_invalido,11.0
278,veronica perez gutierrez,59,F,empresarial,email_invalido,1.0
279,sofia toro dominguez,47,M,potencial,email_invalido,1.0
280,felipe gutierrez pena,37,F,nuevo,email_invalido,12.0
281,daniela herrera moreno,21,M,potencial,no_identificado,6.0
282,jesus cruz perez,22,F,empresarial,email_invalido,
283,mauricio garcia cifuentes,39,F,empresarial,no_identificado,5.0
284,hernan ospina castano,80,F,recurrente,email_invalido,3.0
285,maria martinez rios,71,M,recurrente,email_invalido,13.0
286,jesus penia alvarez,36,M,empresarial,email_invalido,9.0
287,jesus rodriguez alvarez,59,M,empresarial,email_invalido,11.0
288,natalia fernandez cardenas,86,F,vip,no_identificado,11.0
289,angela cifuentes cardenas,47,M,potencial,email_invalido,9.0
290,maria cifuentes ramirez,30,F,recurrente,email_invalido,11.0
291,sebastian cardenas castanio,37,F,recurrente,email_invalido,
292,claudia gutierrez rios,69,M,nuevo,email_invalido,11.0
293,jose pena herrera,60,M,vip,email_invalido,9.0
294,claudia vargas rios,23,F,recurrente,email_invalido,
295,patricia rodriguez cruz,55,F,nuevo,email_invalido,6.0
296,sebastian munoz toro,77,M,recurrente,email_invalido,12.0
297,valentina gutierrez sanchez,58,F,nuevo,email_invalido,6.0
298,monica garcia ninez,59,F,vip,email_invalido,
299,carolina sanchez castano,47,M,nuevo,email_invalido,3.0
300,raul gutierrez rios,40,F,potencial,email_invalido,
301,valentina penia espania,30,F,nuevo,email_invalido,13.0
302,paola cardenas dominguez,69,F,vip,no_identificado,11.0
303,carolina perez pena,35,M,nuevo,email_invalido,6.0
304,julian munioz fernandez,36,F,empresarial,email_invalido,4.0
305,felipe lopez rios,34,F,vip,email_invalido,
306,felipe espana garcia,39,F,vip,email_invalido,
307,raul gutierrez gonzalez,22,M,recurrente,email_invalido,1.0
308,maria castanio cardenas,30,F,nuevo,email_invalido,11.0
309,paola munioz munioz,32,F,recurrente,no_identificado,
310,benjamin rodriguez sanchez,63,M,recurrente,email_invalido,9.0
311,natalia rios rodriguez,54,M,nuevo,email_invalido,
312,julian rios gonzalez,27,M,nuevo,email_invalido,
313,alejandro gutierrez moreno,39,F,empresarial,email_invalido,4.0
314,ricardo munioz sanchez,47,M,recurrente,email_invalido,
315,claudia alvarez dominguez,52,M,potencial,email_invalido,12.0
316,laura ninez cifuentes,28,M,potencial,email_invalido,
317,carolina munioz gutierrez,62,F,potencial,email_invalido,3.0
318,ricardo garcia alvarez,19,M,recurrente,email_invalido,10.0
319,veronica perez rios,77,F,recurrente,email_invalido,
320,paola munoz cruz,31,F,recurrente,email_invalido,1.0
321,benjamin espana perez,35,F,empresarial,email_invalido,3.0
322,andres cardenas pena,33,M,vip,email_invalido,8.0
323,sofia cifuentes rios,71,F,vip,email_invalido,1.0
324,alvaro rios moreno,19,M,potencial,email_invalido,1.0
325,felipe fernandez ninez,55,F,recurrente,email_invalido,10.0
326,patricia espania cruz,77,M,nuevo,email_invalido,
327,felipe moreno castano,50,M,recurrente,email_invalido,5.0
328,benjamin vargas garcia,78,M,empresarial,email_invalido,
329,benjamin toro niniez,20,M,nuevo,email_invalido,
330,benjamin rodriguez herrera,25,M,empresarial,email_invalido,1.0
331,sofia castanio alvarez,87,F,potencial,email_invalido,3.0
332,jesus ospina ospina,66,F,recurrente,email_invalido,
333,laura martinez sanchez,45,M,potencial,email_invalido,
334,andres castano penia,21,F,potencial,email_invalido,
335,ricardo dominguez ninez,35,F,potencial,email_invalido,6.0
336,mauricio cruz moreno,65,M,recurrente,email_invalido,3.0
337,jose cifuentes espana,55,F,nuevo,email_invalido,
338,sofia munoz ninez,21,F,empresarial,email_invalido,7.0
339,ricardo cruz fernandez,54,M,empresarial,email_invalido,
340,claudia martinez castanio,30,F,potencial,email_invalido,7.0
341,patricia fernandez herrera,47,M,potencial,email_invalido,2.0
342,monica alvarez gutierrez,71,F,recurrente,email_invalido,
343,alejandro toro castanio,30,F,nuevo,email_invalido,
344,carolina ramirez fernandez,19,F,vip,email_invalido,12.0
345,julian ospina ospina,74,M,empresarial,email_invalido,3.0
346,valentina martinez ninez,66,M,empresarial,no_identificado,11.0
347,alvaro cardenas ospina,56,M,nuevo,email_invalido,12.0
348,sofia herrera sanchez,79,M,empresarial,email_invalido,3.0
349,monica munoz sanchez,70,M,empresarial,no_identificado,5.0
350,mauricio rodriguez moreno,38,F,empresarial,no_identificado,2.0
351,sebastian munioz gutierrez,43,M,potencial,email_invalido,
352,ricardo dominguez niniez,59,M,empresarial,email_invalido,
353,paola vargas munioz,75,M,nuevo,no_identificado,5.0
354,camilo martinez rios,27,M,potencial,email_invalido,
355,camilo gutierrez pena,77,M,empresarial,email_invalido,9.0
356,daniela rios munioz,63,F,vip,email_invalido,2.0
357,hernan vargas castano,61,F,potencial,email_invalido,1.0
358,claudia ramirez garcia,75,F,potencial,email_invalido,8.0
359,angela dominguez cifuentes,80,F,potencial,email_invalido,2.0
360,paola moreno castanio,27,M,empresarial,email_invalido,2.0
361,diego cardenas lopez,21,M,nuevo,no_identificado,8.0
362,felipe lopez cifuentes,25,M,nuevo,email_invalido,7.0
363,maria moreno gonzalez,27,F,potencial,email_invalido,3.0
364,julian fernandez lopez,73,M,recurrente,email_invalido,3.0
365,raul cruz dominguez,64,M,potencial,email_invalido,7.0
366,camilo moreno sanchez,32,F,recurrente,email_invalido,10.0
367,valentina sanchez cifuentes,56,F,recurrente,email_invalido,11.0
368,daniela martinez sanchez,33,M,nuevo,email_invalido,12.0
369,sebastian rodriguez vargas,69,F,nuevo,email_invalido,5.0
370,valentina sanchez ramirez,64,F,nuevo,email_invalido,2.0
371,jesus dominguez fernandez,25,F,potencial,no_identificado,11.0
372,raul moreno rodriguez,30,M,nuevo,email_invalido,
373,andres penia martinez,41,M,potencial,no_identificado,1.0
374,sofia cifuentes munioz,52,M,recurrente,email_invalido,8.0
375,raul cardenas sanchez,20,M,vip,no_identificado,
376,mauricio rios moreno,18,F,vip,email_invalido,9.0
377,natalia toro martinez,72,M,nuevo,email_invalido,7.0
378,monica perez ramirez,79,F,empresarial,email_invalido,5.0
379,jose espania perez,25,F,vip,email_invalido,
380,claudia ramirez castanio,37,F,empresarial,email_invalido,10.0
381,valentina toro munoz,30,M,recurrente,email_invalido,6.0
382,maria moreno ospina,68,M,empresarial,email_invalido,
383,mauricio vargas munioz,48,M,potencial,email_invalido,7.0
384,mauricio rios dominguez,38,M,recurrente,email_invalido,10.0
385,benjamin ramirez vargas,59,F,potencial,email_invalido,3.0
386,laura lopez martinez,30,M,nuevo,email_invalido,9.0
387,diego espana herrera,30,F,recurrente,email_invalido,3.0
388,benjamin gonzalez rodriguez,59,F,potencial,no_identificado,
389,jesus espana pena,71,M,recurrente,email_invalido,7.0
390,paola ramirez alvarez,39,M,recurrente,email_invalido,
391,claudia moreno ospina,100,F,empresarial,email_invalido,1.0
392,paola perez perez,33,F,vip,email_invalido,3.0
393,veronica ospina garcia,62,M,empresarial,email_invalido,9.0
394,hernan rios gutierrez,59,F,empresarial,email_invalido,
395,mauricio sanchez cardenas,35,F,recurrente,email_invalido,2.0
396,camilo martinez herrera,30,F,nuevo,email_invalido,
397,paola vargas dominguez,75,M,vip,no_identificado,6.0
398,camilo cifuentes dominguez,36,M,vip,email_invalido,7.0
399,andres vargas toro,71,M,vip,email_invalido,
400,patricia herrera munioz,49,F,recurrente,email_invalido,
401,jose herrera sanchez,74,F,empresarial,no_identificado,3.0
402,alejandro espania cruz,50,M,potencial,email_invalido,12.0
403,diego alvarez gutierrez,43,M,nuevo,email_invalido,
404,raul vargas sanchez,41,M,vip,email_invalido,7.0
405,camilo pena toro,66,F,recurrente,email_invalido,5.0
406,andres perez fernandez,57,F,potencial,email_invalido,8.0
407,daniela penia espania,27,M,vip,email_invalido,12.0
408,alejandro gonzalez vargas,43,F,nuevo,email_invalido,11.0
409,carolina rios sanchez,28,F,nuevo,email_invalido,7.0
410,diego vargas cruz,58,F,potencial,email_invalido,5.0
411,sofia fernandez moreno,75,M,potencial,email_invalido,6.0
412,daniela perez lopez,28,F,vip,email_invalido,8.0
413,maria niniez garcia,46,M,recurrente,email_invalido,12.0
414,julian penia ramirez,44,F,empresarial,email_invalido,
415,natalia gutierrez munoz,19,M,recurrente,email_invalido,11.0
416,daniela garcia gutierrez,53,M,vip,email_invalido,7.0
417,felipe vargas dominguez,67,M,recurrente,email_invalido,7.0
418,mauricio castanio dominguez,76,M,nuevo,email_invalido,4.0
419,maria rios lopez,68,F,vip,email_invalido,9.0
420,diego niniez espana,29,M,empresarial,email_invalido,
421,camilo perez herrera,30,F,potencial,email_invalido,1.0
422,diego ospina lopez,65,M,vip,email_invalido,11.0
423,sofia espana alvarez,18,F,vip,no_identificado,7.0
424,benjamin moreno perez,23,F,nuevo,email_invalido,12.0
425,jesus martinez castanio,77,M,potencial,email_invalido,12.0
426,daniela castanio lopez,18,M,potencial,email_invalido,2.0
427,mauricio perez garcia,76,M,recurrente,no_identificado,10.0
428,monica toro niniez,50,F,potencial,email_invalido,
429,felipe dominguez castanio,43,M,recurrente,email_invalido,6.0
430,valentina munoz dominguez,26,M,vip,email_invalido,
431,alvaro cifuentes herrera,46,M,empresarial,email_invalido,12.0
432,claudia alvarez perez,38,M,empresarial,email_invalido,4.0
433,diego niniez gonzalez,53,F,empresarial,no_identificado,
434,laura ninez perez,37,M,potencial,email_invalido,10.0
435,natalia garcia munoz,27,M,recurrente,email_invalido,11.0
436,paola gonzalez martinez,47,F,recurrente,email_invalido,2.0
437,camilo ramirez pena,23,M,potencial,email_invalido,2.0
438,laura espania garcia,56,F,nuevo,email_invalido,7.0
439,ricardo gonzalez ninez,43,F,potencial,email_invalido,2.0
440,laura gonzalez cruz,32,F,potencial,email_invalido,4.0
441,andres castano vargas,48,M,recurrente,email_invalido,
442,claudia cruz moreno,30,M,nuevo,email_invalido,11.0
443,natalia vargas castanio,55,M,vip,email_invalido,11.0
444,camilo castano castanio,30,F,potencial,email_invalido,
445,natalia lopez fernandez,62,M,potencial,email_invalido,8.0
446,alvaro moreno herrera,80,F,recurrente,email_invalido,2.0
447,felipe munoz vargas,48,F,potencial,email_invalido,8.0
448,sebastian martinez cruz,35,F,vip,email_invalido,10.0
449,paola vargas cifuentes,33,M,recurrente,email_invalido,
450,angela vargas perez,40,F,potencial,no_identificado,6.0
451,jose cardenas toro,64,M,empresarial,email_invalido,1.0
452,ricardo espana sanchez,77,F,vip,email_invalido,2.0
453,jesus gutierrez rios,19,M,potencial,email_invalido,12.0
454,sebastian moreno garcia,29,M,vip,email_invalido,12.0
455,patricia vargas toro,56,F,vip,email_invalido,5.0
456,patricia cifuentes cruz,63,M,nuevo,email_invalido,13.0
457,angela moreno dominguez,44,F,recurrente,email_invalido,4.0
458,mauricio cifuentes moreno,34,M,nuevo,email_invalido,
459,andres ospina cifuentes,19,F,recurrente,email_invalido,7.0
460,angela perez herrera,45,F,recurrente,email_invalido,2.0
461,ricardo dominguez toro,71,F,potencial,email_invalido,6.0
462,veronica perez ospina,33,F,empresarial,email_invalido,
463,alejandro rodriguez moreno,72,F,recurrente,email_invalido,11.0
464,carolina ramirez martinez,30,F,nuevo,email_invalido,5.0
465,hernan garcia sanchez,33,F,nuevo,email_invalido,2.0
466,raul ninez espania,47,F,recurrente,email_invalido,3.0
467,diego toro toro,73,F,vip,email_invalido,
468,sebastian castano dominguez,38,F,vip,email_invalido,
469,jesus rodriguez gutierrez,43,F,vip,email_invalido,13.0
470,patricia perez munoz,75,F,potencial,email_invalido,
471,carolina castano rodriguez,37,M,nuevo,email_invalido,
472,hernan martinez vargas,30,F,nuevo,email_invalido,9.0
473,paola garcia vargas,49,M,potencial,email_invalido,
474,sofia perez toro,45,F,potencial,email_invalido,7.0
475,benjamin gonzalez ospina,35,F,vip,email_invalido,
476,julian dominguez gutierrez,41,M,nuevo,email_invalido,1.0
477,camilo moreno toro,41,M,empresarial,email_invalido,5.0
478,paola fernandez dominguez,27,M,potencial,email_invalido,
479,maria espania niniez,21,M,vip,email_invalido,11.0
480,angela cruz munioz,78,M,empresarial,email_invalido,12.0
481,jesus ramirez rios,47,F,potencial,email_invalido,
482,valentina vargas moreno,30,F,empresarial,email_invalido,3.0
483,monica gutierrez espana,70,M,nuevo,email_invalido,
484,raul perez niniez,32,F,potencial,email_invalido,8.0
485,laura herrera rios,43,F,potencial,email_invalido,8.0
486,benjamin cardenas herrera,62,M,empresarial,email_invalido,4.0
487,laura cruz vargas,58,F,recurrente,email_invalido,1.0
488,alejandro cardenas dominguez,62,F,potencial,email_invalido,
489,angela perez cruz,44,F,nuevo,email_invalido,6.0
490,camilo penia lopez,43,M,potencial,email_invalido,3.0
491,patricia herrera herrera,76,M,nuevo,email_invalido,
492,claudia vargas fernandez,57,F,vip,no_identificado,4.0
493,hernan lopez martinez,38,F,potencial,email_invalido,
494,daniela munoz espana,75,F,nuevo,email_invalido,1.0
495,andres lopez sanchez,21,F,vip,email_invalido,12.0
496,jesus vargas cruz,80,M,recurrente,no_identificado,
497,monica niniez ramirez,79,M,recurrente,email_invalido,4.0
498,mauricio alvarez herrera,34,M,recurrente,email_invalido,12.0
499,raul moreno gonzalez,31,M,vip,email_invalido,5.0
500,alvaro cardenas herrera,73,F,potencial,email_invalido,6.0
501,mauricio alvarez perez,75,F,recurrente,email_invalido,3.0
502,carolina gonzalez garcia,49,F,vip,email_invalido,8.0
503,camilo cifuentes cardenas,72,M,vip,email_invalido,10.0
504,ricardo dominguez herrera,33,M,potencial,email_invalido,
505,monica herrera sanchez,29,F,recurrente,email_invalido,
506,valentina cruz cardenas,30,M,nuevo,email_invalido,
507,mauricio castano herrera,22,F,empresarial,email_invalido,11.0
508,julian ninez ramirez,35,F,vip,email_invalido,5.0
509,benjamin castanio penia,23,F,empresarial,email_invalido,5.0
510,natalia garcia herrera,22,F,potencial,email_invalido,2.0
511,angela cruz perez,79,M,recurrente,email_invalido,4.0
512,felipe gutierrez cruz,30,F,empresarial,email_invalido,6.0
513,veronica cruz gonzalez,20,M,vip,email_invalido,12.0
514,camilo ramirez martinez,21,F,potencial,email_invalido,3.0
515,veronica garcia cardenas,20,M,potencial,email_invalido,
516,hernan moreno garcia,50,M,potencial,email_invalido,1.0
517,daniela munioz cardenas,74,M,vip,email_invalido,2.0
518,maria perez cardenas,29,F,vip,email_invalido,9.0
519,patricia herrera ramirez,25,F,potencial,email_invalido,1.0
520,patricia rodriguez ninez,55,M,vip,email_invalido,
521,patricia toro rodriguez,41,M,empresarial,email_invalido,
522,valentina martinez moreno,66,M,recurrente,email_invalido,7.0
523,diego gonzalez rodriguez,56,M,vip,email_invalido,11.0
524,diego penia alvarez,30,F,nuevo,email_invalido,2.0
525,alvaro perez lopez,74,F,nuevo,email_invalido,
526,laura moreno alvarez,47,F,potencial,email_invalido,
527,alvaro rios sanchez,30,F,empresarial,email_invalido,2.0
528,monica cruz moreno,29,M,nuevo,email_invalido,
529,hernan munoz rios,30,F,potencial,email_invalido,
530,patricia lopez gonzalez,49,M,vip,email_invalido,
531,laura cifuentes perez,60,M,potencial,email_invalido,5.0
532,sofia munoz cardenas,71,F,empresarial,email_invalido,10.0
533,ricardo munioz pena,67,F,vip,email_invalido,
534,benjamin martinez niniez,55,F,nuevo,email_invalido,1.0
535,monica ramirez niniez,30,M,empresarial,email_invalido,13.0
536,julian vargas dominguez,67,F,nuevo,email_invalido,8.0
537,laura perez ospina,49,F,nuevo,email_invalido,4.0
538,andres ospina alvarez,61,F,nuevo,email_invalido,3.0
539,mauricio toro castanio,29,F,recurrente,email_invalido,
540,hernan munoz ramirez,73,F,potencial,email_invalido,6.0
541,natalia pena gutierrez,52,F,nuevo,email_invalido,
542,camilo niniez cruz,31,F,potencial,email_invalido,
543,jesus ninez herrera,30,F,vip,email_invalido,8.0
544,carolina pena dominguez,31,F,recurrente,email_invalido,1.0
545,sebastian rios vargas,31,F,vip,email_invalido,9.0
546,julian niniez rios,27,M,recurrente,email_invalido,5.0
547,julian dominguez cardenas,30,F,potencial,email_invalido,10.0
548,hernan sanchez ramirez,43,M,recurrente,email_invalido,
549,sofia lopez martinez,52,M,vip,email_invalido,1.0
550,felipe perez cardenas,66,F,recurrente,email_invalido,4.0
551,julian cifuentes moreno,72,M,recurrente,email_invalido,
552,andres munioz ospina,52,M,nuevo,email_invalido,7.0
553,jose dominguez rios,28,F,vip,email_invalido,
554,carolina gutierrez rios,30,F,vip,email_invalido,12.0
555,raul alvarez herrera,75,M,empresarial,email_invalido,11.0
556,benjamin munoz gutierrez,77,F,vip,email_invalido,
557,claudia fernandez munoz,30,F,potencial,email_invalido,2.0
558,paola niniez rodriguez,30,F,recurrente,email_invalido,
559,diego lopez cardenas,30,M,vip,email_invalido,4.0
560,julian fernandez munioz,78,M,empresarial,email_invalido,13.0
561,sofia ospina lopez,62,M,potencial,email_invalido,9.0
562,alvaro cruz rios,58,M,empresarial,email_invalido,
563,camilo castanio herrera,77,M,empresarial,email_invalido,7.0
564,patricia toro toro,80,F,vip,no_identificado,7.0
565,andres vargas gonzalez,30,M,empresarial,email_invalido,8.0
566,natalia cruz espana,48,F,recurrente,no_identificado,
567,angela gonzalez garcia,65,M,empresarial,email_invalido,10.0
568,patricia martinez ramirez,62,M,vip,email_invalido,
569,alejandro espana cardenas,38,M,recurrente,email_invalido,
570,jesus alvarez alvarez,58,F,nuevo,email_invalido,11.0
571,raul cardenas vargas,40,F,recurrente,no_identificado,11.0
572,patricia ospina lopez,62,F,recurrente,email_invalido,
573,sebastian perez martinez,56,F,potencial,email_invalido,1.0
574,jose rodriguez ospina,74,M,vip,email_invalido,9.0
575,julian cardenas garcia,56,M,empresarial,email_invalido,5.0
576,daniela pena alvarez,48,M,recurrente,email_invalido,4.0
577,angela garcia niniez,70,M,vip,email_invalido,7.0
578,maria dominguez garcia,18,F,recurrente,email_invalido,11.0
579,natalia dominguez rodriguez,24,M,vip,email_invalido,10.0
580,hernan castanio ramirez,19,M,nuevo,email_invalido,6.0
581,laura martinez cruz,52,F,potencial,email_invalido,1.0
582,jose gonzalez ospina,30,M,empresarial,email_invalido,12.0
583,daniela lopez martinez,72,F,potencial,email_invalido,
584,laura lopez espania,47,M,recurrente,email_invalido,2.0
585,alvaro dominguez castanio,90,M,nuevo,email_invalido,3.0
586,angela alvarez gutierrez,52,F,recurrente,no_identificado,6.0
587,patricia herrera cifuentes,79,F,nuevo,email_invalido,1.0
588,sebastian martinez ospina,30,F,recurrente,no_identificado,3.0
589,felipe moreno gutierrez,23,M,recurrente,email_invalido,7.0
590,jesus munioz munoz,30,M,vip,email_invalido,10.0
591,monica ramirez herrera,49,M,empresarial,email_invalido,
592,andres cardenas perez,45,F,vip,email_invalido,8.0
593,patricia penia castanio,35,F,recurrente,email_invalido,1.0
594,julian moreno herrera,71,F,potencial,email_invalido,11.0
595,hernan niniez lopez,26,F,potencial,email_invalido,
596,jose toro pena,22,M,potencial,email_invalido,9.0
597,alvaro rios espania,19,M,empresarial,email_invalido,6.0
598,monica rios ospina,74,M,empresarial,email_invalido,12.0
599,raul cardenas cardenas,37,F,potencial,email_invalido,9.0
600,camilo cifuentes penia,79,F,recurrente,email_invalido,8.0
601,mauricio dominguez cruz,30,F,nuevo,email_invalido,8.0
602,felipe rios rodriguez,73,M,recurrente,email_invalido,12.0
603,alejandro dominguez castano,30,F,empresarial,email_invalido,1.0
604,benjamin pena fernandez,24,F,vip,email_invalido,6.0
605,andres cardenas toro,68,F,empresarial,email_invalido,6.0
606,ricardo espania herrera,26,M,potencial,email_invalido,12.0
607,alvaro niniez rios,51,F,empresarial,email_invalido,
608,andres rodriguez perez,32,F,empresarial,email_invalido,2.0
609,andres fernandez sanchez,30,M,empresarial,email_invalido,5.0
610,raul niniez ospina,24,F,potencial,email_invalido,9.0
611,sofia espania gutierrez,53,F,potencial,email_invalido,10.0
612,ricardo rios cifuentes,30,M,potencial,email_invalido,5.0
613,diego rios pena,20,F,recurrente,email_invalido,9.0
614,paola herrera cifuentes,55,M,vip,email_invalido,
615,ricardo gutierrez alvarez,30,F,recurrente,email_invalido,
616,natalia gutierrez cardenas,79,F,recurrente,email_invalido,2.0
617,patricia pena munoz,53,F,nuevo,email_invalido,
618,laura munoz sanchez,30,M,vip,email_invalido,12.0
619,ricardo munoz toro,36,F,vip,email_invalido,11.0
620,hernan fernandez castanio,20,F,potencial,email_invalido,12.0
621,camilo perez moreno,38,M,vip,email_invalido,1.0
622,patricia alvarez ramirez,29,F,nuevo,email_invalido,4.0
623,jose cardenas perez,21,M,nuevo,email_invalido,10.0
624,paola lopez lopez,40,F,nuevo,email_invalido,7.0
625,raul lopez cifuentes,63,M,empresarial,email_invalido,12.0
626,camilo ramirez castano,48,F,empresarial,email_invalido,12.0
627,laura alvarez rodriguez,26,F,recurrente,email_invalido,10.0
628,hernan herrera penia,40,F,vip,email_invalido,11.0
629,paola herrera gonzalez,69,F,vip,email_invalido,8.0
630,natalia moreno alvarez,48,F,nuevo,email_invalido,4.0
631,veronica ninez rodriguez,60,F,recurrente,email_invalido,
632,diego dominguez alvarez,48,M,nuevo,email_invalido,9.0
633,ricardo rodriguez pena,51,F,empresarial,email_invalido,
634,patricia castanio rios,67,M,nuevo,email_invalido,
635,valentina alvarez espania,73,F,vip,email_invalido,11.0
636,claudia dominguez pena,71,F,vip,email_invalido,8.0
637,jesus penia penia,69,M,recurrente,email_invalido,
638,alejandro castanio perez,50,F,vip,email_invalido,
639,monica cardenas moreno,60,M,recurrente,email_invalido,12.0
640,benjamin pena dominguez,34,F,recurrente,email_invalido,
641,laura rodriguez moreno,22,F,potencial,email_invalido,3.0
642,jesus munoz munioz,72,M,recurrente,no_identificado,4.0
643,alejandro perez cifuentes,18,F,recurrente,email_invalido,12.0
644,natalia sanchez ramirez,77,F,nuevo,email_invalido,9.0
645,jose alvarez ospina,57,M,vip,email_invalido,11.0
646,monica munoz ninez,49,M,empresarial,no_identificado,
647,daniela gutierrez garcia,32,F,recurrente,email_invalido,
648,diego lopez ospina,18,M,potencial,email_invalido,
649,jesus espania dominguez,50,M,empresarial,email_invalido,7.0
650,alvaro dominguez fernandez,47,M,nuevo,email_invalido,8.0
651,laura lopez gonzalez,31,M,potencial,email_invalido,3.0
652,raul cifuentes penia,80,F,potencial,email_invalido,
653,veronica ramirez ospina,73,M,recurrente,email_invalido,10.0
654,alvaro garcia moreno,42,M,empresarial,email_invalido,3.0
655,sofia vargas rios,61,M,empresarial,email_invalido,11.0
656,angela rios garcia,52,F,potencial,email_invalido,2.0
657,alvaro perez fernandez,24,M,vip,email_invalido,11.0
658,diego garcia garcia,30,F,empresarial,email_invalido,
659,benjamin sanchez alvarez,50,F,empresarial,email_invalido,2.0
660,alejandro penia dominguez,30,F,empresarial,email_invalido,12.0
661,felipe pena niniez,57,M,recurrente,email_invalido,
662,felipe munoz rios,27,F,recurrente,email_invalido,2.0
663,paola ramirez perez,74,M,recurrente,email_invalido,7.0
664,benjamin castanio gutierrez,30,M,vip,email_invalido,3.0
665,jose toro garcia,57,F,potencial,email_invalido,
666,jose castano castanio,25,M,recurrente,email_invalido,
667,jose cardenas gonzalez,33,M,potencial,email_invalido,
668,ricardo fernandez cifuentes,19,M,recurrente,email_invalido,
669,benjamin espana moreno,75,F,nuevo,email_invalido,11.0
670,camilo castano gutierrez,32,F,recurrente,email_invalido,12.0
671,carolina garcia dominguez,62,M,empresarial,email_invalido,
672,julian espana pena,34,F,recurrente,email_invalido,
673,carolina ninez vargas,31,M,recurrente,email_invalido,12.0
674,alejandro ramirez alvarez,79,M,empresarial,email_invalido,1.0
675,laura rodriguez ramirez,31,F,potencial,email_invalido,4.0
676,paola fernandez cifuentes,64,F,empresarial,email_invalido,7.0
677,jose lopez ninez,75,F,nuevo,email_invalido,3.0
678,raul cardenas toro,75,F,recurrente,email_invalido,
679,jesus moreno perez,67,F,vip,email_invalido,3.0
680,paola munioz gutierrez,49,M,empresarial,email_invalido,13.0
681,patricia munoz rios,24,M,recurrente,email_invalido,5.0
682,benjamin herrera cifuentes,30,F,empresarial,email_invalido,9.0
683,sofia castanio gonzalez,50,F,potencial,email_invalido,4.0
684,patricia espana penia,22,F,nuevo,email_invalido,4.0
685,alejandro castanio cifuentes,74,F,empresarial,email_invalido,12.0
686,maria herrera rodriguez,21,M,vip,email_invalido,9.0
687,patricia toro niniez,24,M,empresarial,no_identificado,
688,daniela ramirez niniez,31,M,vip,email_invalido,
689,maria toro perez,49,M,vip,email_invalido,3.0
690,monica rios ramirez,78,M,empresarial,email_invalido,13.0
691,hernan castano espania,72,M,empresarial,email_invalido,3.0
692,veronica vargas gutierrez,30,F,potencial,email_invalido,11.0
693,diego munioz gonzalez,37,F,potencial,email_invalido,1.0
694,natalia cardenas martinez,21,F,vip,email_invalido,1.0
695,paola garcia toro,45,F,nuevo,email_invalido,
696,felipe moreno ospina,32,F,recurrente,email_invalido,3.0
697,laura vargas munoz,31,F,nuevo,email_invalido,4.0
698,ricardo lopez gonzalez,80,M,vip,email_invalido,10.0
699,jesus moreno moreno,56,M,recurrente,email_invalido,1.0
700,alejandro cardenas garcia,55,F,vip,email_invalido,2.0
701,benjamin espania pena,39,M,vip,email_invalido,13.0
702,maria dominguez rodriguez,30,M,nuevo,email_invalido,2.0
703,mauricio rios perez,42,M,nuevo,no_identificado,5.0
704,monica cruz garcia,76,F,empresarial,email_invalido,8.0
705,veronica cardenas cruz,77,M,empresarial,email_invalido,8.0
706,valentina perez alvarez,72,F,empresarial,email_invalido,8.0
707,angela vargas lopez,71,M,vip,email_invalido,4.0
708,felipe rodriguez rodriguez,78,M,recurrente,email_invalido,10.0
709,camilo vargas rodriguez,22,F,vip,email_invalido,
710,raul rodriguez fernandez,31,M,vip,email_invalido,10.0
711,raul garcia perez,57,F,potencial,email_invalido,
712,daniela castanio gonzalez,20,F,recurrente,email_invalido,2.0
713,maria castanio dominguez,29,F,recurrente,no_identificado,11.0
714,felipe ramirez cardenas,76,M,vip,email_invalido,8.0
715,ricardo munioz moreno,65,M,empresarial,email_invalido,
716,laura herrera ospina,58,F,recurrente,email_invalido,9.0
717,ricardo cifuentes cruz,28,F,empresarial,email_invalido,
718,jesus gonzalez cruz,74,F,vip,email_invalido,5.0
719,valentina rodriguez cruz,35,F,nuevo,email_invalido,8.0
720,ricardo cruz toro,26,F,recurrente,email_invalido,3.0
721,julian garcia ospina,76,M,recurrente,email_invalido,2.0
722,monica sanchez pena,27,M,potencial,email_invalido,3.0
723,alejandro toro herrera,79,F,recurrente,no_identificado,2.0
724,hernan dominguez munioz,50,F,nuevo,email_invalido,10.0
725,daniela rodriguez penia,21,M,vip,email_invalido,
726,laura ospina garcia,73,F,potencial,email_invalido,3.0
727,valentina gonzalez martinez,29,F,nuevo,email_invalido,2.0
728,mauricio cifuentes gutierrez,25,F,recurrente,email_invalido,
729,patricia dominguez pena,29,M,empresarial,email_invalido,4.0
730,felipe cardenas cardenas,31,F,vip,no_identificado,3.0
731,sofia ospina cifuentes,49,F,recurrente,email_invalido,8.0
732,valentina martinez penia,48,M,vip,email_invalido,
733,diego cifuentes cifuentes,30,F,empresarial,email_invalido,11.0
734,ricardo gonzalez martinez,50,F,recurrente,email_invalido,3.0
735,mauricio rodriguez munoz,72,F,empresarial,email_invalido,
736,diego munioz garcia,73,M,empresarial,email_invalido,11.0
737,jesus rodriguez lopez,44,M,nuevo,email_invalido,9.0
738,julian cruz penia,36,M,nuevo,email_invalido,6.0
739,ricardo rodriguez niniez,21,M,vip,email_invalido,
740,natalia ramirez sanchez,55,F,empresarial,email_invalido,13.0
741,angela martinez castano,42,F,recurrente,email_invalido,
742,jose fernandez perez,20,M,recurrente,email_invalido,
743,valentina munoz cifuentes,24,M,recurrente,email_invalido,8.0
744,ricardo rios moreno,27,F,empresarial,email_invalido,
745,ricardo gonzalez gutierrez,62,F,nuevo,email_invalido,2.0
746,monica alvarez garcia,71,F,recurrente,email_invalido,10.0
747,monica castano gonzalez,30,M,vip,no_identificado,7.0
748,carolina fernandez rios,27,F,nuevo,email_invalido,2.0
749,felipe gutierrez gutierrez,46,M,nuevo,email_invalido,
750,raul alvarez sanchez,18,F,vip,email_invalido,12.0
751,raul munioz gonzalez,52,F,nuevo,email_invalido,12.0
752,felipe dominguez alvarez,34,M,nuevo,email_invalido,7.0
753,jesus sanchez penia,64,M,potencial,email_invalido,1.0
754,sebastian ospina toro,55,M,nuevo,email_invalido,2.0
755,angela dominguez fernandez,30,F,empresarial,email_invalido,11.0
756,patricia herrera perez,38,F,recurrente,email_invalido,1.0
757,alvaro rodriguez gonzalez,30,F,potencial,email_invalido,3.0
758,alejandro niniez martinez,45,M,vip,no_identificado,5.0
759,veronica fernandez vargas,64,M,empresarial,email_invalido,8.0
760,daniela vargas cifuentes,22,F,vip,email_invalido,2.0
761,julian lopez rios,60,M,empresarial,email_invalido,
762,felipe toro moreno,65,M,recurrente,email_invalido,9.0
763,carolina fernandez penia,70,M,empresarial,email_invalido,
764,monica penia herrera,69,F,nuevo,email_invalido,10.0
765,diego toro espania,30,F,nuevo,email_invalido,
766,patricia ospina herrera,55,F,recurrente,email_invalido,7.0
767,jesus martinez gutierrez,25,F,potencial,email_invalido,8.0
768,claudia ninez gutierrez,52,M,recurrente,email_invalido,12.0
769,camilo garcia cifuentes,30,F,empresarial,email_invalido,9.0
770,sofia sanchez ramirez,31,M,recurrente,email_invalido,
771,daniela cruz ramirez,73,F,potencial,email_invalido,
772,laura martinez rios,74,F,vip,email_invalido,7.0
773,alvaro dominguez espana,71,M,nuevo,email_invalido,2.0
774,laura munoz cifuentes,48,F,nuevo,email_invalido,1.0
775,diego vargas cardenas,35,M,nuevo,email_invalido,
776,claudia ospina garcia,43,F,vip,email_invalido,3.0
777,andres pena garcia,77,M,vip,email_invalido,7.0
778,veronica alvarez herrera,31,M,recurrente,no_identificado,
779,camilo garcia herrera,31,F,recurrente,email_invalido,9.0
780,sebastian gonzalez dominguez,76,M,recurrente,email_invalido,12.0
781,benjamin ninez lopez,27,M,empresarial,email_invalido,13.0
782,alvaro castano sanchez,50,M,vip,email_invalido,5.0
783,sebastian rodriguez castanio,30,M,nuevo,email_invalido,2.0
784,patricia rios gutierrez,64,M,potencial,email_invalido,4.0
785,daniela lopez cifuentes,33,M,empresarial,email_invalido,
786,julian ramirez dominguez,35,M,vip,email_invalido,7.0
787,alvaro fernandez rodriguez,78,F,nuevo,email_invalido,3.0
788,benjamin toro lopez,70,M,potencial,email_invalido,1.0
789,sebastian martinez rios,72,M,potencial,email_invalido,9.0
790,camilo herrera cifuentes,77,M,recurrente,email_invalido,9.0
791,julian penia dominguez,30,F,nuevo,email_invalido,4.0
792,daniela cifuentes alvarez,38,M,vip,no_identificado,2.0
793,felipe penia rios,19,M,empresarial,email_invalido,6.0
794,jesus fernandez toro,76,M,empresarial,email_invalido,1.0
795,ricardo gutierrez ospina,62,F,nuevo,email_invalido,10.0
796,paola fernandez munoz,74,M,nuevo,email_invalido,3.0
797,julian lopez garcia,47,M,vip,email_invalido,10.0
798,sebastian toro cruz,44,F,vip,email_invalido,12.0
799,hernan cardenas martinez,61,F,recurrente,email_invalido,2.0
800,julian gutierrez dominguez,64,F,vip,email_invalido,5.0
801,raul cifuentes alvarez,74,F,potencial,email_invalido,11.0
802,jose dominguez garcia,66,M,empresarial,email_invalido,9.0
803,andres rodriguez castano,34,M,vip,email_invalido,
804,ricardo alvarez fernandez,50,M,potencial,email_invalido,5.0
805,daniela munioz moreno,65,F,vip,email_invalido,
806,felipe castano perez,44,F,vip,email_invalido,1.0
807,diego herrera sanchez,63,M,vip,email_invalido,2.0
808,daniela alvarez ramirez,30,M,nuevo,email_invalido,11.0
809,hernan vargas rodriguez,39,F,vip,no_identificado,
810,camilo cifuentes toro,52,M,empresarial,email_invalido,11.0
811,mauricio cifuentes sanchez,30,F,recurrente,email_invalido,4.0
812,alvaro gonzalez ramirez,37,M,empresarial,email_invalido,9.0
813,julian gutierrez gonzalez,18,F,recurrente,no_identificado,
814,maria lopez niniez,50,M,empresarial,email_invalido,
815,alvaro munioz pena,63,F,empresarial,email_invalido,11.0
816,carolina herrera alvarez,25,M,vip,email_invalido,
817,jesus toro alvarez,60,F,empresarial,email_invalido,2.0
818,laura rios martinez,54,M,nuevo,email_invalido,
819,valentina cruz fernandez,73,F,potencial,email_invalido,7.0
820,camilo gonzalez vargas,39,M,recurrente,email_invalido,4.0
821,camilo sanchez penia,62,F,potencial,email_invalido,1.0
822,mauricio martinez rios,36,F,recurrente,email_invalido,11.0
823,andres gutierrez sanchez,53,F,empresarial,email_invalido,6.0
824,camilo gutierrez espana,30,M,nuevo,email_invalido,8.0
825,claudia espana rios,77,M,empresarial,email_invalido,
826,benjamin lopez martinez,55,F,empresarial,email_invalido,11.0
827,diego castanio rios,40,M,nuevo,email_invalido,4.0
828,jesus cardenas munioz,49,F,nuevo,email_invalido,9.0
829,angela martinez garcia,79,M,recurrente,email_invalido,
830,monica espana lopez,76,M,nuevo,email_invalido,
831,carolina fernandez munioz,71,F,potencial,email_invalido,
832,angela garcia moreno,71,M,recurrente,email_invalido,11.0
833,alvaro cardenas munoz,50,F,nuevo,email_invalido,1.0
834,andres ospina espana,27,M,vip,email_invalido,11.0
835,andres castanio castano,21,F,vip,no_identificado,
836,felipe cruz alvarez,49,F,nuevo,email_invalido,9.0
837,julian ramirez vargas,72,F,vip,email_invalido,
838,raul rios rios,30,F,recurrente,email_invalido,1.0
839,veronica niniez rios,79,F,vip,email_invalido,1.0
840,alejandro perez moreno,56,M,empresarial,email_invalido,3.0
841,raul cardenas munoz,75,M,recurrente,no_identificado,11.0
842,claudia sanchez alvarez,27,F,vip,email_invalido,
843,carolina fernandez alvarez,25,M,empresarial,email_invalido,9.0
844,sofia cifuentes niniez,48,F,recurrente,no_identificado,6.0
845,monica moreno herrera,32,M,potencial,email_invalido,4.0
846,julian ospina lopez,73,F,nuevo,email_invalido,4.0
847,jesus herrera cifuentes,51,M,empresarial,email_invalido,
848,maria sanchez castanio,18,M,nuevo,email_invalido,9.0
849,laura ninez niniez,32,M,nuevo,email_invalido,2.0
850,alvaro herrera gutierrez,19,F,empresarial,email_invalido,
851,monica cruz herrera,19,F,vip,email_invalido,9.0
852,claudia perez munioz,37,M,nuevo,email_invalido,6.0
853,claudia penia dominguez,55,F,potencial,no_identificado,7.0
854,maria ospina lopez,69,F,nuevo,email_invalido,
855,claudia ospina niniez,60,F,potencial,email_invalido,5.0
856,sebastian herrera cruz,50,M,recurrente,email_invalido,2.0
857,sofia vargas moreno,42,M,empresarial,email_invalido,1.0
858,angela rios cifuentes,73,F,vip,email_invalido,7.0
859,jesus cruz espania,69,F,empresarial,email_invalido,9.0
860,claudia sanchez rodriguez,19,F,potencial,email_invalido,12.0
861,hernan ramirez rodriguez,29,M,vip,email_invalido,
862,benjamin gonzalez castano,38,F,potencial,email_invalido,
863,alejandro fernandez rios,44,M,potencial,email_invalido,
864,jose alvarez cifuentes,78,M,vip,email_invalido,12.0
865,julian perez gonzalez,22,M,empresarial,email_invalido,
866,laura cifuentes cifuentes,24,M,potencial,email_invalido,5.0
867,felipe munoz moreno,30,M,potencial,email_invalido,7.0
868,jesus fernandez ramirez,26,F,empresarial,email_invalido,7.0
869,sebastian rios penia,67,F,vip,email_invalido,11.0
870,monica martinez espania,75,F,recurrente,email_invalido,11.0
871,valentina rodriguez rios,46,M,vip,email_invalido,12.0
872,raul herrera castanio,44,M,vip,email_invalido,
873,maria munoz martinez,30,M,recurrente,email_invalido,3.0
874,felipe lopez cardenas,35,M,vip,email_invalido,4.0
875,natalia moreno gutierrez,20,M,vip,no_identificado,9.0
876,felipe gonzalez martinez,66,F,vip,email_invalido,1.0
877,mauricio gonzalez garcia,25,F,empresarial,email_invalido,5.0
878,monica cifuentes rodriguez,65,F,vip,email_invalido,8.0
879,ricardo munoz alvarez,39,F,empresarial,no_identificado,
880,valentina gutierrez rios,75,F,potencial,email_invalido,12.0
881,claudia niniez penia,30,F,potencial,email_invalido,1.0
882,veronica herrera gutierrez,32,F,nuevo,email_invalido,
883,paola moreno martinez,30,F,recurrente,email_invalido,9.0
884,andres sanchez toro,29,M,potencial,email_invalido,2.0
885,monica alvarez castano,62,F,nuevo,email_invalido,12.0
886,diego perez niniez,64,M,nuevo,email_invalido,11.0
887,benjamin herrera ramirez,63,M,recurrente,email_invalido,
888,angela martinez toro,56,M,vip,email_invalido,9.0
889,maria munioz cifuentes,30,F,vip,email_invalido,1.0
890,hernan herrera toro,73,M,nuevo,email_invalido,
891,valentina perez vargas,51,F,empresarial,email_invalido,9.0
892,alejandro penia alvarez,70,F,potencial,email_invalido,10.0
893,carolina vargas espana,58,F,empresarial,email_invalido,11.0
894,angela gutierrez espana,75,F,recurrente,email_invalido,8.0
895,claudia fernandez gutierrez,43,F,nuevo,email_invalido,12.0
896,benjamin fernandez cardenas,71,F,vip,email_invalido,11.0
897,jose espana fernandez,73,F,vip,email_invalido,3.0
898,alvaro ramirez ramirez,78,F,empresarial,email_invalido,2.0
899,patricia gutierrez moreno,22,F,potencial,email_invalido,12.0
900,raul lopez rios,30,F,recurrente,email_invalido,7.0
901,maria espania perez,73,F,vip,email_invalido,6.0
902,veronica castanio pena,44,F,empresarial,no_identificado,4.0
903,patricia dominguez toro,96,M,nuevo,no_identificado,8.0
904,claudia alvarez vargas,41,M,vip,email_invalido,11.0
905,daniela penia vargas,80,M,potencial,email_invalido,2.0
906,sofia garcia cardenas,56,F,nuevo,email_invalido,4.0
907,sebastian ospina dominguez,47,M,vip,email_invalido,11.0
908,jesus cardenas cifuentes,24,M,recurrente,email_invalido,5.0
909,paola espania cifuentes,19,M,potencial,email_invalido,8.0
910,veronica gutierrez toro,34,M,recurrente,email_invalido,6.0
911,laura alvarez ramirez,60,M,vip,email_invalido,12.0
912,valentina espania munoz,18,M,recurrente,email_invalido,1.0
913,felipe garcia rodriguez,55,M,recurrente,email_invalido,
914,sebastian ninez rios,30,M,vip,email_invalido,
915,benjamin dominguez vargas,39,M,nuevo,email_invalido,10.0
916,alvaro ramirez niniez,30,F,nuevo,email_invalido,1.0
917,valentina cifuentes niniez,19,M,nuevo,email_invalido,3.0
918,raul sanchez sanchez,73,M,empresarial,email_invalido,9.0
919,mauricio vargas rios,37,F,nuevo,email_invalido,10.0
920,andres gonzalez vargas,76,M,nuevo,email_invalido,9.0
921,sofia ospina garcia,64,F,potencial,email_invalido,8.0
922,angela cruz alvarez,37,M,empresarial,email_invalido,8.0
923,sofia rodriguez dominguez,59,F,recurrente,email_invalido,11.0
924,natalia rios martinez,28,F,potencial,email_invalido,5.0
925,angela fernandez ospina,18,F,nuevo,email_invalido,5.0
926,benjamin lopez cifuentes,46,F,empresarial,email_invalido,2.0
927,alejandro cardenas ospina,51,F,nuevo,email_invalido,6.0
928,carolina dominguez cardenas,65,M,potencial,email_invalido,3.0
929,sofia cardenas cruz,34,M,vip,email_invalido,5.0
930,jesus fernandez gutierrez,34,F,empresarial,email_invalido,4.0
931,julian ninez castano,46,M,empresarial,no_identificado,2.0
932,mauricio fernandez cifuentes,24,M,potencial,email_invalido,13.0
933,claudia cifuentes rodriguez,37,M,recurrente,email_invalido,
934,alejandro fernandez ramirez,31,F,potencial,email_invalido,10.0
935,jose martinez penia,25,M,nuevo,email_invalido,2.0
936,hernan moreno niniez,100,M,potencial,email_invalido,8.0
937,jesus ramirez ramirez,76,F,vip,email_invalido,12.0
938,valentina rios munioz,54,F,empresarial,email_invalido,
939,hernan herrera cruz,68,M,recurrente,email_invalido,6.0
940,julian cardenas cruz,21,M,nuevo,email_invalido,
941,andres castano gutierrez,32,M,vip,email_invalido,5.0
942,paola fernandez alvarez,23,M,vip,no_identificado,
943,ricardo ninez garcia,25,F,empresarial,email_invalido,7.0
944,camilo cardenas herrera,73,M,nuevo,email_invalido,5.0
945,maria sanchez niniez,39,F,vip,email_invalido,2.0
946,julian fernandez sanchez,42,F,empresarial,email_invalido,5.0
947,sofia rodriguez niniez,31,F,potencial,email_invalido,6.0
948,diego rios gonzalez,77,F,potencial,email_invalido,9.0
949,carolina gutierrez rios,80,M,potencial,no_identificado,10.0
950,veronica cruz cardenas,59,F,empresarial,no_identificado,7.0
951,camilo cifuentes vargas,46,F,vip,email_invalido,8.0
952,ricardo cifuentes niniez,60,F,vip,email_invalido,3.0
953,angela dominguez cruz,18,M,recurrente,email_invalido,11.0
954,felipe cardenas alvarez,58,M,potencial,email_invalido,1.0
955,veronica lopez fernandez,64,F,vip,no_identificado,4.0
956,raul moreno moreno,33,M,vip,email_invalido,6.0
957,benjamin lopez garcia,26,F,recurrente,email_invalido,7.0
958,camilo rodriguez castano,46,M,nuevo,email_invalido,5.0
959,veronica penia toro,41,F,nuevo,email_invalido,5.0
960,ricardo perez martinez,39,M,vip,email_invalido,10.0
961,laura ospina gonzalez,54,M,nuevo,no_identificado,13.0
962,claudia dominguez lopez,77,M,recurrente,email_invalido,9.0
963,laura garcia rodriguez,68,F,potencial,email_invalido,
964,felipe cifuentes herrera,47,F,empresarial,email_invalido,
965,alejandro rodriguez gonzalez,36,F,nuevo,email_invalido,3.0
966,patricia munoz cardenas,33,F,vip,email_invalido,9.0
967,raul castano lopez,38,F,recurrente,email_invalido,
968,daniela munoz alvarez,33,F,vip,email_invalido,8.0
969,daniela ospina perez,28,M,potencial,email_invalido,9.0
970,felipe ramirez dominguez,30,M,nuevo,email_invalido,6.0
971,felipe fernandez garcia,78,M,vip,email_invalido,9.0
972,claudia penia ospina,61,F,nuevo,email_invalido,8.0
973,natalia ramirez perez,78,M,nuevo,no_identificado,4.0
974,jesus munioz cifuentes,79,M,potencial,email_invalido,
975,daniela rios espana,40,F,recurrente,email_invalido,
976,carolina martinez cardenas,34,F,nuevo,no_identificado,
977,andres cardenas moreno,30,F,empresarial,email_invalido,4.0
978,felipe castanio perez,21,M,empresarial,email_invalido,2.0
979,laura herrera cifuentes,57,M,recurrente,no_identificado,1.0
980,alvaro espania toro,86,F,empresarial,email_invalido,4.0
981,mauricio ramirez espana,53,F,nuevo,email_invalido,
982,veronica dominguez martinez,46,F,nuevo,email_invalido,2.0
983,natalia ospina gonzalez,38,F,recurrente,email_invalido,12.0
984,mauricio alvarez fernandez,26,M,potencial,email_invalido,
985,julian castano rios,27,M,potencial,email_invalido,10.0
986,maria cardenas rios,78,F,empresarial,email_invalido,
987,mauricio gonzalez dominguez,54,M,potencial,no_identificado,9.0
988,natalia cruz alvarez,68,M,vip,email_invalido,3.0
989,daniela herrera sanchez,36,F,vip,email_invalido,
990,camilo rodriguez herrera,32,F,vip,email_invalido,
991,valentina ramirez cifuentes,23,F,recurrente,email_invalido,4.0
992,sofia castanio rios,33,M,nuevo,email_invalido,4.0
993,angela herrera cardenas,30,M,empresarial,email_invalido,7.0
994,ricardo gutierrez munioz,78,F,nuevo,no_identificado,3.0
995,paola niniez cruz,76,F,empresarial,email_invalido,7.0
996,paola rios martinez,69,F,vip,email_invalido,12.0
997,patricia munoz penia,20,F,nuevo,no_identificado,2.0
998,hernan dominguez vargas,48,M,potencial,email_invalido,
999,julian fernandez garcia,58,F,potencial,email_invalido,1.0
1000,valentina gonzalez fernandez,80,M,recurrente,email_invalido,12.0
1001,benjamin ospina toro,55,F,recurrente,email_invalido,3.0
1002,maria garcia herrera,42,M,potencial,email_invalido,11.0
1003,paola fernandez fernandez,59,M,nuevo,email_invalido,10.0
1004,jose garcia vargas,28,F,vip,email_invalido,8.0
1005,natalia cifuentes lopez,61,M,empresarial,email_invalido,10.0
1006,laura cifuentes rios,80,F,empresarial,email_invalido,4.0
1007,sebastian gonzalez sanchez,36,F,nuevo,email_invalido,5.0
1008,angela castanio munioz,55,M,potencial,email_invalido,
1009,natalia moreno ospina,27,M,recurrente,email_invalido,6.0
1010,sebastian ninez ramirez,34,M,vip,email_invalido,2.0
1011,valentina moreno rios,33,F,recurrente,email_invalido,9.0
1012,ricardo herrera dominguez,50,F,vip,email_invalido,
1013,natalia ramirez munoz,60,F,nuevo,email_invalido,
1014,ricardo cruz dominguez,37,F,empresarial,email_invalido,
1015,ricardo niniez herrera,77,F,empresarial,email_invalido,
1016,laura herrera espania,79,F,vip,email_invalido,4.0
1017,claudia niniez cifuentes,51,M,empresarial,email_invalido,
1018,patricia lopez garcia,72,F,recurrente,email_invalido,3.0
1019,angela alvarez toro,76,F,empresarial,email_invalido,10.0
1020,alejandro ospina perez,67,M,vip,email_invalido,2.0
1021,claudia cruz rodriguez,51,M,nuevo,email_invalido,3.0
1022,carolina moreno gutierrez,63,F,vip,email_invalido,6.0
1023,veronica cruz vargas,79,F,potencial,email_invalido,6.0
1024,julian lopez toro,30,M,nuevo,email_invalido,1.0
1025,mauricio martinez perez,74,F,empresarial,email_invalido,9.0
1026,felipe sanchez cardenas,30,M,vip,no_identificado,9.0
1027,camilo espana perez,77,M,potencial,email_invalido,
1028,mauricio alvarez vargas,58,F,empresarial,email_invalido,
1029,paola niniez fernandez,25,F,vip,email_invalido,
1030,ricardo niniez niniez,30,M,empresarial,email_invalido,2.0
1031,veronica sanchez perez,44,F,recurrente,email_invalido,
1032,camilo alvarez garcia,66,F,recurrente,no_identificado,11.0
1033,natalia ospina lopez,44,M,nuevo,email_invalido,10.0
1034,carolina ramirez ramirez,70,F,vip,no_identificado,5.0
1035,camilo ninez ramirez,25,F,vip,email_invalido,12.0
1036,benjamin castanio martinez,59,M,potencial,email_invalido,
1037,alejandro cifuentes espana,23,M,vip,email_invalido,12.0
1038,carolina toro dominguez,34,F,recurrente,email_invalido,
1039,alvaro espania rodriguez,59,F,nuevo,email_invalido,1.0
1040,monica rodriguez cardenas,56,F,nuevo,email_invalido,
1041,angela gutierrez cifuentes,25,F,potencial,email_invalido,3.0
1042,jesus herrera alvarez,51,F,recurrente,email_invalido,1.0
1043,patricia espania lopez,40,F,recurrente,email_invalido,8.0
1044,natalia ramirez cruz,30,M,empresarial,email_invalido,1.0
1045,veronica espania cruz,36,F,potencial,email_invalido,8.0
1046,andres ospina cruz,56,M,potencial,email_invalido,11.0
1047,hernan perez cruz,33,M,empresarial,no_identificado,
1048,veronica herrera cifuentes,32,F,potencial,no_identificado,1.0
1049,laura gutierrez cruz,54,M,potencial,no_identificado,8.0
1050,camilo gonzalez rios,49,M,empresarial,email_invalido,1.0
1051,raul lopez ramirez,42,F,nuevo,email_invalido,3.0
1052,julian ninez ninez,30,F,empresarial,email_invalido,
1053,natalia espania gonzalez,24,M,vip,email_invalido,
1054,andres garcia perez,52,F,vip,email_invalido,
1055,alvaro munioz espania,24,M,empresarial,email_invalido,5.0
1056,andres ramirez espana,71,M,vip,email_invalido,
1057,jose castanio cruz,66,M,recurrente,email_invalido,8.0
1058,sofia toro lopez,44,M,recurrente,email_invalido,2.0
1059,hernan penia fernandez,22,M,recurrente,email_invalido,
1060,felipe dominguez ramirez,52,F,nuevo,email_invalido,10.0
1061,angela cifuentes rios,19,F,nuevo,email_invalido,
1062,diego toro castanio,42,M,potencial,email_invalido,
1063,carolina ramirez munoz,41,F,recurrente,email_invalido,1.0
1064,hernan gutierrez ninez,58,M,nuevo,no_identificado,2.0
1065,maria vargas herrera,21,F,empresarial,email_invalido,9.0
1066,sofia espania fernandez,25,M,vip,email_invalido,1.0
1067,paola lopez cruz,23,M,potencial,email_invalido,9.0
1068,claudia rodriguez perez,72,F,potencial,email_invalido,9.0
1069,monica espana gutierrez,60,F,potencial,no_identificado,2.0
1070,raul alvarez alvarez,75,F,nuevo,email_invalido,11.0
1071,angela sanchez cifuentes,36,F,empresarial,email_invalido,5.0
1072,sebastian rios lopez,65,F,vip,email_invalido,11.0
1073,paola garcia herrera,34,F,recurrente,email_invalido,
1074,benjamin gonzalez vargas,71,F,nuevo,email_invalido,
1075,angela alvarez rodriguez,47,F,potencial,email_invalido,8.0
1076,alejandro munoz pena,65,F,empresarial,email_invalido,7.0
1077,jesus espana herrera,30,M,nuevo,email_invalido,
1078,claudia castano espana,50,M,empresarial,email_invalido,3.0
1079,benjamin herrera fernandez,30,F,vip,email_invalido,4.0
1080,natalia ninez rios,73,M,recurrente,email_invalido,1.0
1081,raul espana penia,32,F,potencial,email_invalido,9.0
1082,claudia cifuentes espana,45,F,potencial,email_invalido,9.0
1083,veronica fernandez herrera,22,M,nuevo,email_invalido,12.0
1084,raul dominguez castano,52,M,vip,email_invalido,
1085,veronica espana gutierrez,45,F,potencial,email_invalido,5.0
1086,claudia espania herrera,51,M,empresarial,email_invalido,4.0
1087,natalia cruz fernandez,67,F,empresarial,email_invalido,11.0
1088,felipe sanchez rios,52,M,potencial,email_invalido,3.0
1089,ricardo vargas espana,38,F,recurrente,email_invalido,7.0
1090,patricia ospina sanchez,27,F,nuevo,email_invalido,11.0
1091,paola moreno fernandez,44,M,potencial,email_invalido,
1092,sofia herrera castanio,30,F,vip,email_invalido,2.0
1093,claudia niniez ramirez,70,F,empresarial,email_invalido,2.0
1094,alvaro gonzalez ospina,27,M,vip,email_invalido,9.0
1095,monica vargas ospina,58,F,vip,email_invalido,5.0
1096,sofia perez dominguez,28,F,empresarial,email_invalido,3.0
1097,felipe munoz ramirez,57,F,empresarial,email_invalido,12.0
1098,daniela castano rodriguez,70,F,recurrente,email_invalido,1.0
1099,carolina fernandez vargas,30,M,vip,email_invalido,2.0
1100,felipe ramirez rios,100,F,empresarial,no_identificado,11.0
1101,hernan ramirez herrera,51,M,nuevo,email_invalido,
1102,paola herrera rodriguez,30,F,empresarial,email_invalido,
1103,benjamin ospina herrera,58,F,vip,email_invalido,3.0
1104,valentina fernandez perez,36,M,nuevo,email_invalido,7.0
1105,daniela sanchez castano,29,F,vip,email_invalido,7.0
1106,andres alvarez lopez,20,M,potencial,email_invalido,9.0
1107,maria toro garcia,21,F,potencial,email_invalido,6.0
1108,alejandro munoz garcia,54,M,empresarial,email_invalido,6.0
1109,diego toro rios,33,M,potencial,email_invalido,8.0
1110,diego martinez toro,56,M,empresarial,email_invalido,9.0
1111,andres sanchez moreno,21,F,potencial,email_invalido,
1112,carolina espania munoz,72,M,recurrente,email_invalido,9.0
1113,laura munoz perez,45,F,empresarial,email_invalido,10.0
1114,patricia alvarez rodriguez,31,M,potencial,email_invalido,
1115,felipe herrera cardenas,68,F,potencial,email_invalido,4.0
1116,jesus moreno herrera,61,F,vip,email_invalido,3.0
1117,raul cruz rodriguez,23,F,empresarial,email_invalido,
1118,daniela garcia fernandez,31,F,empresarial,email_invalido,
1119,hernan ninez niniez,77,M,vip,email_invalido,7.0
1120,alejandro gonzalez martinez,19,F,vip,email_invalido,
1121,carolina rios rios,52,M,vip,email_invalido,
1122,daniela martinez alvarez,65,M,nuevo,email_invalido,12.0
1123,andres perez ninez,30,F,vip,email_invalido,5.0
1124,angela lopez ramirez,49,F,empresarial,email_invalido,9.0
1125,natalia munoz castanio,40,F,potencial,email_invalido,8.0
1126,jesus gonzalez ninez,61,F,potencial,email_invalido,7.0
1127,raul castanio pena,28,M,empresarial,email_invalido,11.0
1128,daniela cifuentes cifuentes,38,F,potencial,email_invalido,4.0
1129,mauricio dominguez rios,23,F,nuevo,email_invalido,8.0
1130,carolina castano munioz,38,M,vip,email_invalido,10.0
1131,julian alvarez cifuentes,79,F,potencial,email_invalido,
1132,angela lopez perez,41,M,potencial,email_invalido,3.0
1133,veronica fernandez garcia,65,M,recurrente,no_identificado,5.0
1134,camilo perez ninez,52,M,empresarial,no_identificado,8.0
1135,patricia sanchez toro,69,F,potencial,email_invalido,7.0
1136,raul cardenas fernandez,55,F,potencial,email_invalido,8.0
1137,sebastian pena cifuentes,36,F,empresarial,email_invalido,
1138,benjamin sanchez ospina,47,F,nuevo,email_invalido,9.0
1139,alvaro sanchez herrera,68,F,empresarial,email_invalido,5.0
1140,andres garcia herrera,68,M,nuevo,email_invalido,
1141,mauricio alvarez rodriguez,70,F,nuevo,email_invalido,10.0
1142,hernan moreno munoz,54,F,empresarial,email_invalido,2.0
1143,monica martinez toro,61,M,vip,email_invalido,4.0
1144,maria niniez martinez,52,M,nuevo,email_invalido,9.0
1145,andres ramirez ospina,50,F,recurrente,email_invalido,9.0
1146,alvaro dominguez vargas,41,F,recurrente,email_invalido,2.0
1147,andres cruz ramirez,22,F,recurrente,no_identificado,9.0
1148,patricia alvarez cardenas,36,F,vip,no_identificado,6.0
1149,natalia munoz castano,55,M,empresarial,email_invalido,12.0
1150,angela gutierrez moreno,39,M,recurrente,email_invalido,8.0
1151,laura martinez dominguez,66,F,empresarial,email_invalido,5.0
1152,natalia castanio moreno,45,F,nuevo,email_invalido,
1153,laura espania ramirez,30,F,potencial,email_invalido,4.0
1154,natalia pena toro,32,F,recurrente,no_identificado,2.0
1155,angela sanchez moreno,27,M,recurrente,email_invalido,2.0
1156,alvaro fernandez ramirez,64,M,empresarial,email_invalido,
1157,alejandro cardenas moreno,32,M,vip,email_invalido,6.0
1158,claudia ospina toro,27,F,vip,email_invalido,1.0
1159,jesus espania rios,31,M,nuevo,email_invalido,2.0
1160,felipe moreno moreno,53,F,vip,email_invalido,
1161,claudia sanchez cardenas,42,F,empresarial,email_invalido,
1162,paola dominguez castanio,21,M,recurrente,email_invalido,2.0
1163,jose garcia cifuentes,30,M,empresarial,no_identificado,4.0
1164,sofia sanchez martinez,80,M,nuevo,email_invalido,11.0
1165,carolina cardenas vargas,31,M,potencial,email_invalido,12.0
1166,daniela herrera lopez,73,F,recurrente,email_invalido,
1167,daniela moreno perez,38,M,empresarial,email_invalido,8.0
1168,natalia vargas garcia,54,F,potencial,email_invalido,7.0
1169,alejandro niniez gonzalez,60,M,nuevo,email_invalido,12.0
1170,laura ospina vargas,52,F,potencial,email_invalido,
1171,sebastian cruz rios,45,M,recurrente,email_invalido,10.0
1172,paola cardenas vargas,33,M,vip,email_invalido,
1173,andres ninez gutierrez,30,M,empresarial,email_invalido,8.0
1174,patricia gonzalez cruz,27,F,empresarial,no_identificado,2.0
1175,maria fernandez rodriguez,34,F,recurrente,email_invalido,1.0
1176,jose moreno castano,56,F,vip,email_invalido,2.0
1177,alvaro castanio herrera,66,F,vip,email_invalido,8.0
1178,laura espania castano,18,F,empresarial,email_invalido,10.0
1179,laura perez sanchez,55,M,vip,email_invalido,2.0
1180,andres gutierrez ramirez,59,F,potencial,email_invalido,6.0
1181,carolina moreno ospina,30,F,vip,email_invalido,12.0
1182,ricardo alvarez espania,56,F,potencial,email_invalido,
1183,monica garcia gutierrez,59,F,nuevo,email_invalido,10.0
1184,raul castanio dominguez,56,M,potencial,email_invalido,8.0
1185,alvaro fernandez dominguez,44,M,potencial,email_invalido,
1186,raul rodriguez espania,80,F,recurrente,email_invalido,3.0
1187,monica garcia garcia,68,M,vip,email_invalido,
1188,maria alvarez penia,39,F,empresarial,email_invalido,
1189,felipe ramirez gonzalez,75,M,vip,email_invalido,2.0
1190,hernan ospina sanchez,64,M,empresarial,email_invalido,11.0
1191,alejandro ospina pena,44,M,empresarial,email_invalido,9.0
1192,alvaro ospina moreno,66,M,nuevo,email_invalido,
1193,claudia moreno sanchez,21,M,recurrente,email_invalido,8.0
1194,patricia gonzalez vargas,71,F,recurrente,email_invalido,8.0
1195,hernan cruz penia,35,F,recurrente,email_invalido,1.0
1196,julian ramirez ospina,28,M,nuevo,email_invalido,
1197,paola cardenas cifuentes,30,F,vip,email_invalido,6.0
1198,sofia ramirez gutierrez,59,F,empresarial,no_identificado,12.0
1199,raul alvarez lopez,29,M,empresarial,email_invalido,1.0
1200,sebastian rodriguez perez,21,M,empresarial,email_invalido,
1201,claudia ospina alvarez,37,M,vip,email_invalido,5.0
1202,daniela ospina ospina,68,M,potencial,email_invalido,1.0
1203,felipe munioz cardenas,38,M,potencial,email_invalido,
1204,patricia cardenas martinez,63,F,recurrente,email_invalido,11.0
1205,claudia gonzalez herrera,35,M,nuevo,email_invalido,3.0
1206,ricardo lopez fernandez,40,F,potencial,email_invalido,5.0
1207,claudia lopez martinez,71,F,empresarial,email_invalido,7.0
1208,veronica munioz ramirez,30,M,potencial,email_invalido,
1209,sofia garcia lopez,49,M,empresarial,email_invalido,8.0
1210,valentina vargas fernandez,74,F,empresarial,email_invalido,7.0
1211,daniela garcia garcia,28,M,empresarial,email_invalido,10.0
1212,alejandro perez rios,52,M,nuevo,email_invalido,
1213,diego cardenas martinez,45,F,nuevo,email_invalido,6.0
1214,natalia espania martinez,71,M,vip,email_invalido,
1215,laura rios herrera,30,M,potencial,email_invalido,6.0
1216,jose moreno rios,52,F,recurrente,email_invalido,
1217,sofia rodriguez cifuentes,24,M,nuevo,email_invalido,12.0
1218,andres toro cardenas,30,F,nuevo,email_invalido,8.0
1219,andres ospina ramirez,77,M,potencial,email_invalido,
1220,claudia penia martinez,70,M,empresarial,email_invalido,3.0
1221,mauricio dominguez martinez,55,M,recurrente,email_invalido,4.0
1222,hernan niniez ospina,53,M,recurrente,email_invalido,1.0
1223,felipe rodriguez cruz,66,M,vip,email_invalido,5.0
1224,andres dominguez espania,51,F,recurrente,email_invalido,
1225,patricia cifuentes martinez,47,F,vip,email_invalido,10.0
1226,diego fernandez gonzalez,41,F,empresarial,no_identificado,
1227,felipe espania rodriguez,47,M,vip,email_invalido,1.0
1228,sebastian martinez castano,74,F,nuevo,email_invalido,
1229,jesus cifuentes lopez,30,M,nuevo,email_invalido,4.0
1230,raul munoz perez,75,F,recurrente,email_invalido,8.0
1231,monica vargas garcia,49,F,vip,email_invalido,11.0
1232,sebastian ramirez martinez,74,M,recurrente,email_invalido,12.0
1233,diego herrera munoz,69,M,empresarial,email_invalido,6.0
1234,camilo moreno gonzalez,21,F,potencial,email_invalido,12.0
1235,patricia espania munioz,68,F,potencial,email_invalido,3.0
1236,julian espana vargas,62,F,vip,no_identificado,8.0
1237,benjamin herrera rios,21,F,nuevo,no_identificado,4.0
1238,daniela gonzalez lopez,40,F,empresarial,email_invalido,5.0
1239,daniela sanchez ospina,38,M,recurrente,email_invalido,
1240,monica ospina cardenas,26,M,recurrente,email_invalido,6.0
1241,raul vargas ninez,49,M,potencial,email_invalido,
1242,ricardo ospina sanchez,72,F,nuevo,email_invalido,
1243,patricia fernandez martinez,22,M,potencial,email_invalido,5.0
1244,carolina cifuentes ramirez,30,M,nuevo,email_invalido,4.0
1245,patricia vargas castanio,23,F,empresarial,email_invalido,10.0
1246,andres ninez munioz,27,M,potencial,email_invalido,8.0
1247,maria niniez castanio,29,F,nuevo,email_invalido,9.0
1248,patricia ospina dominguez,30,F,empresarial,email_invalido,8.0
1249,benjamin lopez penia,22,M,potencial,email_invalido,4.0
1250,sebastian lopez moreno,71,F,empresarial,email_invalido,12.0
1251,veronica fernandez espana,30,F,nuevo,email_invalido,10.0
1252,ricardo espana ospina,56,M,vip,email_invalido,
1253,jesus cruz toro,30,M,nuevo,email_invalido,3.0
1254,maria munioz pena,24,M,empresarial,email_invalido,12.0
1255,natalia vargas munoz,51,M,potencial,email_invalido,7.0
1256,natalia espania perez,75,F,vip,email_invalido,5.0
1257,jose sanchez martinez,70,M,recurrente,email_invalido,7.0
1258,valentina perez sanchez,65,F,vip,email_invalido,4.0
1259,paola ramirez garcia,35,F,recurrente,email_invalido,6.0
1260,sebastian moreno pena,43,M,vip,email_invalido,4.0
1261,veronica pena ramirez,76,M,potencial,email_invalido,8.0
1262,hernan herrera ospina,40,M,vip,email_invalido,5.0
1263,julian cifuentes rodriguez,100,F,vip,email_invalido,
1264,alejandro ospina gutierrez,48,M,recurrente,email_invalido,2.0
1265,sofia garcia moreno,45,F,recurrente,email_invalido,10.0
1266,daniela perez castano,66,F,potencial,email_invalido,12.0
1267,julian moreno moreno,62,M,nuevo,email_invalido,1.0
1268,raul garcia ninez,30,F,empresarial,email_invalido,1.0
1269,diego fernandez herrera,57,M,potencial,email_invalido,9.0
1270,carolina cardenas ninez,43,F,recurrente,email_invalido,2.0
1271,mauricio sanchez gonzalez,26,F,nuevo,email_invalido,7.0
1272,alvaro lopez garcia,45,F,potencial,email_invalido,5.0
1273,andres munoz espania,30,F,empresarial,no_identificado,13.0
1274,hernan niniez cifuentes,40,M,nuevo,email_invalido,6.0
1275,natalia cifuentes alvarez,78,F,empresarial,email_invalido,
1276,jose ramirez lopez,30,F,empresarial,email_invalido,9.0
1277,natalia vargas fernandez,79,F,vip,email_invalido,8.0
1278,veronica alvarez penia,24,M,empresarial,email_invalido,
1279,alvaro niniez gonzalez,54,F,vip,email_invalido,
1280,carolina espania ospina,23,M,vip,email_invalido,1.0
1281,alejandro perez herrera,56,M,nuevo,email_invalido,12.0
1282,benjamin dominguez alvarez,59,F,vip,email_invalido,
1283,daniela cifuentes garcia,80,F,potencial,email_invalido,7.0
1284,benjamin gutierrez lopez,34,M,vip,email_invalido,
1285,alvaro moreno dominguez,79,F,potencial,no_identificado,2.0
1286,paola alvarez moreno,68,F,recurrente,email_invalido,3.0
1287,valentina espana niniez,42,M,empresarial,email_invalido,
1288,laura castanio dominguez,34,M,recurrente,email_invalido,3.0
1289,felipe castano gonzalez,29,M,vip,email_invalido,
1290,angela vargas rodriguez,22,F,nuevo,email_invalido,11.0
1291,jesus moreno gonzalez,30,F,vip,email_invalido,1.0
1292,maria cifuentes garcia,18,F,nuevo,email_invalido,1.0
1293,julian cardenas garcia,30,F,vip,no_identificado,
1294,mauricio toro rodriguez,57,M,nuevo,email_invalido,9.0
1295,veronica rodriguez sanchez,40,M,empresarial,email_invalido,3.0
1296,angela rios ospina,74,F,empresarial,email_invalido,3.0
1297,maria gutierrez sanchez,35,F,recurrente,email_invalido,2.0
1298,alejandro toro ramirez,80,M,potencial,email_invalido,
1299,hernan cardenas perez,56,F,nuevo,email_invalido,13.0
1300,benjamin dominguez cifuentes,48,M,vip,email_invalido,1.0
1301,alvaro fernandez gonzalez,32,M,empresarial,email_invalido,10.0
1302,sebastian rodriguez munoz,78,M,nuevo,email_invalido,7.0
1303,jose moreno ramirez,25,M,empresarial,email_invalido,10.0
1304,julian vargas cardenas,79,F,recurrente,email_invalido,
1305,veronica herrera castanio,40,M,nuevo,email_invalido,9.0
1306,monica herrera martinez,71,F,nuevo,email_invalido,10.0
1307,paola vargas garcia,56,M,potencial,email_invalido,2.0
1308,angela lopez cruz,38,F,recurrente,email_invalido,
1309,alejandro sanchez herrera,35,F,nuevo,email_invalido,
1310,angela martinez martinez,24,F,empresarial,email_invalido,
1311,felipe lopez cruz,47,F,vip,email_invalido,3.0
1312,camilo toro rios,27,F,vip,email_invalido,9.0
1313,alvaro sanchez perez,95,M,vip,email_invalido,5.0
1314,paola sanchez cifuentes,50,F,nuevo,email_invalido,
1315,paola vargas rios,18,F,potencial,email_invalido,
1316,angela garcia dominguez,59,M,potencial,email_invalido,9.0
1317,veronica fernandez fernandez,30,F,potencial,email_invalido,7.0
1318,carolina martinez vargas,30,F,nuevo,email_invalido,
1319,alejandro ramirez munoz,30,M,nuevo,email_invalido,1.0
1320,carolina lopez rodriguez,46,M,potencial,email_invalido,11.0
1321,natalia pena alvarez,80,M,empresarial,email_invalido,4.0
1322,felipe perez ninez,18,F,recurrente,email_invalido,
1323,alvaro alvarez cifuentes,69,F,empresarial,email_invalido,9.0
1324,julian munioz sanchez,69,F,recurrente,email_invalido,1.0
1325,ricardo herrera ninez,51,F,recurrente,email_invalido,
1326,natalia cardenas dominguez,22,M,nuevo,no_identificado,12.0
1327,julian cardenas dominguez,79,M,nuevo,email_invalido,11.0
1328,felipe alvarez niniez,36,M,recurrente,email_invalido,12.0
1329,veronica munioz cardenas,26,F,recurrente,email_invalido,2.0
1330,patricia perez vargas,33,F,recurrente,email_invalido,10.0
1331,natalia alvarez ramirez,60,M,potencial,email_invalido,
1332,sofia perez cardenas,31,M,recurrente,email_invalido,9.0
1333,daniela lopez alvarez,44,F,recurrente,email_invalido,2.0
1334,daniela espana niniez,57,M,nuevo,email_invalido,10.0
1335,julian cruz moreno,76,F,recurrente,email_invalido,5.0
1336,mauricio cifuentes lopez,35,M,vip,email_invalido,1.0
1337,monica gutierrez garcia,30,M,empresarial,email_invalido,4.0
1338,daniela rios alvarez,39,M,potencial,email_invalido,9.0
1339,daniela ramirez vargas,78,F,potencial,email_invalido,13.0
1340,sofia munoz cifuentes,30,M,recurrente,email_invalido,
1341,veronica rodriguez garcia,63,F,nuevo,email_invalido,5.0
1342,laura gonzalez sanchez,31,F,vip,email_invalido,8.0
1343,alejandro rios herrera,45,M,empresarial,email_invalido,10.0
1344,mauricio herrera ninez,78,M,potencial,email_invalido,8.0
1345,paola garcia vargas,30,M,recurrente,no_identificado,10.0
1346,monica rodriguez vargas,20,F,nuevo,email_invalido,1.0
1347,diego herrera gutierrez,33,M,empresarial,email_invalido,12.0
1348,sofia gonzalez garcia,66,M,vip,no_identificado,2.0
1349,hernan pena munoz,19,F,potencial,email_invalido,7.0
1350,angela sanchez ramirez,30,M,potencial,email_invalido,
1351,veronica gutierrez penia,59,F,nuevo,email_invalido,
1352,sofia moreno rodriguez,39,M,empresarial,email_invalido,12.0
1353,alvaro cifuentes martinez,47,F,recurrente,email_invalido,5.0
1354,alvaro fernandez perez,73,F,empresarial,email_invalido,
1355,diego perez castano,36,F,nuevo,email_invalido,8.0
1356,jose gutierrez pena,30,M,vip,email_invalido,10.0
1357,natalia toro niniez,41,M,empresarial,email_invalido,11.0
1358,angela ramirez dominguez,68,M,nuevo,email_invalido,9.0
1359,julian cruz castanio,64,M,nuevo,email_invalido,4.0
1360,patricia herrera rios,77,F,recurrente,email_invalido,4.0
1361,andres munoz martinez,60,F,empresarial,email_invalido,13.0
1362,mauricio castano castanio,20,M,nuevo,email_invalido,6.0
1363,maria perez sanchez,73,M,empresarial,email_invalido,
1364,veronica gutierrez gutierrez,18,M,potencial,email_invalido,12.0
1365,monica toro vargas,41,M,vip,email_invalido,
1366,jesus martinez espana,77,F,recurrente,email_invalido,7.0
1367,diego castano toro,30,M,vip,email_invalido,12.0
1368,julian sanchez gonzalez,75,M,nuevo,email_invalido,7.0
1369,alejandro alvarez perez,54,M,recurrente,email_invalido,1.0
1370,ricardo gutierrez moreno,66,M,nuevo,email_invalido,4.0
1371,veronica martinez gutierrez,61,M,recurrente,email_invalido,12.0
1372,hernan dominguez dominguez,61,F,potencial,email_invalido,7.0
1373,ricardo rodriguez perez,65,F,recurrente,email_invalido,13.0
1374,felipe garcia moreno,34,M,empresarial,email_invalido,5.0
1375,paola gonzalez ospina,61,M,vip,email_invalido,
1376,natalia garcia toro,65,F,recurrente,email_invalido,4.0
1377,mauricio herrera rodriguez,36,F,recurrente,email_invalido,
1378,julian vargas moreno,55,M,recurrente,email_invalido,7.0
1379,raul niniez lopez,37,F,recurrente,email_invalido,9.0
1380,paola cardenas fernandez,37,M,nuevo,email_invalido,
1381,natalia fernandez cardenas,72,M,recurrente,email_invalido,1.0
1382,alejandro gonzalez pena,40,M,empresarial,email_invalido,12.0
1383,monica lopez rodriguez,18,M,vip,email_invalido,
1384,benjamin ninez cardenas,25,F,recurrente,email_invalido,12.0
1385,andres perez cruz,36,M,vip,email_invalido,9.0
1386,patricia niniez garcia,72,F,vip,email_invalido,6.0
1387,hernan gonzalez perez,42,F,nuevo,email_invalido,2.0
1388,patricia cruz rodriguez,30,M,empresarial,email_invalido,
1389,valentina rios gutierrez,61,F,nuevo,email_invalido,11.0
1390,mauricio vargas munoz,40,M,empresarial,email_invalido,
1391,laura espania toro,30,M,empresarial,email_invalido,12.0
1392,carolina cifuentes alvarez,18,F,nuevo,email_invalido,9.0
1393,sebastian garcia toro,47,F,vip,email_invalido,12.0
1394,natalia toro cardenas,36,M,empresarial,email_invalido,10.0
1395,daniela munioz garcia,54,M,recurrente,email_invalido,9.0
1396,camilo toro lopez,61,F,recurrente,email_invalido,11.0
1397,mauricio fernandez niniez,18,M,recurrente,email_invalido,5.0
1398,veronica alvarez moreno,74,M,nuevo,email_invalido,4.0
1399,ricardo gutierrez rodriguez,20,F,empresarial,email_invalido,
1400,paola gutierrez gutierrez,55,M,vip,email_invalido,10.0
1401,carolina dominguez munioz,30,M,nuevo,email_invalido,7.0
1402,natalia lopez sanchez,61,F,recurrente,email_invalido,2.0
1403,monica gonzalez herrera,18,F,potencial,email_invalido,5.0
1404,hernan cardenas ospina,29,F,vip,email_invalido,13.0
1405,alvaro rios vargas,53,M,recurrente,email_invalido,8.0
1406,mauricio herrera vargas,49,M,empresarial,email_invalido,10.0
1407,raul herrera fernandez,61,M,vip,email_invalido,1.0
1408,sofia sanchez sanchez,79,M,vip,email_invalido,2.0
1409,ricardo vargas martinez,45,F,empresarial,email_invalido,6.0
1410,carolina garcia rios,27,M,potencial,email_invalido,8.0
1411,paola gutierrez rodriguez,42,M,vip,email_invalido,7.0
1412,alejandro penia toro,20,F,empresarial,email_invalido,11.0
1413,monica toro rios,36,F,empresarial,no_identificado,8.0
1414,alejandro toro dominguez,56,F,recurrente,email_invalido,9.0
1415,alvaro toro cruz,66,M,recurrente,email_invalido,2.0
1416,felipe gonzalez penia,47,F,empresarial,email_invalido,
1417,daniela munioz toro,75,M,recurrente,email_invalido,8.0
1418,carolina vargas alvarez,22,F,recurrente,email_invalido,9.0
1419,hernan toro rodriguez,79,F,potencial,email_invalido,
1420,julian lopez fernandez,30,M,potencial,no_identificado,8.0
1421,angela cardenas castano,41,M,potencial,no_identificado,4.0
1422,camilo cifuentes cifuentes,47,M,empresarial,email_invalido,3.0
1423,carolina gonzalez gonzalez,60,F,empresarial,email_invalido,
1424,alvaro fernandez toro,57,F,potencial,email_invalido,
1425,camilo dominguez cardenas,23,F,recurrente,no_identificado,2.0
1426,natalia dominguez moreno,30,F,nuevo,email_invalido,
1427,hernan garcia sanchez,23,F,vip,no_identificado,6.0
1428,daniela herrera castanio,19,F,nuevo,email_invalido,7.0
1429,sebastian vargas alvarez,70,M,vip,email_invalido,12.0
1430,carolina ramirez rodriguez,20,F,vip,email_invalido,13.0
1431,diego gonzalez moreno,30,M,empresarial,email_invalido,9.0
1432,sofia ramirez castanio,36,M,recurrente,email_invalido,4.0
1433,patricia cardenas garcia,30,M,nuevo,email_invalido,5.0
1434,veronica moreno ninez,30,F,potencial,email_invalido,8.0
1435,valentina garcia toro,42,M,recurrente,no_identificado,
1436,andres espania dominguez,51,M,nuevo,email_invalido,10.0
1437,valentina moreno moreno,23,F,empresarial,email_invalido,9.0
1438,carolina martinez ramirez,55,F,recurrente,email_invalido,10.0
1439,daniela alvarez gutierrez,68,M,empresarial,email_invalido,
1440,veronica martinez sanchez,69,M,empresarial,email_invalido,12.0
1441,valentina perez castano,29,M,nuevo,email_invalido,4.0
1442,veronica herrera rios,68,F,potencial,email_invalido,7.0
1443,felipe cifuentes rios,30,F,vip,email_invalido,
1444,diego ninez cifuentes,55,M,potencial,email_invalido,
1445,jose garcia perez,50,F,recurrente,email_invalido,2.0
1446,raul toro cifuentes,70,M,potencial,email_invalido,11.0
1447,patricia rodriguez munioz,27,M,nuevo,no_identificado,1.0
1448,natalia sanchez cifuentes,47,M,nuevo,email_invalido,12.0
1449,alvaro vargas perez,43,F,recurrente,email_invalido,
1450,angela sanchez cruz,41,M,vip,email_invalido,11.0
1451,claudia dominguez rios,65,M,empresarial,email_invalido,7.0
1452,laura espana gutierrez,25,F,vip,email_invalido,
1453,sebastian ramirez vargas,29,M,recurrente,email_invalido,
1454,maria alvarez sanchez,55,F,recurrente,email_invalido,3.0
1455,jesus moreno dominguez,60,F,empresarial,email_invalido,6.0
1456,diego sanchez vargas,40,F,empresarial,email_invalido,
1457,laura sanchez ramirez,30,M,recurrente,email_invalido,8.0
1458,valentina espania alvarez,18,M,recurrente,email_invalido,10.0
1459,andres herrera munoz,50,F,empresarial,email_invalido,4.0
1460,andres dominguez ramirez,39,F,vip,email_invalido,7.0
1461,ricardo gonzalez cardenas,48,F,nuevo,email_invalido,5.0
1462,angela herrera cruz,22,F,potencial,email_invalido,11.0
1463,veronica fernandez ramirez,32,F,vip,email_invalido,13.0
1464,alvaro alvarez cruz,70,M,empresarial,email_invalido,10.0
1465,jose perez penia,32,M,potencial,email_invalido,5.0
1466,benjamin vargas espana,28,M,empresarial,no_identificado,10.0
1467,alejandro fernandez ninez,40,F,recurrente,email_invalido,7.0
1468,carolina rios rodriguez,30,F,recurrente,email_invalido,10.0
1469,benjamin rodriguez rios,30,F,empresarial,email_invalido,11.0
1470,jesus lopez castano,31,F,recurrente,email_invalido,6.0
1471,alvaro rios espana,80,M,nuevo,email_invalido,12.0
1472,hernan garcia cardenas,64,F,recurrente,email_invalido,1.0
1473,claudia herrera cruz,72,M,recurrente,email_invalido,9.0
1474,diego perez cardenas,48,M,empresarial,email_invalido,6.0
1475,alvaro cifuentes toro,53,M,vip,email_invalido,1.0
1476,carolina perez niniez,26,F,empresarial,email_invalido,4.0
1477,angela moreno castano,67,M,recurrente,email_invalido,7.0
1478,alvaro espania espana,23,M,nuevo,email_invalido,2.0
1479,ricardo moreno toro,67,M,empresarial,email_invalido,3.0
1480,natalia fernandez moreno,30,M,recurrente,email_invalido,
1481,hernan ospina cifuentes,30,F,vip,email_invalido,
1482,valentina moreno herrera,30,F,potencial,no_identificado,8.0
1483,alvaro ospina lopez,77,F,vip,email_invalido,13.0
1484,alejandro espania lopez,29,F,recurrente,no_identificado,4.0
1485,angela gonzalez gutierrez,32,M,vip,email_invalido,2.0
1486,laura fernandez garcia,45,M,empresarial,email_invalido,5.0
1487,benjamin rios perez,30,F,recurrente,email_invalido,3.0
1488,carolina martinez martinez,63,M,recurrente,email_invalido,
1489,jesus garcia rodriguez,48,F,empresarial,email_invalido,11.0
1490,veronica toro perez,53,F,nuevo,email_invalido,
1491,angela moreno martinez,75,F,nuevo,email_invalido,11.0
1492,benjamin rodriguez cruz,32,F,vip,email_invalido,
1493,raul espania dominguez,71,F,nuevo,email_invalido,
1494,alejandro dominguez castanio,35,F,recurrente,email_invalido,2.0
1495,hernan vargas cruz,63,M,nuevo,email_invalido,1.0
1496,jose lopez gutierrez,66,F,recurrente,email_invalido,9.0
1497,camilo perez toro,39,M,potencial,no_identificado,5.0
1498,jose penia perez,52,F,nuevo,email_invalido,5.0
1499,felipe sanchez vargas,61,M,potencial,email_invalido,5.0
1500,daniela cifuentes moreno,34,M,recurrente,email_invalido,11.0
1501,claudia rodriguez dominguez,37,M,potencial,email_invalido,4.0
1502,andres cruz ramirez,62,F,vip,email_invalido,6.0
1503,valentina lopez lopez,18,M,recurrente,email_invalido,7.0
1504,monica vargas rodriguez,63,F,vip,email_invalido,13.0
1505,jesus toro rodriguez,67,F,vip,email_invalido,2.0
1506,daniela gonzalez ospina,25,F,potencial,no_identificado,4.0
1507,jose dominguez dominguez,29,M,recurrente,email_invalido,10.0
1508,patricia alvarez lopez,43,M,nuevo,email_invalido,4.0
1509,sofia ospina vargas,77,F,empresarial,email_invalido,7.0
1510,valentina lopez rios,32,M,empresarial,email_invalido,6.0
1511,sebastian espania rios,44,M,recurrente,email_invalido,7.0
1512,benjamin perez rios,30,F,potencial,email_invalido,3.0
1513,daniela fernandez lopez,30,F,empresarial,email_invalido,4.0
1514,felipe espana fernandez,21,F,potencial,email_invalido,1.0
1515,diego espana cifuentes,54,F,vip,email_invalido,4.0
1516,patricia gutierrez ospina,74,F,nuevo,no_identificado,12.0
1517,mauricio cruz garcia,42,M,nuevo,email_invalido,7.0
1518,diego ramirez moreno,35,F,recurrente,email_invalido,1.0
1519,andres rodriguez toro,78,F,potencial,email_invalido,
1520,hernan sanchez gutierrez,36,F,nuevo,email_invalido,
1521,monica fernandez perez,58,M,empresarial,email_invalido,1.0
1522,raul alvarez perez,50,F,vip,email_invalido,9.0
1523,hernan castanio garcia,75,M,potencial,email_invalido,10.0
1524,carolina gutierrez gutierrez,80,M,vip,email_invalido,12.0
1525,sebastian gutierrez moreno,20,M,potencial,email_invalido,2.0
1526,diego garcia castano,32,F,potencial,no_identificado,
1527,hernan castanio dominguez,31,M,potencial,email_invalido,
1528,camilo pena perez,55,M,vip,email_invalido,7.0
1529,raul moreno munoz,67,M,vip,email_invalido,8.0
1530,diego ramirez cruz,62,M,recurrente,email_invalido,
1531,daniela cardenas rodriguez,33,F,recurrente,no_identificado,8.0
1532,ricardo ospina penia,76,M,empresarial,email_invalido,3.0
1533,laura cardenas vargas,69,F,potencial,email_invalido,1.0
1534,monica pena penia,39,F,recurrente,email_invalido,2.0
1535,raul alvarez rios,19,M,potencial,email_invalido,4.0
1536,sofia rios espana,50,F,potencial,email_invalido,
1537,laura pena dominguez,35,M,potencial,email_invalido,7.0
1538,daniela martinez rios,44,F,recurrente,email_invalido,
1539,alejandro niniez herrera,28,M,recurrente,email_invalido,3.0
1540,camilo ospina gonzalez,71,F,empresarial,email_invalido,8.0
1541,sebastian pena moreno,30,F,potencial,no_identificado,5.0
1542,daniela castanio cifuentes,73,M,empresarial,email_invalido,
1543,alejandro cardenas herrera,27,F,empresarial,email_invalido,3.0
1544,julian sanchez cruz,66,M,empresarial,email_invalido,12.0
1545,mauricio lopez herrera,43,M,nuevo,email_invalido,5.0
1546,veronica dominguez garcia,51,M,empresarial,email_invalido,8.0
1547,angela pena martinez,64,F,nuevo,no_identificado,6.0
1548,ricardo sanchez ramirez,68,M,empresarial,email_invalido,9.0
1549,alvaro fernandez garcia,53,M,empresarial,email_invalido,2.0
1550,jesus ospina toro,54,M,vip,email_invalido,9.0
1551,jose rodriguez alvarez,22,M,empresarial,email_invalido,3.0
1552,carolina espania alvarez,50,F,potencial,email_invalido,4.0
1553,mauricio castanio rios,40,F,recurrente,email_invalido,6.0
1554,monica martinez perez,79,F,recurrente,email_invalido,2.0
1555,natalia pena cruz,47,F,nuevo,no_identificado,
1556,hernan rodriguez ospina,40,F,recurrente,email_invalido,
1557,laura castano sanchez,19,M,vip,email_invalido,9.0
1558,monica toro alvarez,29,F,potencial,email_invalido,2.0
1559,julian espana alvarez,79,M,recurrente,email_invalido,
1560,claudia dominguez gonzalez,38,M,nuevo,email_invalido,
1561,angela pena espana,59,M,recurrente,email_invalido,4.0
1562,patricia rios castano,41,M,potencial,email_invalido,9.0
1563,sebastian gonzalez espania,37,F,nuevo,no_identificado,11.0
1564,daniela perez dominguez,84,M,potencial,email_invalido,9.0
1565,camilo niniez castano,41,M,nuevo,email_invalido,2.0
1566,daniela pena gonzalez,65,F,recurrente,email_invalido,
1567,valentina martinez vargas,74,M,nuevo,email_invalido,4.0
1568,carolina lopez cruz,47,M,potencial,no_identificado,12.0
1569,mauricio fernandez martinez,92,F,potencial,email_invalido,11.0
1570,natalia martinez toro,34,F,empresarial,email_invalido,12.0
1571,monica perez lopez,37,M,empresarial,email_invalido,6.0
1572,jose niniez lopez,23,M,nuevo,email_invalido,
1573,alvaro moreno toro,18,M,recurrente,email_invalido,3.0
1574,paola perez espania,64,F,nuevo,email_invalido,10.0
1575,mauricio ospina ospina,32,F,vip,email_invalido,
1576,veronica martinez dominguez,19,F,potencial,email_invalido,5.0
1577,jose ramirez penia,30,F,empresarial,no_identificado,7.0
1578,daniela ramirez cardenas,27,M,vip,email_invalido,
1579,jesus rodriguez dominguez,46,F,empresarial,email_invalido,5.0
1580,mauricio cifuentes pena,72,F,nuevo,email_invalido,
1581,ricardo munoz rios,65,F,potencial,no_identificado,
1582,raul vargas moreno,71,M,nuevo,email_invalido,5.0
1583,jose ospina ospina,63,M,vip,email_invalido,7.0
1584,alejandro cruz cruz,18,M,recurrente,email_invalido,2.0
1585,ricardo vargas ramirez,68,M,potencial,email_invalido,5.0
1586,hernan cardenas gutierrez,19,M,recurrente,email_invalido,4.0
1587,julian vargas ramirez,35,F,potencial,email_invalido,8.0
1588,raul martinez ramirez,34,F,empresarial,email_invalido,3.0
1589,alejandro cardenas niniez,70,M,empresarial,email_invalido,11.0
1590,daniela gutierrez herrera,20,M,nuevo,email_invalido,8.0
1591,natalia sanchez vargas,26,M,nuevo,email_invalido,4.0
1592,felipe herrera rodriguez,46,F,potencial,email_invalido,
1593,raul toro dominguez,69,F,potencial,email_invalido,
1594,carolina vargas vargas,31,F,nuevo,no_identificado,12.0
1595,patricia perez herrera,28,M,empresarial,email_invalido,2.0
1596,diego perez munioz,48,M,nuevo,email_invalido,12.0
1597,laura garcia martinez,61,M,potencial,no_identificado,
1598,jesus toro rios,30,M,potencial,email_invalido,1.0
1599,ricardo niniez espana,78,F,vip,email_invalido,
1600,alvaro moreno ospina,22,M,empresarial,email_invalido,5.0
1601,laura espania ninez,37,M,recurrente,email_invalido,3.0
1602,julian gonzalez moreno,80,F,nuevo,email_invalido,9.0
1603,alvaro espana sanchez,45,M,empresarial,email_invalido,12.0
1604,mauricio vargas pena,70,F,empresarial,email_invalido,2.0
1605,paola martinez herrera,23,M,potencial,email_invalido,4.0
1606,raul cruz martinez,20,M,potencial,email_invalido,10.0
1607,mauricio ninez martinez,63,F,nuevo,email_invalido,4.0
1608,raul herrera vargas,51,M,empresarial,no_identificado,10.0
1609,andres rodriguez ospina,42,F,recurrente,email_invalido,9.0
1610,sofia cruz ospina,77,F,nuevo,no_identificado,2.0
1611,claudia pena toro,54,M,nuevo,email_invalido,
1612,daniela cardenas perez,30,M,potencial,email_invalido,7.0
1613,ricardo cifuentes dominguez,30,F,potencial,email_invalido,
1614,carolina gonzalez sanchez,71,F,recurrente,email_invalido,7.0
1615,valentina rios moreno,52,F,empresarial,email_invalido,
1616,natalia penia cruz,79,M,potencial,email_invalido,5.0
1617,laura rodriguez garcia,38,M,recurrente,email_invalido,
1618,sofia gutierrez vargas,24,M,vip,email_invalido,10.0
1619,diego lopez fernandez,22,M,vip,email_invalido,11.0
1620,raul gonzalez munioz,19,F,potencial,email_invalido,
1621,diego cruz herrera,38,F,empresarial,email_invalido,5.0
1622,felipe gonzalez ninez,30,F,empresarial,email_invalido,
1623,angela espana espania,47,F,nuevo,email_invalido,11.0
1624,monica fernandez castanio,40,F,nuevo,email_invalido,12.0
1625,sofia gonzalez vargas,19,M,empresarial,email_invalido,4.0
1626,camilo pena herrera,65,M,potencial,email_invalido,6.0
1627,alvaro fernandez alvarez,67,M,empresarial,email_invalido,3.0
1628,claudia fernandez niniez,75,M,recurrente,email_invalido,1.0
1629,alvaro lopez perez,73,F,empresarial,email_invalido,
1630,patricia cifuentes sanchez,41,M,nuevo,email_invalido,
1631,mauricio cardenas gutierrez,75,F,nuevo,email_invalido,8.0
1632,patricia ospina ospina,77,F,empresarial,no_identificado,
1633,hernan ospina perez,23,F,recurrente,email_invalido,12.0
1634,hernan cifuentes moreno,31,M,nuevo,email_invalido,6.0
1635,laura moreno gutierrez,52,M,empresarial,email_invalido,6.0
1636,alvaro rios alvarez,52,M,potencial,email_invalido,1.0
1637,hernan munoz herrera,49,M,potencial,email_invalido,13.0
1638,hernan niniez cifuentes,39,F,empresarial,no_identificado,5.0
1639,camilo castano ninez,31,F,vip,email_invalido,1.0
1640,ricardo martinez toro,37,F,recurrente,email_invalido,5.0
1641,monica cardenas ospina,24,F,empresarial,email_invalido,
1642,paola garcia ninez,30,F,recurrente,email_invalido,1.0
1643,ricardo espania vargas,79,M,nuevo,email_invalido,6.0
1644,alvaro niniez moreno,76,F,nuevo,email_invalido,12.0
1645,monica rodriguez ramirez,18,M,vip,email_invalido,7.0
1646,raul cruz herrera,53,F,recurrente,email_invalido,5.0
1647,jesus penia cifuentes,66,F,vip,email_invalido,12.0
1648,carolina espania ramirez,30,M,potencial,email_invalido,4.0
1649,alejandro pena castanio,30,M,nuevo,email_invalido,5.0
1650,felipe sanchez ramirez,61,M,recurrente,email_invalido,1.0
1651,sebastian espana toro,41,F,vip,email_invalido,8.0
1652,mauricio gonzalez cruz,53,F,potencial,email_invalido,4.0
1653,sofia sanchez gonzalez,26,F,vip,email_invalido,4.0
1654,benjamin martinez gonzalez,78,F,potencial,email_invalido,11.0
1655,alejandro toro martinez,34,M,vip,email_invalido,8.0
1656,sebastian gonzalez rios,58,M,nuevo,email_invalido,
1657,ricardo garcia gonzalez,78,M,potencial,email_invalido,2.0
1658,carolina espana cruz,38,F,vip,email_invalido,
1659,claudia ramirez rios,38,M,recurrente,email_invalido,12.0
1660,jesus lopez martinez,74,F,potencial,email_invalido,8.0
1661,hernan fernandez cruz,69,M,vip,email_invalido,5.0
1662,sebastian rodriguez dominguez,75,F,nuevo,email_invalido,11.0
1663,hernan cruz castano,47,M,recurrente,email_invalido,
1664,benjamin castanio ramirez,26,F,recurrente,email_invalido,12.0
1665,hernan gonzalez vargas,20,M,vip,email_invalido,8.0
1666,patricia cifuentes niniez,67,M,recurrente,email_invalido,1.0
1667,ricardo espana rodriguez,59,M,potencial,email_invalido,
1668,monica ospina perez,69,F,vip,email_invalido,
1669,veronica castanio moreno,66,F,potencial,email_invalido,7.0
1670,daniela toro gonzalez,69,M,nuevo,no_identificado,6.0
1671,julian gonzalez lopez,67,F,vip,email_invalido,4.0
1672,sofia castanio castanio,48,M,recurrente,email_invalido,
1673,benjamin ramirez sanchez,31,F,nuevo,email_invalido,
1674,patricia niniez perez,64,M,potencial,email_invalido,6.0
1675,valentina cifuentes perez,51,F,nuevo,email_invalido,12.0
1676,diego ninez gonzalez,35,F,empresarial,email_invalido,6.0
1677,camilo ninez garcia,37,F,potencial,no_identificado,12.0
1678,camilo espania ninez,77,M,empresarial,email_invalido,
1679,andres fernandez penia,20,F,recurrente,email_invalido,1.0
1680,valentina alvarez ramirez,70,M,potencial,email_invalido,9.0
1681,sofia munioz fernandez,19,M,vip,email_invalido,5.0
1682,mauricio toro ramirez,65,M,nuevo,email_invalido,
1683,alvaro penia rodriguez,47,M,potencial,email_invalido,
1684,jesus alvarez penia,61,F,vip,email_invalido,1.0
1685,maria garcia lopez,76,M,vip,email_invalido,9.0
1686,diego garcia cifuentes,27,F,potencial,email_invalido,
1687,sofia rodriguez cardenas,54,M,vip,email_invalido,
1688,valentina penia cardenas,62,F,vip,email_invalido,1.0
1689,paola niniez rodriguez,57,F,vip,no_identificado,10.0
1690,diego cifuentes ramirez,18,M,potencial,email_invalido,
1691,andres rios munoz,30,M,nuevo,email_invalido,12.0
1692,carolina munoz toro,68,F,recurrente,email_invalido,5.0
1693,sofia herrera martinez,75,M,potencial,email_invalido,9.0
1694,veronica ninez moreno,36,F,vip,email_invalido,
1695,paola gutierrez moreno,62,M,nuevo,email_invalido,11.0
1696,sofia moreno munoz,77,M,recurrente,email_invalido,11.0
1697,maria munioz herrera,39,M,recurrente,email_invalido,1.0
1698,raul martinez espana,51,M,recurrente,email_invalido,12.0
1699,alejandro sanchez dominguez,61,M,vip,email_invalido,
1700,maria perez gutierrez,38,M,recurrente,email_invalido,
1701,monica fernandez garcia,36,F,vip,email_invalido,8.0
1702,camilo perez perez,29,M,recurrente,email_invalido,
1703,felipe castanio garcia,57,F,vip,email_invalido,4.0
1704,jesus dominguez fernandez,57,F,vip,email_invalido,11.0
1705,raul rios cruz,29,M,recurrente,email_invalido,3.0
1706,ricardo espania fernandez,25,M,recurrente,email_invalido,2.0
1707,diego munioz toro,39,F,nuevo,email_invalido,10.0
1708,diego herrera alvarez,68,F,recurrente,email_invalido,5.0
1709,julian alvarez espana,45,F,recurrente,email_invalido,3.0
1710,natalia sanchez toro,41,F,nuevo,email_invalido,
1711,benjamin herrera penia,61,M,nuevo,email_invalido,3.0
1712,carolina munioz perez,68,F,nuevo,email_invalido,
1713,julian espana vargas,68,M,vip,email_invalido,
1714,natalia perez martinez,30,F,recurrente,email_invalido,4.0
1715,natalia martinez rodriguez,65,M,nuevo,email_invalido,9.0
1716,felipe dominguez cruz,68,M,potencial,email_invalido,6.0
1717,sofia garcia dominguez,30,M,nuevo,email_invalido,5.0
1718,raul sanchez rodriguez,55,M,potencial,email_invalido,
1719,mauricio rios vargas,79,M,empresarial,email_invalido,
1720,monica rodriguez fernandez,45,F,nuevo,email_invalido,10.0
1721,carolina toro herrera,68,M,empresarial,email_invalido,
1722,sofia martinez toro,30,M,empresarial,email_invalido,
1723,alejandro castano munioz,30,F,recurrente,email_invalido,11.0
1724,diego toro cruz,40,M,potencial,email_invalido,2.0
1725,jose toro niniez,30,F,empresarial,email_invalido,
1726,jesus fernandez ospina,59,M,potencial,email_invalido,
1727,patricia toro sanchez,36,F,recurrente,email_invalido,12.0
1728,claudia moreno perez,30,M,potencial,email_invalido,11.0
1729,claudia penia vargas,48,F,vip,email_invalido,10.0
1730,sofia perez vargas,63,F,nuevo,email_invalido,1.0
1731,andres moreno moreno,41,M,nuevo,no_identificado,6.0
1732,raul espana perez,81,M,vip,email_invalido,10.0
1733,patricia pena ospina,60,M,potencial,email_invalido,10.0
1734,mauricio ramirez alvarez,30,F,recurrente,email_invalido,4.0
1735,mauricio cardenas herrera,77,F,empresarial,email_invalido,
1736,laura vargas munioz,35,M,recurrente,email_invalido,
1737,claudia ospina pena,52,F,vip,no_identificado,12.0
1738,alvaro vargas martinez,59,M,vip,email_invalido,1.0
1739,angela cardenas munioz,58,F,vip,email_invalido,
1740,claudia cifuentes fernandez,27,F,recurrente,email_invalido,
1741,angela cifuentes gutierrez,75,F,nuevo,email_invalido,11.0
1742,alvaro cifuentes munoz,21,M,nuevo,email_invalido,1.0
1743,ricardo gonzalez munoz,67,M,potencial,email_invalido,10.0
1744,veronica rodriguez ramirez,30,F,recurrente,email_invalido,11.0
1745,benjamin rios pena,45,F,empresarial,email_invalido,7.0
1746,valentina garcia sanchez,59,M,recurrente,email_invalido,6.0
1747,benjamin gonzalez herrera,45,F,empresarial,email_invalido,4.0
1748,paola gonzalez sanchez,33,M,nuevo,email_invalido,1.0
1749,valentina cardenas perez,32,M,vip,email_invalido,2.0
1750,felipe cifuentes garcia,51,F,potencial,email_invalido,2.0
1751,claudia penia moreno,18,M,recurrente,email_invalido,4.0
1752,julian munoz rodriguez,50,F,vip,email_invalido,8.0
1753,valentina ramirez lopez,30,M,nuevo,no_identificado,10.0
1754,carolina alvarez martinez,27,M,empresarial,email_invalido,5.0
1755,monica fernandez gutierrez,35,M,nuevo,email_invalido,
1756,ricardo gonzalez garcia,18,F,nuevo,email_invalido,6.0
1757,ricardo cruz lopez,48,M,empresarial,email_invalido,6.0
1758,mauricio gutierrez sanchez,68,M,vip,email_invalido,
1759,hernan dominguez martinez,27,M,potencial,email_invalido,10.0
1760,sebastian fernandez alvarez,100,F,nuevo,email_invalido,12.0
1761,natalia cardenas rodriguez,30,M,nuevo,email_invalido,10.0
1762,angela ospina sanchez,19,F,recurrente,email_invalido,7.0
1763,alvaro lopez cifuentes,74,F,vip,email_invalido,7.0
1764,patricia munoz ospina,55,F,nuevo,email_invalido,10.0
1765,alejandro lopez rodriguez,71,F,vip,email_invalido,8.0
1766,veronica moreno munoz,64,M,potencial,email_invalido,9.0
1767,laura sanchez gonzalez,36,M,potencial,email_invalido,9.0
1768,alejandro martinez perez,24,M,recurrente,email_invalido,5.0
1769,benjamin lopez moreno,66,F,vip,email_invalido,11.0
1770,natalia perez garcia,64,M,vip,email_invalido,2.0
1771,camilo cifuentes cruz,62,M,nuevo,email_invalido,
1772,raul munioz herrera,49,M,vip,email_invalido,12.0
1773,monica dominguez cardenas,100,M,potencial,email_invalido,5.0
1774,carolina rodriguez perez,38,F,nuevo,email_invalido,
1775,sebastian herrera rios,30,F,nuevo,email_invalido,10.0
1776,andres vargas niniez,34,M,nuevo,email_invalido,
1777,natalia lopez gonzalez,30,F,nuevo,email_invalido,
1778,carolina herrera munoz,26,F,vip,email_invalido,2.0
1779,ricardo ospina fernandez,76,F,empresarial,email_invalido,10.0
1780,alvaro vargas perez,64,F,vip,no_identificado,3.0
1781,diego espana gonzalez,29,F,nuevo,email_invalido,
1782,natalia ninez ninez,28,M,potencial,email_invalido,
1783,andres lopez gutierrez,30,F,empresarial,email_invalido,10.0
1784,felipe ospina gonzalez,30,M,vip,email_invalido,7.0
1785,patricia ramirez munioz,74,M,potencial,email_invalido,13.0
1786,andres garcia fernandez,52,M,nuevo,email_invalido,12.0
1787,daniela fernandez castanio,45,M,potencial,email_invalido,6.0
1788,andres sanchez garcia,100,F,empresarial,no_identificado,1.0
1789,daniela vargas garcia,49,F,empresarial,email_invalido,2.0
1790,jesus gonzalez ramirez,40,F,vip,no_identificado,6.0
1791,monica martinez herrera,73,M,potencial,email_invalido,4.0
1792,daniela vargas gutierrez,32,F,vip,email_invalido,12.0
1793,jesus espania ramirez,35,M,empresarial,email_invalido,4.0
1794,paola herrera toro,28,M,empresarial,email_invalido,2.0
1795,alvaro rodriguez cruz,20,M,nuevo,email_invalido,12.0
1796,jesus gutierrez alvarez,32,F,nuevo,email_invalido,7.0
1797,jesus fernandez sanchez,61,M,potencial,email_invalido,9.0
1798,monica cardenas rodriguez,30,M,recurrente,email_invalido,2.0
1799,daniela moreno dominguez,78,M,potencial,email_invalido,4.0
1800,valentina gonzalez ninez,30,M,empresarial,email_invalido,
1801,carolina alvarez espana,44,M,vip,email_invalido,2.0
1802,ricardo gutierrez martinez,49,M,empresarial,email_invalido,6.0
1803,julian espana ninez,18,M,recurrente,email_invalido,5.0
1804,felipe gonzalez dominguez,25,F,potencial,no_identificado,8.0
1805,hernan cardenas ninez,80,M,potencial,email_invalido,6.0
1806,felipe gonzalez cruz,61,M,vip,email_invalido,10.0
1807,alejandro munioz rios,25,F,empresarial,email_invalido,12.0
1808,alvaro cifuentes espania,46,M,empresarial,email_invalido,11.0
1809,jesus gonzalez niniez,43,M,potencial,no_identificado,7.0
1810,benjamin toro fernandez,40,M,empresarial,email_invalido,5.0
1811,andres sanchez cruz,21,M,potencial,email_invalido,3.0
1812,raul martinez martinez,30,M,potencial,email_invalido,4.0
1813,maria garcia ospina,23,F,recurrente,email_invalido,
1814,jose rodriguez rios,45,F,potencial,email_invalido,8.0
1815,hernan cifuentes gonzalez,78,F,vip,email_invalido,4.0
1816,ricardo martinez alvarez,51,M,nuevo,email_invalido,4.0
1817,camilo ospina ospina,51,F,empresarial,email_invalido,4.0
1818,claudia castanio ramirez,43,F,vip,email_invalido,4.0
1819,carolina cruz toro,47,F,empresarial,email_invalido,
1820,sebastian espania cifuentes,30,F,potencial,email_invalido,
1821,daniela ramirez niniez,22,F,nuevo,no_identificado,7.0
1822,veronica ramirez gonzalez,39,M,empresarial,email_invalido,
1823,mauricio rodriguez dominguez,24,F,empresarial,email_invalido,7.0
1824,camilo sanchez rios,24,M,vip,email_invalido,11.0
1825,andres toro herrera,20,F,vip,email_invalido,4.0
1826,natalia castano penia,41,F,vip,email_invalido,4.0
1827,paola fernandez gutierrez,54,M,nuevo,email_invalido,1.0
1828,angela munioz moreno,49,F,nuevo,email_invalido,3.0
1829,maria munioz martinez,40,M,potencial,email_invalido,9.0
1830,mauricio niniez vargas,21,M,empresarial,email_invalido,9.0
1831,ricardo munioz garcia,63,F,nuevo,email_invalido,11.0
1832,mauricio castanio munoz,48,M,vip,email_invalido,6.0
1833,raul vargas herrera,30,M,vip,email_invalido,
1834,camilo rodriguez lopez,71,M,nuevo,email_invalido,
1835,patricia rios perez,18,F,vip,email_invalido,5.0
1836,alvaro cifuentes rios,40,F,nuevo,email_invalido,2.0
1837,benjamin gonzalez perez,54,F,vip,email_invalido,
1838,patricia dominguez vargas,25,M,recurrente,email_invalido,7.0
1839,laura cifuentes cardenas,45,F,recurrente,no_identificado,5.0
1840,angela herrera munioz,71,F,nuevo,email_invalido,
1841,sofia rodriguez fernandez,43,F,recurrente,email_invalido,
1842,ricardo sanchez cruz,63,F,recurrente,email_invalido,
1843,laura vargas castano,63,F,empresarial,no_identificado,5.0
1844,maria rodriguez ramirez,20,M,nuevo,email_invalido,
1845,laura gonzalez ospina,30,M,vip,email_invalido,6.0
1846,daniela pena castano,30,M,recurrente,email_invalido,4.0
1847,angela cifuentes moreno,45,F,empresarial,email_invalido,
1848,sebastian cardenas dominguez,68,F,vip,email_invalido,11.0
1849,jose ninez munoz,27,M,empresarial,email_invalido,11.0
1850,monica lopez garcia,30,M,empresarial,email_invalido,1.0
1851,felipe gutierrez ospina,19,F,vip,email_invalido,
1852,sebastian niniez munoz,40,F,nuevo,email_invalido,10.0
1853,natalia lopez herrera,51,F,empresarial,email_invalido,6.0
1854,daniela espana rodriguez,60,F,potencial,email_invalido,4.0
1855,sebastian fernandez fernandez,61,F,recurrente,email_invalido,
1856,natalia moreno perez,52,M,potencial,email_invalido,
1857,sofia gutierrez cardenas,34,F,nuevo,no_identificado,2.0
1858,camilo cruz lopez,55,F,nuevo,email_invalido,9.0
1859,sebastian castanio toro,51,M,recurrente,email_invalido,9.0
1860,valentina alvarez ninez,61,F,recurrente,email_invalido,
1861,natalia munoz espania,25,F,empresarial,email_invalido,4.0
1862,ricardo toro ramirez,30,F,potencial,email_invalido,8.0
1863,veronica cifuentes pena,47,F,empresarial,email_invalido,
1864,veronica rodriguez cardenas,75,F,vip,email_invalido,
1865,hernan sanchez cifuentes,76,F,recurrente,email_invalido,
1866,alvaro sanchez alvarez,31,M,nuevo,no_identificado,4.0
1867,julian moreno cardenas,75,F,empresarial,email_invalido,
1868,jesus alvarez castano,50,M,recurrente,email_invalido,5.0
1869,ricardo martinez gutierrez,48,M,recurrente,email_invalido,
1870,jose espania vargas,26,F,nuevo,email_invalido,
1871,jose espana dominguez,42,F,empresarial,email_invalido,4.0
1872,mauricio dominguez vargas,19,M,potencial,email_invalido,1.0
1873,benjamin cardenas munioz,75,M,vip,email_invalido,7.0
1874,laura espania cardenas,55,M,vip,email_invalido,11.0
1875,diego fernandez ramirez,35,F,recurrente,email_invalido,7.0
1876,mauricio garcia munioz,21,M,vip,email_invalido,4.0
1877,monica ospina gutierrez,28,F,empresarial,email_invalido,
1878,daniela sanchez garcia,30,M,potencial,email_invalido,9.0
1879,julian herrera gonzalez,67,F,nuevo,email_invalido,3.0
1880,alejandro rodriguez cifuentes,41,M,nuevo,email_invalido,3.0
1881,felipe dominguez pena,52,M,vip,email_invalido,3.0
1882,andres gutierrez cifuentes,62,M,recurrente,email_invalido,7.0
1883,angela martinez penia,26,M,nuevo,email_invalido,11.0
1884,valentina cardenas toro,72,F,vip,no_identificado,9.0
1885,jesus gonzalez herrera,64,F,recurrente,email_invalido,
1886,julian espana castanio,30,M,recurrente,email_invalido,
1887,hernan penia ninez,27,F,empresarial,email_invalido,
1888,sebastian cifuentes castano,49,M,recurrente,email_invalido,10.0
1889,felipe rodriguez lopez,56,M,empresarial,email_invalido,
1890,natalia munioz gutierrez,33,M,potencial,email_invalido,
1891,patricia munoz dominguez,56,M,potencial,email_invalido,8.0
1892,diego cruz garcia,21,M,recurrente,email_invalido,5.0
1893,andres castano rios,30,F,recurrente,email_invalido,
1894,valentina cruz dominguez,52,F,potencial,email_invalido,12.0
1895,laura gonzalez fernandez,38,M,potencial,no_identificado,2.0
1896,alejandro fernandez cruz,35,M,nuevo,email_invalido,
1897,patricia castanio penia,53,F,potencial,email_invalido,
1898,paola espana martinez,27,M,potencial,email_invalido,10.0
1899,jesus espania niniez,54,M,potencial,email_invalido,4.0
1900,sofia ramirez munoz,49,M,empresarial,email_invalido,1.0
1901,sofia cardenas vargas,56,F,nuevo,email_invalido,10.0
1902,julian vargas fernandez,72,M,nuevo,email_invalido,12.0
1903,valentina cardenas ninez,30,M,nuevo,email_invalido,8.0
1904,julian martinez martinez,24,F,nuevo,email_invalido,9.0
1905,sofia lopez herrera,53,F,potencial,email_invalido,3.0
1906,diego fernandez cardenas,75,M,vip,email_invalido,10.0
1907,sofia moreno perez,74,F,vip,no_identificado,7.0
1908,natalia sanchez dominguez,74,F,recurrente,email_invalido,10.0
1909,camilo castano lopez,54,F,recurrente,no_identificado,4.0
1910,sofia munoz cruz,74,M,nuevo,email_invalido,4.0
1911,carolina herrera herrera,40,F,recurrente,email_invalido,8.0
1912,andres penia castanio,70,F,nuevo,email_invalido,4.0
1913,daniela alvarez toro,23,F,recurrente,email_invalido,1.0
1914,ricardo cruz castano,70,F,vip,email_invalido,11.0
1915,felipe gutierrez lopez,45,F,recurrente,no_identificado,1.0
1916,maria fernandez garcia,77,M,recurrente,email_invalido,8.0
1917,natalia rios cifuentes,80,M,empresarial,no_identificado,11.0
1918,julian penia garcia,60,F,nuevo,email_invalido,
1919,jose cardenas lopez,71,F,nuevo,email_invalido,8.0
1920,sofia herrera vargas,66,M,potencial,email_invalido,12.0
1921,camilo cifuentes moreno,41,M,empresarial,email_invalido,6.0
1922,valentina herrera munoz,73,F,vip,email_invalido,12.0
1923,andres rodriguez garcia,56,F,potencial,email_invalido,1.0
1924,camilo toro castanio,52,M,empresarial,email_invalido,12.0
1925,sofia vargas martinez,23,M,recurrente,no_identificado,4.0
1926,hernan ninez ospina,24,F,nuevo,email_invalido,11.0
1927,sebastian rodriguez niniez,44,F,recurrente,email_invalido,
1928,claudia cifuentes ospina,50,M,empresarial,email_invalido,5.0
1929,hernan rodriguez lopez,73,F,nuevo,email_invalido,4.0
1930,claudia penia herrera,50,M,recurrente,email_invalido,5.0
1931,hernan munoz cifuentes,47,F,empresarial,email_invalido,
1932,monica ramirez vargas,19,M,potencial,email_invalido,
1933,carolina perez martinez,27,F,nuevo,email_invalido,2.0
1934,alvaro lopez castano,30,M,recurrente,email_invalido,12.0
1935,maria penia munoz,30,M,nuevo,email_invalido,11.0
1936,ricardo munioz dominguez,74,F,vip,email_invalido,6.0
1937,veronica rios gutierrez,72,F,vip,email_invalido,
1938,sebastian perez penia,25,M,recurrente,email_invalido,
1939,patricia alvarez vargas,70,M,vip,email_invalido,
1940,jesus ramirez pena,30,M,nuevo,email_invalido,10.0
1941,jose fernandez munoz,57,M,recurrente,email_invalido,
1942,laura dominguez gonzalez,32,F,potencial,email_invalido,3.0
1943,claudia pena fernandez,49,M,vip,email_invalido,4.0
1944,alvaro fernandez moreno,56,M,vip,email_invalido,
1945,alvaro martinez penia,50,M,vip,email_invalido,1.0
1946,claudia gutierrez moreno,51,F,empresarial,email_invalido,
1947,daniela moreno moreno,56,F,recurrente,email_invalido,
1948,sebastian cruz gonzalez,29,F,nuevo,email_invalido,10.0
1949,natalia rios pena,22,F,empresarial,email_invalido,2.0
1950,benjamin cifuentes gutierrez,57,F,nuevo,email_invalido,9.0
1951,laura castano herrera,52,F,vip,email_invalido,4.0
1952,valentina garcia lopez,28,M,potencial,email_invalido,
1953,monica garcia toro,39,F,vip,email_invalido,7.0
1954,veronica fernandez ninez,47,F,recurrente,email_invalido,11.0
1955,maria gonzalez perez,49,F,empresarial,email_invalido,3.0
1956,claudia garcia rodriguez,62,M,vip,email_invalido,6.0
1957,camilo alvarez niniez,72,M,nuevo,email_invalido,1.0
1958,andres rios fernandez,23,F,empresarial,email_invalido,7.0
1959,jesus gonzalez cifuentes,54,F,recurrente,email_invalido,
1960,laura herrera cardenas,49,M,vip,email_invalido,11.0
1961,claudia ninez rodriguez,76,F,vip,email_invalido,7.0
1962,daniela vargas ospina,70,M,empresarial,email_invalido,12.0
1963,sofia vargas niniez,53,M,recurrente,email_invalido,4.0
1964,sebastian fernandez herrera,30,F,nuevo,email_invalido,
1965,benjamin moreno cruz,63,F,empresarial,email_invalido,
1966,paola ninez perez,26,F,potencial,email_invalido,
1967,sofia cruz rodriguez,51,M,recurrente,email_invalido,
1968,paola cifuentes ospina,30,F,potencial,email_invalido,
1969,sofia gutierrez cruz,19,M,nuevo,email_invalido,1.0
1970,mauricio moreno espania,67,M,recurrente,email_invalido,7.0
1971,maria perez dominguez,59,M,potencial,email_invalido,
1972,monica niniez garcia,30,M,nuevo,email_invalido,10.0
1973,diego herrera rodriguez,52,M,recurrente,email_invalido,12.0
1974,paola castanio castano,47,F,potencial,email_invalido,11.0
1975,maria rios castanio,23,M,nuevo,email_invalido,11.0
1976,diego sanchez ospina,42,M,nuevo,email_invalido,5.0
1977,laura garcia cruz,61,M,recurrente,email_invalido,
1978,paola rodriguez garcia,37,M,nuevo,email_invalido,
1979,sebastian munoz rios,42,M,empresarial,email_invalido,6.0
1980,alvaro penia castanio,30,F,potencial,email_invalido,9.0
1981,ricardo cifuentes espana,77,M,potencial,no_identificado,4.0
1982,sebastian dominguez penia,67,F,recurrente,no_identificado,
1983,andres rios rodriguez,46,M,recurrente,email_invalido,9.0
1984,laura gutierrez gutierrez,27,M,empresarial,email_invalido,9.0
1985,natalia castanio gutierrez,61,F,vip,email_invalido,
1986,hernan gutierrez gutierrez,71,F,nuevo,no_identificado,12.0
1987,alvaro perez cruz,35,M,nuevo,email_invalido,8.0
1988,camilo fernandez niniez,22,F,vip,email_invalido,11.0
1989,claudia toro dominguez,38,M,empresarial,email_invalido,2.0
1990,daniela toro moreno,100,F,potencial,email_invalido,1.0
1991,andres cruz lopez,61,M,empresarial,email_invalido,
1992,patricia fernandez fernandez,51,M,potencial,email_invalido,11.0
1993,raul sanchez moreno,38,F,nuevo,email_invalido,3.0
1994,julian martinez perez,56,M,nuevo,email_invalido,
1995,hernan cifuentes lopez,26,F,potencial,email_invalido,11.0
1996,claudia herrera toro,80,F,recurrente,email_invalido,6.0
1997,jose niniez vargas,18,F,vip,email_invalido,6.0
1998,valentina cifuentes rios,41,M,vip,email_invalido,9.0
1999,veronica cifuentes dominguez,37,M,recurrente,email_invalido,3.0
2000,carolina castanio martinez,46,M,empresarial,email_invalido,9.0
2001,julian rodriguez toro,77,M,empresarial,email_invalido,6.0
2002,carolina vargas ospina,67,F,potencial,email_invalido,11.0
2003,diego gonzalez rios,70,F,potencial,no_identificado,
2004,valentina gutierrez ospina,57,F,recurrente,email_invalido,11.0
2005,mauricio rodriguez munioz,69,M,empresarial,email_invalido,8.0
2006,daniela ramirez herrera,63,M,empresarial,email_invalido,5.0
2007,benjamin martinez moreno,79,F,recurrente,email_invalido,3.0
2008,alvaro lopez munioz,29,F,recurrente,email_invalido,2.0
2009,julian perez moreno,60,F,recurrente,email_invalido,1.0
2010,felipe vargas espana,74,M,nuevo,email_invalido,
2011,andres cruz rios,34,M,nuevo,email_invalido,10.0
2012,carolina ospina alvarez,57,F,nuevo,email_invalido,
2013,carolina cifuentes cardenas,21,M,vip,email_invalido,1.0
2014,andres moreno gonzalez,71,F,potencial,email_invalido,8.0
2015,natalia ospina cruz,52,M,potencial,email_invalido,2.0
2016,angela ramirez rios,53,M,potencial,email_invalido,3.0
2017,claudia munioz rodriguez,46,F,nuevo,email_invalido,4.0
2018,alvaro castanio perez,61,M,potencial,no_identificado,1.0
2019,julian sanchez herrera,31,F,nuevo,email_invalido,1.0
2020,veronica garcia martinez,64,F,potencial,email_invalido,2.0
2021,patricia ospina ospina,30,F,potencial,email_invalido,7.0
2022,daniela cruz perez,39,M,recurrente,no_identificado,6.0
2023,diego ramirez vargas,72,M,empresarial,email_invalido,
2024,raul cifuentes cardenas,65,M,potencial,no_identificado,4.0
2025,jesus cardenas fernandez,67,F,nuevo,email_invalido,8.0
2026,hernan ninez martinez,55,F,vip,email_invalido,
2027,jose dominguez alvarez,37,M,empresarial,email_invalido,
2028,julian herrera gutierrez,52,M,nuevo,email_invalido,12.0
2029,veronica ninez vargas,36,F,vip,email_invalido,1.0
2030,julian sanchez martinez,74,M,vip,email_invalido,8.0
2031,daniela ramirez lopez,20,F,potencial,email_invalido,7.0
2032,mauricio perez sanchez,45,F,potencial,email_invalido,5.0
2033,julian alvarez herrera,48,M,potencial,email_invalido,
2034,carolina pena herrera,19,M,recurrente,email_invalido,
2035,jesus penia lopez,65,F,potencial,email_invalido,6.0
2036,sofia pena toro,50,M,potencial,email_invalido,
2037,jesus alvarez perez,29,F,vip,email_invalido,4.0
2038,jesus sanchez rodriguez,73,M,recurrente,email_invalido,10.0
2039,claudia gutierrez sanchez,42,F,potencial,no_identificado,5.0
2040,ricardo perez cardenas,39,F,potencial,email_invalido,6.0
2041,sofia castanio munioz,32,F,recurrente,email_invalido,
2042,carolina perez gutierrez,34,M,recurrente,email_invalido,6.0
2043,mauricio moreno toro,22,M,empresarial,email_invalido,
2044,sebastian vargas castanio,31,F,potencial,email_invalido,9.0
2045,sebastian perez alvarez,67,M,vip,email_invalido,10.0
2046,jesus niniez ramirez,30,F,recurrente,email_invalido,
2047,felipe dominguez rios,77,M,vip,email_invalido,12.0
2048,diego ospina moreno,39,M,recurrente,email_invalido,
2049,jesus toro perez,60,F,recurrente,email_invalido,11.0
2050,paola herrera ninez,73,F,nuevo,email_invalido,3.0
2051,benjamin gutierrez ospina,45,F,vip,email_invalido,12.0
2052,angela garcia lopez,24,M,empresarial,email_invalido,6.0
2053,natalia ospina gonzalez,51,M,potencial,no_identificado,4.0
2054,alejandro vargas moreno,19,M,potencial,email_invalido,6.0
2055,daniela alvarez lopez,55,M,recurrente,email_invalido,10.0
2056,andres herrera ramirez,80,F,recurrente,email_invalido,4.0
2057,diego rodriguez penia,43,F,nuevo,email_invalido,
2058,natalia garcia cardenas,42,F,recurrente,email_invalido,
2059,laura ninez sanchez,62,F,potencial,email_invalido,
2060,carolina ramirez lopez,57,M,recurrente,email_invalido,1.0
2061,raul pena martinez,42,M,recurrente,no_identificado,7.0
2062,camilo toro ramirez,76,M,vip,no_identificado,
2063,benjamin vargas castanio,70,M,empresarial,email_invalido,7.0
2064,maria cifuentes penia,67,F,vip,email_invalido,
2065,maria martinez espania,21,F,empresarial,email_invalido,
2066,laura cifuentes lopez,44,M,nuevo,no_identificado,8.0
2067,hernan sanchez gonzalez,49,M,nuevo,email_invalido,6.0
2068,felipe gutierrez munioz,36,M,recurrente,email_invalido,
2069,jose pena garcia,57,F,vip,email_invalido,7.0
2070,ricardo rios herrera,47,M,recurrente,email_invalido,
2071,diego vargas alvarez,51,F,potencial,email_invalido,7.0
2072,angela penia espana,60,F,vip,email_invalido,
2073,diego ninez fernandez,18,M,vip,email_invalido,8.0
2074,monica dominguez ramirez,43,F,empresarial,no_identificado,3.0
2075,camilo martinez cardenas,30,M,empresarial,email_invalido,1.0
2076,hernan rios cardenas,21,F,nuevo,email_invalido,3.0
2077,monica penia castano,49,F,potencial,email_invalido,10.0
2078,andres lopez alvarez,30,M,potencial,email_invalido,11.0
2079,alejandro dominguez rios,50,F,vip,email_invalido,13.0
2080,felipe cruz cruz,25,F,nuevo,email_invalido,3.0
2081,patricia rios pena,30,M,recurrente,email_invalido,
2082,natalia cardenas moreno,18,F,nuevo,no_identificado,
2083,jose castano dominguez,70,F,potencial,email_invalido,3.0
2084,valentina espana sanchez,50,F,potencial,email_invalido,2.0
2085,hernan dominguez rodriguez,37,F,nuevo,email_invalido,2.0
2086,mauricio alvarez munoz,70,F,potencial,email_invalido,8.0
2087,laura perez herrera,41,F,nuevo,email_invalido,
2088,julian martinez ospina,31,M,potencial,email_invalido,3.0
2089,diego cruz perez,35,M,recurrente,email_invalido,11.0
2090,diego cifuentes garcia,67,M,nuevo,email_invalido,
2091,claudia martinez herrera,62,M,potencial,no_identificado,
2092,monica gonzalez gonzalez,48,M,empresarial,email_invalido,8.0
2093,natalia ramirez dominguez,30,F,potencial,email_invalido,5.0
2094,mauricio pena toro,60,F,potencial,no_identificado,6.0
2095,sofia rios martinez,56,M,empresarial,email_invalido,
2096,alvaro munioz herrera,58,M,vip,email_invalido,2.0
2097,veronica vargas fernandez,55,M,potencial,email_invalido,10.0
2098,veronica rios herrera,34,F,empresarial,email_invalido,
2099,diego sanchez rodriguez,24,F,nuevo,email_invalido,4.0
2100,hernan toro cruz,53,F,potencial,email_invalido,9.0
2101,raul rodriguez gutierrez,55,M,empresarial,email_invalido,1.0
2102,sofia munoz castano,35,F,potencial,email_invalido,9.0
2103,alvaro garcia ospina,78,F,vip,email_invalido,8.0
2104,carolina cruz rios,41,M,recurrente,email_invalido,5.0
2105,mauricio moreno cardenas,44,M,potencial,email_invalido,
2106,julian toro gonzalez,30,M,nuevo,email_invalido,4.0
2107,felipe ramirez ospina,53,M,potencial,email_invalido,12.0
2108,hernan alvarez vargas,20,F,nuevo,email_invalido,4.0
2109,valentina espana rios,55,M,recurrente,email_invalido,8.0
2110,monica lopez castano,18,F,recurrente,email_invalido,7.0
2111,raul toro garcia,70,M,potencial,email_invalido,4.0
2112,alejandro dominguez dominguez,29,M,potencial,email_invalido,11.0
2113,benjamin munoz garcia,30,F,nuevo,email_invalido,8.0
2114,paola pena castanio,56,F,vip,email_invalido,
2115,alejandro ramirez ninez,74,F,empresarial,email_invalido,5.0
2116,benjamin dominguez castano,35,M,recurrente,email_invalido,7.0
2117,jesus lopez gonzalez,29,M,vip,email_invalido,4.0
2118,monica gonzalez garcia,46,F,vip,email_invalido,10.0
2119,paola fernandez alvarez,61,F,recurrente,email_invalido,11.0
2120,natalia perez ospina,69,F,potencial,email_invalido,2.0
2121,carolina ospina garcia,34,M,empresarial,email_invalido,2.0
2122,ricardo sanchez gutierrez,53,F,empresarial,no_identificado,1.0
2123,natalia vargas cardenas,37,F,potencial,email_invalido,10.0
2124,monica ospina alvarez,51,M,vip,email_invalido,10.0
2125,patricia ramirez rodriguez,30,M,vip,email_invalido,2.0
2126,monica martinez rodriguez,27,F,recurrente,no_identificado,6.0
2127,daniela ospina niniez,77,F,empresarial,email_invalido,1.0
2128,julian castanio ninez,52,F,nuevo,no_identificado,
2129,alejandro moreno sanchez,59,M,empresarial,email_invalido,
2130,jose moreno cruz,76,F,recurrente,email_invalido,
2131,alvaro herrera ramirez,42,M,vip,email_invalido,
2132,sofia herrera ospina,28,F,recurrente,email_invalido,3.0
2133,hernan herrera ninez,59,F,potencial,email_invalido,
2134,jesus espana sanchez,57,F,potencial,email_invalido,
2135,julian pena gonzalez,59,M,potencial,email_invalido,
2136,ricardo sanchez gonzalez,35,F,recurrente,email_invalido,
2137,julian pena vargas,59,F,potencial,email_invalido,1.0
2138,benjamin rios herrera,64,F,potencial,email_invalido,6.0
2139,benjamin ramirez dominguez,47,M,nuevo,email_invalido,3.0
2140,jesus sanchez cifuentes,36,F,vip,email_invalido,12.0
2141,alejandro herrera garcia,67,M,vip,email_invalido,6.0
2142,diego vargas rodriguez,51,F,vip,email_invalido,1.0
2143,monica toro herrera,22,M,recurrente,email_invalido,
2144,sofia moreno martinez,73,F,recurrente,email_invalido,12.0
2145,monica castano rios,30,M,empresarial,email_invalido,1.0
2146,ricardo moreno gutierrez,30,M,vip,email_invalido,8.0
2147,hernan cruz cardenas,63,F,potencial,email_invalido,2.0
2148,jesus toro espana,76,M,potencial,email_invalido,4.0
2149,andres rodriguez gutierrez,55,M,empresarial,email_invalido,2.0
2150,paola castanio ramirez,52,F,recurrente,email_invalido,4.0
2151,claudia espana penia,54,F,potencial,email_invalido,3.0
2152,jose martinez garcia,30,M,vip,email_invalido,1.0
2153,monica ospina moreno,49,M,potencial,email_invalido,11.0
2154,veronica cruz munoz,44,M,nuevo,email_invalido,5.0
2155,benjamin gutierrez fernandez,27,M,nuevo,email_invalido,
2156,laura fernandez lopez,37,F,recurrente,email_invalido,9.0
2157,alvaro espania munoz,58,F,vip,email_invalido,1.0
2158,monica ninez ninez,30,M,empresarial,email_invalido,8.0
2159,patricia munioz gonzalez,23,M,empresarial,email_invalido,12.0
2160,natalia cardenas moreno,19,M,vip,email_invalido,8.0
2161,veronica rios cardenas,52,F,vip,email_invalido,2.0
2162,sebastian vargas garcia,68,F,vip,email_invalido,10.0
2163,valentina rodriguez cardenas,74,F,recurrente,email_invalido,10.0
2164,camilo rios dominguez,41,F,nuevo,email_invalido,
2165,natalia cifuentes rios,47,F,nuevo,email_invalido,4.0
2166,mauricio munioz vargas,77,M,potencial,email_invalido,9.0
2167,carolina alvarez ramirez,76,F,empresarial,email_invalido,9.0
2168,ricardo rodriguez munioz,31,F,potencial,email_invalido,4.0
2169,benjamin rodriguez alvarez,76,F,vip,no_identificado,3.0
2170,jesus moreno penia,49,M,vip,email_invalido,2.0
2171,maria gonzalez rios,53,M,empresarial,email_invalido,4.0
2172,carolina penia toro,80,F,nuevo,email_invalido,7.0
2173,raul castanio castanio,28,F,potencial,email_invalido,8.0
2174,jose rodriguez castano,18,F,recurrente,email_invalido,
2175,maria penia garcia,70,M,potencial,email_invalido,
2176,jesus lopez rodriguez,21,F,recurrente,email_invalido,
2177,laura espana rodriguez,27,F,potencial,no_identificado,12.0
2178,diego sanchez herrera,60,M,vip,email_invalido,1.0
2179,raul moreno sanchez,32,F,potencial,email_invalido,8.0
2180,jose moreno cifuentes,58,M,recurrente,email_invalido,4.0
2181,sebastian pena garcia,38,F,empresarial,email_invalido,11.0
2182,monica ospina herrera,66,F,potencial,email_invalido,
2183,carolina lopez espania,67,F,nuevo,email_invalido,7.0
2184,claudia niniez castanio,25,F,potencial,email_invalido,6.0
2185,mauricio sanchez vargas,54,F,potencial,email_invalido,10.0
2186,mauricio cruz niniez,57,F,empresarial,email_invalido,7.0
2187,angela moreno ramirez,32,M,nuevo,email_invalido,1.0
2188,maria alvarez niniez,39,M,vip,no_identificado,
2189,daniela rios fernandez,75,M,nuevo,no_identificado,5.0
2190,hernan lopez niniez,31,M,empresarial,email_invalido,4.0
2191,veronica ospina gonzalez,25,M,potencial,email_invalido,6.0
2192,camilo fernandez herrera,28,F,empresarial,email_invalido,5.0
2193,julian ramirez castano,75,M,nuevo,email_invalido,10.0
2194,benjamin ospina ramirez,20,M,recurrente,email_invalido,6.0
2195,carolina castano espana,34,M,recurrente,no_identificado,
2196,angela cardenas garcia,27,F,vip,email_invalido,4.0
2197,alejandro ramirez garcia,46,M,vip,email_invalido,
2198,sebastian cardenas perez,28,M,vip,email_invalido,4.0
2199,julian herrera niniez,45,F,recurrente,email_invalido,6.0
2200,maria cruz espania,32,F,nuevo,email_invalido,5.0
2201,claudia rios herrera,65,F,recurrente,email_invalido,6.0
2202,camilo niniez sanchez,55,M,empresarial,email_invalido,10.0
2203,laura penia ospina,19,F,empresarial,email_invalido,12.0
2204,angela niniez cardenas,67,M,nuevo,email_invalido,12.0
2205,veronica gonzalez cruz,56,F,empresarial,email_invalido,2.0
2206,patricia moreno cardenas,24,M,empresarial,email_invalido,
2207,monica gutierrez ramirez,40,F,nuevo,email_invalido,6.0
2208,andres munoz toro,30,M,nuevo,email_invalido,
2209,benjamin cifuentes martinez,70,M,recurrente,email_invalido,
2210,angela rodriguez martinez,18,M,potencial,no_identificado,2.0
2211,laura dominguez castanio,56,M,recurrente,email_invalido,6.0
2212,ricardo lopez rodriguez,45,F,recurrente,email_invalido,8.0
2213,alejandro garcia cardenas,76,F,potencial,no_identificado,
2214,laura ospina herrera,29,F,potencial,email_invalido,10.0
2215,angela rodriguez fernandez,21,M,empresarial,email_invalido,8.0
2216,paola perez rodriguez,71,F,vip,email_invalido,4.0
2217,alvaro ospina vargas,67,F,recurrente,email_invalido,5.0
2218,hernan ramirez cardenas,43,F,empresarial,no_identificado,
2219,angela ramirez fernandez,39,F,empresarial,email_invalido,7.0
2220,ricardo lopez cifuentes,28,M,recurrente,email_invalido,10.0
2221,claudia munoz gonzalez,30,F,vip,email_invalido,
2222,ricardo cifuentes alvarez,43,M,potencial,email_invalido,
2223,sebastian rodriguez ospina,55,M,nuevo,email_invalido,5.0
2224,paola moreno espana,49,M,recurrente,email_invalido,
2225,sebastian lopez sanchez,43,M,nuevo,email_invalido,9.0
2226,ricardo ospina cruz,30,F,recurrente,email_invalido,11.0
2227,ricardo ramirez vargas,50,F,potencial,email_invalido,11.0
2228,ricardo rodriguez cruz,55,F,empresarial,email_invalido,3.0
2229,natalia ninez toro,34,M,potencial,email_invalido,6.0
2230,camilo cruz moreno,30,F,potencial,email_invalido,11.0
2231,carolina cruz gonzalez,66,F,empresarial,email_invalido,
2232,alejandro cifuentes toro,24,F,recurrente,email_invalido,10.0
2233,veronica vargas martinez,30,M,nuevo,email_invalido,11.0
2234,monica lopez ramirez,30,M,recurrente,email_invalido,2.0
2235,alvaro perez cifuentes,22,F,nuevo,email_invalido,11.0
2236,jose vargas ramirez,22,F,empresarial,email_invalido,1.0
2237,ricardo cruz garcia,72,F,nuevo,email_invalido,7.0
2238,valentina alvarez toro,30,F,recurrente,email_invalido,6.0
2239,jose cruz fernandez,40,F,nuevo,email_invalido,12.0
2240,maria vargas gonzalez,44,M,potencial,email_invalido,10.0
2241,alejandro herrera moreno,30,M,nuevo,email_invalido,7.0
2242,carolina ospina lopez,19,M,recurrente,email_invalido,
2243,sebastian penia herrera,30,F,vip,email_invalido,8.0
2244,paola ramirez penia,29,M,vip,email_invalido,
2245,raul moreno ramirez,43,F,vip,no_identificado,4.0
2246,veronica cardenas cardenas,53,F,vip,email_invalido,12.0
2247,natalia alvarez gutierrez,49,M,vip,email_invalido,5.0
2248,felipe moreno martinez,57,M,vip,email_invalido,
2249,paola herrera ospina,46,M,nuevo,email_invalido,7.0
2250,alejandro cifuentes perez,58,F,nuevo,email_invalido,1.0
2251,julian espania gutierrez,59,F,empresarial,email_invalido,8.0
2252,carolina gutierrez cifuentes,62,F,empresarial,email_invalido,7.0
2253,felipe rodriguez perez,44,M,empresarial,email_invalido,2.0
2254,angela alvarez ramirez,51,M,nuevo,email_invalido,5.0
2255,diego castanio gonzalez,29,F,recurrente,email_invalido,
2256,andres toro ospina,71,M,empresarial,email_invalido,4.0
2257,hernan cifuentes gutierrez,28,M,nuevo,email_invalido,1.0
2258,alvaro perez alvarez,48,F,empresarial,email_invalido,1.0
2259,ricardo ramirez munoz,68,F,potencial,email_invalido,1.0
2260,patricia gonzalez martinez,61,M,potencial,email_invalido,2.0
2261,hernan perez munoz,62,M,recurrente,email_invalido,9.0
2262,sebastian herrera ninez,19,M,empresarial,email_invalido,1.0
2263,patricia fernandez gutierrez,31,F,recurrente,email_invalido,10.0
2264,mauricio cifuentes gonzalez,30,F,vip,email_invalido,7.0
2265,andres gutierrez munioz,32,F,potencial,email_invalido,4.0
2266,julian ramirez rodriguez,60,M,vip,no_identificado,12.0
2267,patricia ramirez niniez,67,F,nuevo,no_identificado,
2268,veronica toro fernandez,46,F,empresarial,email_invalido,
2269,claudia cifuentes toro,56,F,vip,email_invalido,5.0
2270,andres martinez toro,30,M,vip,email_invalido,
2271,ricardo castano castanio,28,M,vip,email_invalido,2.0
2272,ricardo gonzalez fernandez,30,M,nuevo,no_identificado,
2273,jose ramirez gutierrez,71,M,vip,email_invalido,
2274,jesus vargas sanchez,51,M,recurrente,email_invalido,
2275,julian espania toro,43,F,nuevo,email_invalido,6.0
2276,julian cifuentes munioz,40,F,vip,email_invalido,7.0
2277,jose espana gutierrez,77,M,empresarial,email_invalido,8.0
2278,claudia cifuentes ninez,61,F,potencial,email_invalido,
2279,julian cardenas lopez,53,M,nuevo,email_invalido,1.0
2280,carolina garcia niniez,25,F,potencial,email_invalido,7.0
2281,claudia garcia ospina,30,F,potencial,no_identificado,10.0
2282,valentina ospina munoz,42,F,vip,email_invalido,12.0
2283,camilo cardenas cifuentes,38,M,potencial,email_invalido,
2284,monica gutierrez cifuentes,31,M,nuevo,email_invalido,
2285,benjamin cifuentes gonzalez,45,M,empresarial,email_invalido,2.0
2286,patricia gutierrez toro,21,F,potencial,email_invalido,4.0
2287,veronica gonzalez lopez,46,F,recurrente,email_invalido,12.0
2288,sofia perez ninez,50,F,empresarial,email_invalido,
2289,daniela moreno herrera,73,F,potencial,email_invalido,4.0
2290,felipe ramirez penia,80,M,nuevo,email_invalido,7.0
2291,sofia castano munoz,45,F,recurrente,email_invalido,7.0
2292,sebastian dominguez vargas,52,M,empresarial,email_invalido,12.0
2293,claudia dominguez rodriguez,71,M,nuevo,email_invalido,3.0
2294,andres cruz ospina,30,F,empresarial,email_invalido,3.0
2295,benjamin toro gutierrez,48,F,nuevo,email_invalido,4.0
2296,jesus sanchez alvarez,55,M,nuevo,email_invalido,12.0
2297,angela rios sanchez,24,M,recurrente,email_invalido,10.0
2298,felipe munoz espana,63,F,recurrente,email_invalido,
2299,sofia ramirez ramirez,38,F,nuevo,email_invalido,11.0
2300,alejandro garcia ramirez,63,F,vip,email_invalido,12.0
2301,camilo espana rodriguez,33,M,potencial,email_invalido,5.0
2302,monica munoz cruz,57,M,nuevo,email_invalido,2.0
2303,natalia perez niniez,44,M,potencial,email_invalido,1.0
2304,daniela cardenas cifuentes,38,M,vip,email_invalido,1.0
2305,raul cardenas gutierrez,38,F,vip,email_invalido,2.0
2306,ricardo herrera rios,33,M,potencial,email_invalido,
2307,valentina herrera niniez,59,F,recurrente,email_invalido,1.0
2308,alejandro rios cruz,30,F,empresarial,email_invalido,3.0
2309,sebastian gonzalez pena,79,F,vip,email_invalido,
2310,felipe ospina ramirez,68,F,empresarial,email_invalido,10.0
2311,alejandro ninez gonzalez,25,F,recurrente,email_invalido,2.0
2312,angela fernandez munoz,75,M,empresarial,email_invalido,3.0
2313,raul fernandez cifuentes,63,F,recurrente,email_invalido,4.0
2314,camilo ramirez penia,28,M,potencial,email_invalido,7.0
2315,carolina niniez vargas,57,F,empresarial,email_invalido,
2316,raul cifuentes castano,34,F,vip,email_invalido,9.0
2317,sofia rodriguez espana,51,M,vip,email_invalido,
2318,carolina sanchez ramirez,30,M,nuevo,email_invalido,12.0
2319,hernan penia sanchez,57,F,nuevo,email_invalido,12.0
2320,natalia ramirez cifuentes,70,F,vip,email_invalido,
2321,daniela perez ninez,18,M,potencial,email_invalido,8.0
2322,veronica cifuentes gutierrez,43,M,recurrente,no_identificado,10.0
2323,andres espania castano,30,F,empresarial,email_invalido,3.0
2324,maria vargas rios,24,M,empresarial,email_invalido,11.0
2325,hernan rios moreno,78,F,vip,email_invalido,10.0
2326,monica cifuentes castano,46,F,vip,email_invalido,2.0
2327,veronica ramirez rios,68,M,nuevo,email_invalido,
2328,sofia moreno alvarez,52,F,nuevo,email_invalido,
2329,alvaro garcia rodriguez,22,F,vip,email_invalido,3.0
2330,veronica cardenas dominguez,32,M,vip,email_invalido,
2331,claudia herrera espana,23,F,recurrente,email_invalido,10.0
2332,andres penia munoz,44,F,recurrente,email_invalido,
2333,raul rodriguez ramirez,56,F,vip,email_invalido,
2334,sofia rodriguez sanchez,46,F,potencial,email_invalido,11.0
2335,andres espana garcia,38,F,vip,email_invalido,10.0
2336,patricia vargas alvarez,29,M,nuevo,email_invalido,1.0
2337,alvaro herrera moreno,69,F,nuevo,email_invalido,
2338,claudia ninez rios,47,F,nuevo,email_invalido,10.0
2339,ricardo gonzalez gonzalez,46,M,recurrente,email_invalido,13.0
2340,raul ramirez espana,26,F,nuevo,email_invalido,
2341,mauricio rodriguez gonzalez,49,M,vip,email_invalido,6.0
2342,claudia sanchez fernandez,36,M,empresarial,no_identificado,
2343,felipe castanio vargas,32,F,empresarial,email_invalido,11.0
2344,sofia niniez herrera,32,M,recurrente,email_invalido,1.0
2345,daniela cardenas sanchez,46,M,vip,no_identificado,8.0
2346,maria martinez lopez,67,M,recurrente,email_invalido,11.0
2347,maria dominguez rios,40,F,nuevo,email_invalido,11.0
2348,laura munioz sanchez,55,F,recurrente,email_invalido,4.0
2349,natalia moreno cruz,21,F,vip,email_invalido,
2350,laura martinez fernandez,60,M,vip,email_invalido,2.0
2351,carolina munoz fernandez,45,F,empresarial,email_invalido,3.0
2352,ricardo castano munioz,70,F,empresarial,no_identificado,5.0
2353,valentina perez penia,66,F,nuevo,email_invalido,10.0
2354,jesus cardenas perez,58,M,nuevo,email_invalido,
2355,carolina cruz garcia,73,M,potencial,no_identificado,12.0
2356,raul toro alvarez,38,F,vip,email_invalido,11.0
2357,julian alvarez fernandez,28,M,empresarial,email_invalido,3.0
2358,maria munioz ninez,76,F,recurrente,email_invalido,
2359,valentina sanchez penia,48,F,potencial,email_invalido,1.0
2360,monica pena cruz,53,F,nuevo,email_invalido,3.0
2361,monica castano cardenas,39,F,recurrente,email_invalido,
2362,diego moreno castanio,73,M,recurrente,email_invalido,7.0
2363,daniela perez herrera,30,M,empresarial,email_invalido,11.0
2364,hernan ospina fernandez,44,F,nuevo,email_invalido,4.0
2365,valentina alvarez cruz,65,F,empresarial,email_invalido,
2366,laura sanchez garcia,20,M,vip,email_invalido,8.0
2367,diego martinez cardenas,71,F,recurrente,email_invalido,
2368,ricardo moreno cifuentes,65,M,potencial,email_invalido,8.0
2369,jesus toro herrera,30,F,vip,no_identificado,4.0
2370,benjamin lopez niniez,78,M,vip,email_invalido,6.0
2371,paola dominguez dominguez,38,F,vip,email_invalido,
2372,benjamin lopez fernandez,49,M,empresarial,email_invalido,8.0
2373,angela cifuentes martinez,65,M,potencial,email_invalido,12.0
2374,laura alvarez rios,46,M,recurrente,email_invalido,3.0
2375,natalia ramirez alvarez,30,M,recurrente,email_invalido,10.0
2376,veronica cardenas ospina,30,M,empresarial,email_invalido,
2377,andres rodriguez fernandez,23,M,recurrente,email_invalido,8.0
2378,andres toro gonzalez,37,M,empresarial,email_invalido,3.0
2379,diego herrera toro,43,M,vip,email_invalido,4.0
2380,sofia gutierrez ninez,30,M,vip,email_invalido,10.0
2381,mauricio martinez penia,64,F,nuevo,email_invalido,9.0
2382,valentina ospina pena,59,M,potencial,email_invalido,7.0
2383,valentina toro espana,100,M,vip,email_invalido,10.0
2384,camilo martinez castano,54,M,vip,email_invalido,10.0
2385,alvaro martinez cardenas,57,F,vip,email_invalido,
2386,patricia sanchez ramirez,23,F,empresarial,email_invalido,9.0
2387,angela fernandez castano,51,F,empresarial,email_invalido,11.0
2388,patricia alvarez vargas,37,M,potencial,no_identificado,
2389,andres rios martinez,64,M,nuevo,email_invalido,12.0
2390,benjamin munoz lopez,18,M,recurrente,email_invalido,11.0
2391,jesus ramirez perez,60,F,vip,email_invalido,2.0
2392,camilo rios garcia,79,M,potencial,email_invalido,3.0
2393,diego perez ramirez,27,M,nuevo,email_invalido,
2394,ricardo penia ospina,41,M,recurrente,email_invalido,2.0
2395,carolina ospina moreno,30,M,vip,email_invalido,3.0
2396,jesus ramirez castano,41,F,nuevo,email_invalido,
2397,alvaro lopez martinez,36,M,recurrente,email_invalido,
2398,veronica herrera espana,67,M,vip,email_invalido,2.0
2399,alvaro gutierrez perez,60,F,potencial,email_invalido,10.0
2400,sofia ninez moreno,44,M,recurrente,email_invalido,8.0
2401,sebastian lopez ninez,44,M,recurrente,no_identificado,1.0
2402,maria martinez moreno,47,F,potencial,no_identificado,
2403,veronica gutierrez dominguez,52,F,potencial,no_identificado,6.0
2404,raul dominguez garcia,78,M,empresarial,email_invalido,3.0
2405,alvaro ospina garcia,30,F,potencial,email_invalido,3.0
2406,patricia garcia toro,24,F,nuevo,email_invalido,3.0
2407,camilo moreno espania,71,M,potencial,email_invalido,5.0
2408,veronica rodriguez rios,59,M,nuevo,email_invalido,10.0
2409,patricia sanchez cardenas,26,M,vip,email_invalido,6.0
2410,camilo sanchez moreno,54,M,recurrente,email_invalido,
2411,claudia alvarez rios,19,F,empresarial,email_invalido,
2412,laura penia niniez,52,M,potencial,email_invalido,
2413,daniela gonzalez dominguez,26,F,recurrente,email_invalido,
2414,jesus vargas toro,69,F,potencial,email_invalido,3.0
2415,daniela castanio espana,73,M,nuevo,email_invalido,
2416,claudia sanchez moreno,55,M,empresarial,email_invalido,5.0
2417,jose garcia alvarez,74,M,nuevo,email_invalido,11.0
2418,daniela castano toro,41,F,vip,no_identificado,5.0
2419,felipe herrera perez,43,M,nuevo,email_invalido,10.0
2420,veronica cifuentes sanchez,30,M,recurrente,email_invalido,
2421,paola ninez sanchez,45,F,potencial,email_invalido,2.0
2422,carolina cardenas castano,23,M,recurrente,email_invalido,
2423,claudia munoz gutierrez,25,F,vip,email_invalido,10.0
2424,andres penia vargas,30,M,recurrente,email_invalido,
2425,valentina gutierrez niniez,73,F,potencial,email_invalido,
2426,ricardo ospina espania,61,F,recurrente,email_invalido,10.0
2427,alejandro penia ramirez,39,F,nuevo,email_invalido,
2428,benjamin vargas penia,37,M,potencial,email_invalido,9.0
2429,maria castano toro,41,M,recurrente,email_invalido,6.0
2430,mauricio lopez cifuentes,47,M,recurrente,email_invalido,5.0
2431,hernan castanio toro,69,F,potencial,email_invalido,1.0
2432,paola penia ramirez,48,F,vip,email_invalido,
2433,jesus rodriguez alvarez,77,M,nuevo,no_identificado,
2434,carolina munoz alvarez,18,F,empresarial,email_invalido,4.0
2435,daniela gonzalez fernandez,28,F,nuevo,email_invalido,
2436,alejandro ospina moreno,18,F,recurrente,email_invalido,11.0
2437,angela perez moreno,38,M,nuevo,email_invalido,2.0
2438,sebastian gonzalez herrera,27,M,vip,email_invalido,4.0
2439,diego sanchez fernandez,74,F,empresarial,email_invalido,
2440,veronica cifuentes alvarez,34,M,potencial,email_invalido,3.0
2441,camilo dominguez moreno,67,M,recurrente,email_invalido,3.0
2442,sofia cifuentes cardenas,23,F,potencial,email_invalido,11.0
2443,veronica rodriguez rodriguez,45,M,recurrente,email_invalido,5.0
2444,jesus gonzalez garcia,69,M,empresarial,email_invalido,13.0
2445,angela cardenas dominguez,35,M,potencial,email_invalido,7.0
2446,benjamin lopez castanio,21,M,vip,email_invalido,
2447,carolina garcia ospina,38,F,recurrente,email_invalido,8.0
2448,felipe garcia cifuentes,35,F,nuevo,email_invalido,7.0
2449,paola alvarez cruz,29,F,nuevo,email_invalido,4.0
2450,maria rios perez,30,F,empresarial,email_invalido,6.0
2451,jose cruz niniez,22,M,vip,email_invalido,
2452,mauricio castanio gonzalez,34,M,recurrente,email_invalido,10.0
2453,camilo herrera vargas,28,M,recurrente,email_invalido,
2454,andres ninez ospina,80,M,potencial,email_invalido,
2455,laura cardenas ospina,79,F,nuevo,email_invalido,
2456,veronica cruz martinez,25,F,nuevo,email_invalido,5.0
2457,maria dominguez toro,48,M,potencial,email_invalido,4.0
2458,carolina espana dominguez,43,M,nuevo,email_invalido,9.0
2459,patricia cruz moreno,21,F,recurrente,email_invalido,
2460,andres cruz castano,30,M,potencial,email_invalido,11.0
2461,felipe alvarez fernandez,69,F,vip,email_invalido,5.0
2462,sofia gutierrez cifuentes,59,M,recurrente,email_invalido,4.0
2463,ricardo ospina ramirez,77,M,nuevo,email_invalido,9.0
2464,paola garcia alvarez,70,F,potencial,email_invalido,7.0
2465,carolina lopez ramirez,22,M,nuevo,email_invalido,5.0
2466,camilo lopez dominguez,70,M,recurrente,email_invalido,3.0
2467,alejandro ninez gutierrez,66,M,nuevo,email_invalido,
2468,andres moreno niniez,30,M,recurrente,email_invalido,11.0
2469,sofia herrera espana,76,F,recurrente,email_invalido,11.0
2470,laura rios dominguez,63,M,recurrente,no_identificado,
2471,alvaro munioz alvarez,55,F,recurrente,email_invalido,
2472,maria cruz espana,22,M,empresarial,email_invalido,
2473,alvaro cruz sanchez,80,F,recurrente,email_invalido,5.0
2474,angela munoz perez,54,M,recurrente,email_invalido,9.0
2475,andres vargas dominguez,40,F,empresarial,email_invalido,3.0
2476,claudia espania alvarez,68,F,recurrente,no_identificado,10.0
2477,sofia fernandez munioz,24,M,nuevo,email_invalido,4.0
2478,natalia fernandez gonzalez,30,M,potencial,email_invalido,4.0
2479,hernan dominguez cruz,62,M,recurrente,email_invalido,13.0
2480,alejandro herrera penia,69,F,vip,email_invalido,4.0
2481,ricardo penia vargas,61,M,empresarial,email_invalido,8.0
2482,daniela cifuentes vargas,36,F,recurrente,email_invalido,
2483,natalia cruz dominguez,53,M,recurrente,email_invalido,2.0
2484,mauricio rodriguez cifuentes,30,M,recurrente,email_invalido,11.0
2485,paola lopez niniez,67,F,vip,no_identificado,1.0
2486,veronica dominguez fernandez,69,M,nuevo,email_invalido,1.0
2487,alejandro lopez gonzalez,54,M,potencial,email_invalido,5.0
2488,claudia toro perez,51,M,recurrente,email_invalido,
2489,hernan garcia moreno,60,F,vip,email_invalido,
2490,benjamin rios garcia,37,M,potencial,no_identificado,3.0
2491,raul lopez sanchez,20,F,empresarial,email_invalido,
2492,jose moreno alvarez,37,F,recurrente,email_invalido,2.0
2493,benjamin ospina ramirez,35,F,empresarial,no_identificado,5.0
2494,julian gutierrez espania,48,F,potencial,email_invalido,
2495,diego sanchez moreno,50,F,empresarial,email_invalido,4.0
2496,hernan gutierrez sanchez,50,F,potencial,email_invalido,10.0
2497,carolina rodriguez moreno,55,F,nuevo,email_invalido,12.0
2498,raul rodriguez cardenas,57,F,nuevo,email_invalido,10.0
2499,natalia herrera gonzalez,43,F,potencial,email_invalido,8.0
2500,carolina rios moreno,19,F,empresarial,email_invalido,9.0
2501,valentina rios cruz,70,F,empresarial,email_invalido,11.0
2502,laura toro gutierrez,51,M,nuevo,email_invalido,2.0
2503,mauricio gonzalez ramirez,48,F,nuevo,email_invalido,2.0
2504,daniela cardenas cruz,61,F,potencial,no_identificado,4.0
2505,felipe perez ramirez,54,F,nuevo,email_invalido,4.0
2506,felipe herrera sanchez,74,F,recurrente,email_invalido,7.0
2507,andres fernandez gonzalez,76,M,nuevo,email_invalido,7.0
2508,carolina sanchez herrera,75,M,nuevo,email_invalido,
2509,hernan garcia vargas,70,F,vip,email_invalido,9.0
2510,sebastian dominguez perez,39,M,nuevo,no_identificado,1.0
2511,hernan toro munioz,71,M,empresarial,email_invalido,6.0
2512,laura herrera perez,55,M,vip,email_invalido,9.0
2513,monica rodriguez martinez,26,F,vip,email_invalido,10.0
2514,laura rodriguez espania,59,M,nuevo,no_identificado,10.0
2515,alvaro espana alvarez,40,M,empresarial,email_invalido,6.0
2516,valentina sanchez cardenas,37,M,potencial,email_invalido,3.0
2517,felipe rios niniez,28,F,vip,email_invalido,5.0
2518,carolina perez dominguez,23,M,nuevo,email_invalido,5.0
2519,ricardo espania rodriguez,30,F,recurrente,email_invalido,1.0
2520,claudia perez lopez,29,F,vip,email_invalido,
2521,maria rios espana,54,M,recurrente,email_invalido,8.0
2522,paola garcia fernandez,39,F,potencial,email_invalido,
2523,mauricio vargas dominguez,56,M,empresarial,email_invalido,12.0
2524,hernan penia cruz,62,F,vip,email_invalido,3.0
2525,andres garcia garcia,22,F,nuevo,email_invalido,11.0
2526,veronica garcia herrera,30,F,recurrente,email_invalido,5.0
2527,jesus gonzalez cardenas,52,M,empresarial,email_invalido,2.0
2528,julian martinez rodriguez,64,M,empresarial,email_invalido,
2529,raul castanio ospina,42,F,recurrente,email_invalido,1.0
2530,claudia martinez sanchez,61,F,potencial,email_invalido,3.0
2531,sofia perez garcia,61,F,empresarial,email_invalido,
2532,maria pena cruz,77,M,empresarial,no_identificado,1.0
2533,camilo toro moreno,33,F,empresarial,email_invalido,5.0
2534,ricardo cardenas rios,47,F,vip,email_invalido,4.0
2535,laura cardenas gonzalez,52,F,potencial,email_invalido,11.0
2536,patricia lopez cruz,68,M,recurrente,email_invalido,
2537,sofia gutierrez sanchez,30,M,nuevo,email_invalido,5.0
2538,raul dominguez gonzalez,28,M,nuevo,email_invalido,
2539,laura fernandez ramirez,43,F,empresarial,email_invalido,
2540,felipe gutierrez perez,30,F,potencial,email_invalido,
2541,paola alvarez alvarez,72,F,potencial,email_invalido,8.0
2542,claudia lopez garcia,64,F,recurrente,email_invalido,4.0
2543,julian ninez fernandez,30,F,empresarial,email_invalido,7.0
2544,hernan rodriguez rios,62,F,empresarial,email_invalido,6.0
2545,paola pena fernandez,67,F,empresarial,email_invalido,10.0
2546,camilo pena alvarez,31,M,empresarial,email_invalido,
2547,felipe martinez cruz,49,M,recurrente,email_invalido,
2548,claudia rios cardenas,34,F,vip,email_invalido,8.0
2549,diego toro moreno,40,M,vip,email_invalido,3.0
2550,monica ospina niniez,39,M,nuevo,no_identificado,8.0
2551,felipe rodriguez espana,30,M,recurrente,email_invalido,
2552,maria ospina cifuentes,38,M,nuevo,email_invalido,
2553,carolina fernandez perez,71,F,recurrente,email_invalido,9.0
2554,hernan rodriguez vargas,48,F,vip,email_invalido,
2555,sofia moreno ninez,25,M,recurrente,email_invalido,
2556,valentina sanchez espana,41,F,empresarial,email_invalido,
2557,monica castanio ramirez,72,F,empresarial,email_invalido,5.0
2558,sebastian cruz gutierrez,57,M,recurrente,email_invalido,12.0
2559,benjamin cifuentes cifuentes,75,M,empresarial,email_invalido,1.0
2560,carolina espania fernandez,33,F,recurrente,email_invalido,
2561,jose cruz penia,52,M,potencial,email_invalido,1.0
2562,julian gutierrez perez,74,M,empresarial,email_invalido,6.0
2563,sebastian gonzalez garcia,18,F,potencial,email_invalido,8.0
2564,andres pena lopez,42,M,empresarial,email_invalido,
2565,mauricio fernandez cruz,75,F,vip,email_invalido,8.0
2566,patricia espana vargas,42,F,recurrente,email_invalido,1.0
2567,paola sanchez toro,24,M,nuevo,email_invalido,
2568,daniela sanchez perez,19,M,recurrente,email_invalido,11.0
2569,patricia gonzalez rodriguez,30,M,vip,email_invalido,
2570,angela cifuentes herrera,49,F,recurrente,no_identificado,2.0
2571,felipe munioz niniez,60,M,empresarial,email_invalido,6.0
2572,patricia castanio martinez,19,M,nuevo,email_invalido,11.0
2573,jose herrera munioz,65,M,nuevo,email_invalido,11.0
2574,patricia sanchez lopez,75,F,vip,email_invalido,7.0
2575,hernan cardenas cifuentes,34,F,potencial,email_invalido,8.0
2576,benjamin martinez fernandez,34,M,vip,email_invalido,10.0
2577,angela alvarez gutierrez,48,M,recurrente,email_invalido,13.0
2578,mauricio gutierrez ramirez,62,M,nuevo,email_invalido,1.0
2579,hernan cruz martinez,30,M,vip,email_invalido,9.0
2580,monica sanchez castano,33,M,nuevo,email_invalido,2.0
2581,sebastian sanchez sanchez,61,F,nuevo,email_invalido,
2582,paola toro ospina,21,F,empresarial,email_invalido,
2583,monica dominguez gutierrez,37,M,potencial,email_invalido,2.0
2584,hernan castano moreno,18,M,nuevo,email_invalido,7.0
2585,valentina rios herrera,74,M,potencial,email_invalido,4.0
2586,diego rodriguez gonzalez,71,F,vip,email_invalido,1.0
2587,andres ninez cardenas,75,M,vip,email_invalido,
2588,paola ninez ospina,30,M,nuevo,email_invalido,7.0
2589,alejandro ospina garcia,70,M,empresarial,email_invalido,11.0
2590,angela ramirez moreno,75,F,recurrente,email_invalido,1.0
2591,angela martinez gonzalez,51,F,vip,email_invalido,12.0
2592,benjamin sanchez pena,30,M,nuevo,email_invalido,12.0
2593,andres cardenas herrera,30,F,potencial,email_invalido,
2594,angela ospina martinez,78,F,potencial,email_invalido,
2595,sofia toro ospina,22,F,vip,email_invalido,11.0
2596,claudia perez moreno,54,M,vip,email_invalido,13.0
2597,camilo martinez gutierrez,23,M,empresarial,email_invalido,3.0
2598,valentina vargas garcia,79,M,potencial,email_invalido,9.0
2599,jose dominguez fernandez,47,F,nuevo,email_invalido,11.0
2600,jesus rios perez,61,F,empresarial,email_invalido,9.0
2601,camilo perez munioz,58,F,empresarial,email_invalido,12.0
2602,camilo garcia garcia,23,M,nuevo,email_invalido,3.0
2603,ricardo cifuentes garcia,36,F,potencial,email_invalido,4.0
2604,felipe sanchez lopez,26,M,vip,email_invalido,5.0
2605,ricardo rodriguez lopez,59,F,potencial,email_invalido,12.0
2606,diego munoz dominguez,56,F,potencial,email_invalido,5.0
2607,benjamin espana lopez,33,F,nuevo,email_invalido,11.0
2608,andres rodriguez ramirez,51,M,nuevo,email_invalido,12.0
2609,hernan fernandez gutierrez,47,M,nuevo,email_invalido,10.0
2610,monica perez ospina,36,F,potencial,email_invalido,11.0
2611,felipe espania rios,22,M,recurrente,email_invalido,6.0
2612,angela rios alvarez,20,M,empresarial,email_invalido,
2613,sebastian sanchez ramirez,48,F,empresarial,email_invalido,
2614,sebastian herrera cardenas,47,F,empresarial,email_invalido,11.0
2615,patricia munioz gutierrez,47,M,vip,email_invalido,6.0
2616,patricia herrera dominguez,64,F,potencial,email_invalido,2.0
2617,veronica lopez lopez,52,F,recurrente,email_invalido,
2618,monica espana niniez,22,F,empresarial,email_invalido,10.0
2619,carolina cruz ospina,57,M,potencial,email_invalido,
2620,claudia vargas vargas,30,M,potencial,email_invalido,
2621,natalia cardenas ninez,80,M,nuevo,email_invalido,10.0
2622,jose gonzalez garcia,48,F,recurrente,email_invalido,
2623,angela fernandez espania,43,F,nuevo,email_invalido,2.0
2624,hernan niniez cruz,52,F,empresarial,email_invalido,8.0
2625,andres munoz moreno,40,M,vip,no_identificado,8.0
2626,monica ramirez rodriguez,75,M,empresarial,no_identificado,4.0
2627,julian gutierrez espana,62,F,empresarial,email_invalido,6.0
2628,laura martinez garcia,24,M,empresarial,no_identificado,1.0
2629,hernan gutierrez gonzalez,65,M,recurrente,email_invalido,11.0
2630,andres moreno perez,38,M,recurrente,email_invalido,13.0
2631,hernan niniez pena,98,M,nuevo,no_identificado,
2632,sebastian castano herrera,30,M,recurrente,email_invalido,11.0
2633,andres munioz herrera,33,F,empresarial,email_invalido,11.0
2634,alvaro perez rios,66,F,potencial,email_invalido,11.0
2635,valentina dominguez munoz,76,F,empresarial,email_invalido,9.0
2636,alejandro ramirez vargas,31,F,nuevo,email_invalido,12.0
2637,carolina gutierrez sanchez,46,M,vip,email_invalido,3.0
2638,veronica ninez cifuentes,43,M,potencial,email_invalido,8.0
2639,jose vargas garcia,30,M,potencial,email_invalido,
2640,camilo munioz ospina,30,F,empresarial,email_invalido,
2641,maria gonzalez cardenas,42,M,empresarial,email_invalido,3.0
2642,julian ramirez fernandez,60,M,vip,email_invalido,
2643,claudia perez toro,73,M,vip,email_invalido,3.0
2644,angela vargas perez,80,F,vip,email_invalido,5.0
2645,mauricio sanchez herrera,76,F,nuevo,email_invalido,2.0
2646,patricia perez cifuentes,41,M,nuevo,email_invalido,
2647,julian ramirez cardenas,46,M,vip,email_invalido,12.0
2648,monica castanio ospina,70,M,potencial,email_invalido,4.0
2649,claudia lopez cruz,74,F,nuevo,email_invalido,5.0
2650,alejandro espania cifuentes,30,M,recurrente,email_invalido,
2651,andres rios cruz,52,M,recurrente,email_invalido,
2652,sofia dominguez cruz,62,M,potencial,email_invalido,12.0
2653,maria lopez gonzalez,66,M,nuevo,email_invalido,5.0
2654,alvaro rodriguez moreno,38,F,empresarial,email_invalido,2.0
2655,paola munoz toro,55,F,nuevo,email_invalido,11.0
2656,hernan martinez espania,45,F,empresarial,email_invalido,5.0
2657,angela alvarez rios,58,F,potencial,email_invalido,
2658,laura sanchez perez,29,F,empresarial,email_invalido,1.0
2659,valentina penia gutierrez,33,F,empresarial,email_invalido,10.0
2660,alvaro ninez ninez,36,F,recurrente,email_invalido,
2661,alejandro moreno espania,18,M,recurrente,email_invalido,10.0
2662,carolina martinez ninez,74,M,potencial,email_invalido,
2663,claudia cruz dominguez,45,M,potencial,email_invalido,7.0
2664,camilo gutierrez alvarez,62,F,vip,email_invalido,
2665,alvaro cifuentes espania,36,F,recurrente,no_identificado,3.0
2666,sofia castanio cruz,64,M,potencial,email_invalido,8.0
2667,diego lopez gonzalez,74,M,potencial,email_invalido,5.0
2668,angela cifuentes vargas,24,M,potencial,email_invalido,1.0
2669,sebastian lopez alvarez,36,F,potencial,email_invalido,
2670,hernan pena ospina,38,M,empresarial,email_invalido,
2671,camilo sanchez pena,79,M,nuevo,email_invalido,
2672,felipe rodriguez munoz,53,F,empresarial,email_invalido,7.0
2673,sebastian ramirez herrera,42,F,vip,email_invalido,11.0
2674,alvaro munoz niniez,46,F,vip,email_invalido,
2675,andres castano alvarez,40,F,recurrente,email_invalido,10.0
2676,benjamin vargas cardenas,59,M,nuevo,email_invalido,4.0
2677,sebastian ramirez munioz,80,M,potencial,email_invalido,2.0
2678,raul castano fernandez,58,M,recurrente,email_invalido,7.0
2679,alejandro rios penia,30,F,recurrente,email_invalido,6.0
2680,camilo toro fernandez,20,F,potencial,email_invalido,10.0
2681,paola martinez rios,68,F,recurrente,email_invalido,12.0
2682,alvaro herrera pena,75,F,nuevo,email_invalido,
2683,alejandro niniez moreno,29,M,recurrente,email_invalido,
2684,mauricio rios cardenas,68,F,nuevo,email_invalido,4.0
2685,jesus martinez castano,63,F,potencial,email_invalido,1.0
2686,alejandro moreno fernandez,50,M,vip,email_invalido,6.0
2687,raul ospina moreno,55,M,empresarial,email_invalido,9.0
2688,camilo castanio moreno,75,F,empresarial,email_invalido,12.0
2689,sofia castano fernandez,76,F,potencial,no_identificado,
2690,sebastian ospina ospina,52,F,potencial,email_invalido,
2691,alejandro alvarez espana,71,F,vip,email_invalido,
2692,andres munioz garcia,37,M,potencial,email_invalido,
2693,mauricio gonzalez lopez,38,F,potencial,email_invalido,5.0
2694,veronica dominguez vargas,27,F,vip,email_invalido,3.0
2695,angela cifuentes lopez,31,F,empresarial,email_invalido,8.0
2696,diego niniez munioz,29,M,recurrente,email_invalido,
2697,felipe lopez gutierrez,24,M,recurrente,email_invalido,12.0
2698,laura perez martinez,24,F,potencial,email_invalido,3.0
2699,jose rodriguez cardenas,50,M,nuevo,email_invalido,10.0
2700,julian cardenas ospina,30,F,empresarial,email_invalido,5.0
2701,natalia castano lopez,59,F,recurrente,email_invalido,
2702,veronica ninez ninez,61,M,potencial,email_invalido,12.0
2703,raul cardenas rodriguez,37,M,recurrente,email_invalido,5.0
2704,raul espana ospina,70,F,vip,email_invalido,7.0
2705,maria gutierrez fernandez,77,M,vip,email_invalido,1.0
2706,hernan alvarez fernandez,51,F,recurrente,email_invalido,8.0
2707,alvaro dominguez perez,24,F,potencial,email_invalido,6.0
2708,patricia herrera sanchez,57,F,vip,email_invalido,7.0
2709,daniela herrera vargas,30,M,empresarial,email_invalido,1.0
2710,valentina alvarez fernandez,50,F,nuevo,email_invalido,5.0
2711,sofia dominguez rodriguez,47,M,potencial,email_invalido,11.0
2712,sebastian garcia dominguez,44,F,recurrente,email_invalido,
2713,paola espania alvarez,37,F,vip,email_invalido,
2714,veronica penia cardenas,30,F,empresarial,email_invalido,3.0
2715,benjamin garcia gutierrez,75,M,vip,email_invalido,5.0
2716,sebastian rios dominguez,57,M,empresarial,email_invalido,3.0
2717,monica cardenas alvarez,56,M,nuevo,email_invalido,2.0
2718,daniela rios cruz,43,M,empresarial,email_invalido,12.0
2719,sebastian fernandez munoz,56,F,recurrente,no_identificado,
2720,raul sanchez cruz,80,M,vip,email_invalido,1.0
2721,alvaro gonzalez gonzalez,69,M,empresarial,email_invalido,
2722,mauricio cruz sanchez,70,M,nuevo,email_invalido,6.0
2723,veronica pena castano,21,F,potencial,email_invalido,
2724,alvaro vargas gutierrez,35,F,empresarial,email_invalido,6.0
2725,alejandro rios rodriguez,45,F,recurrente,email_invalido,8.0
2726,paola niniez dominguez,76,F,vip,email_invalido,
2727,julian perez martinez,30,M,vip,no_identificado,9.0
2728,natalia fernandez munoz,45,M,empresarial,email_invalido,3.0
2729,sebastian alvarez castanio,46,F,recurrente,email_invalido,8.0
2730,alvaro martinez ninez,67,F,empresarial,email_invalido,12.0
2731,veronica cardenas rios,25,F,potencial,email_invalido,12.0
2732,mauricio sanchez sanchez,75,F,vip,email_invalido,
2733,valentina dominguez espana,75,M,vip,email_invalido,4.0
2734,maria lopez ninez,60,F,empresarial,email_invalido,3.0
2735,jesus penia herrera,68,M,vip,email_invalido,
2736,andres alvarez penia,47,F,potencial,email_invalido,6.0
2737,natalia moreno sanchez,68,M,recurrente,email_invalido,
2738,jose alvarez lopez,73,F,empresarial,email_invalido,5.0
2739,monica niniez munoz,51,M,nuevo,email_invalido,13.0
2740,felipe espania lopez,21,M,recurrente,email_invalido,
2741,veronica alvarez cruz,35,F,nuevo,no_identificado,12.0
2742,carolina alvarez toro,68,F,potencial,email_invalido,
2743,hernan fernandez espania,63,F,empresarial,email_invalido,6.0
2744,carolina ospina ramirez,54,F,recurrente,email_invalido,6.0
2745,jose cifuentes vargas,60,F,nuevo,email_invalido,9.0
2746,natalia cruz niniez,55,F,vip,email_invalido,4.0
2747,camilo ramirez lopez,54,F,vip,email_invalido,3.0
2748,valentina ospina gonzalez,53,F,recurrente,email_invalido,10.0
2749,maria dominguez penia,51,M,vip,email_invalido,12.0
2750,jose toro gutierrez,58,M,nuevo,email_invalido,10.0
2751,sebastian ninez lopez,41,M,recurrente,email_invalido,12.0
2752,patricia rodriguez ospina,56,M,potencial,email_invalido,13.0
2753,raul garcia penia,75,M,nuevo,email_invalido,10.0
2754,jose penia niniez,22,F,recurrente,email_invalido,9.0
2755,maria cruz perez,56,F,vip,email_invalido,9.0
2756,julian fernandez rios,23,M,potencial,email_invalido,8.0
2757,maria cifuentes gutierrez,30,M,empresarial,email_invalido,10.0
2758,veronica vargas gonzalez,37,M,nuevo,email_invalido,
2759,claudia niniez dominguez,72,F,potencial,email_invalido,9.0
2760,camilo alvarez garcia,34,M,vip,email_invalido,10.0
2761,alejandro munioz cifuentes,51,F,recurrente,email_invalido,3.0
2762,daniela cifuentes cruz,30,M,vip,email_invalido,
2763,jesus espana gutierrez,45,F,vip,email_invalido,
2764,jesus sanchez munoz,31,F,vip,email_invalido,
2765,veronica ospina sanchez,73,M,vip,no_identificado,11.0
2766,felipe lopez moreno,48,M,empresarial,email_invalido,
2767,paola cruz cruz,32,M,potencial,email_invalido,10.0
2768,andres gutierrez gonzalez,55,F,potencial,email_invalido,3.0
2769,jesus castano alvarez,58,M,recurrente,email_invalido,11.0
2770,julian ospina herrera,50,F,potencial,email_invalido,5.0
2771,hernan rios herrera,63,M,recurrente,email_invalido,
2772,angela cifuentes perez,76,F,vip,email_invalido,7.0
2773,felipe perez sanchez,30,F,empresarial,no_identificado,1.0
2774,paola rios fernandez,40,M,vip,email_invalido,4.0
2775,monica garcia espania,48,M,recurrente,email_invalido,2.0
2776,sofia rios fernandez,19,F,nuevo,no_identificado,8.0
2777,jose vargas toro,39,F,empresarial,email_invalido,4.0
2778,alejandro alvarez alvarez,48,M,recurrente,email_invalido,
2779,sofia sanchez fernandez,27,M,vip,email_invalido,7.0
2780,laura lopez cruz,22,F,recurrente,no_identificado,11.0
2781,daniela niniez perez,59,M,nuevo,no_identificado,
2782,jesus cardenas toro,73,M,recurrente,email_invalido,1.0
2783,mauricio rodriguez castano,32,F,vip,email_invalido,7.0
2784,valentina fernandez toro,22,M,recurrente,email_invalido,1.0
2785,valentina cardenas herrera,57,F,nuevo,email_invalido,11.0
2786,angela penia rios,30,F,potencial,email_invalido,
2787,felipe munoz alvarez,50,F,empresarial,email_invalido,3.0
2788,angela cruz dominguez,37,F,recurrente,email_invalido,7.0
2789,alejandro penia herrera,37,F,potencial,email_invalido,3.0
2790,alejandro garcia fernandez,45,M,vip,email_invalido,4.0
2791,ricardo fernandez munoz,46,M,vip,email_invalido,1.0
2792,natalia sanchez ninez,31,F,nuevo,email_invalido,12.0
2793,claudia alvarez martinez,75,F,potencial,email_invalido,12.0
2794,jesus niniez lopez,60,M,potencial,no_identificado,5.0
2795,laura cruz gutierrez,65,F,vip,no_identificado,1.0
2796,jesus ospina cardenas,54,M,nuevo,email_invalido,
2797,andres rios alvarez,40,F,nuevo,email_invalido,
2798,veronica cruz toro,59,F,potencial,email_invalido,
2799,andres toro cruz,51,F,recurrente,no_identificado,9.0
2800,jesus alvarez espania,18,M,vip,no_identificado,5.0
2801,veronica garcia garcia,34,M,nuevo,email_invalido,
2802,alvaro moreno cruz,73,F,potencial,email_invalido,
2803,sofia cifuentes penia,58,F,nuevo,email_invalido,9.0
2804,felipe rodriguez penia,60,M,potencial,email_invalido,3.0
2805,diego gutierrez perez,30,M,empresarial,email_invalido,11.0
2806,sebastian pena gonzalez,18,F,empresarial,email_invalido,
2807,hernan vargas pena,54,F,empresarial,email_invalido,3.0
2808,paola toro perez,58,F,potencial,email_invalido,
2809,jesus niniez ospina,63,F,vip,email_invalido,10.0
2810,sebastian fernandez niniez,64,F,vip,email_invalido,9.0
2811,camilo moreno moreno,27,M,vip,email_invalido,
2812,diego ospina espania,78,M,nuevo,email_invalido,2.0
2813,hernan rodriguez dominguez,91,M,nuevo,email_invalido,8.0
2814,patricia cifuentes garcia,64,M,recurrente,email_invalido,11.0
2815,claudia gonzalez gutierrez,21,F,recurrente,email_invalido,2.0
2816,benjamin vargas fernandez,70,F,vip,email_invalido,
2817,valentina garcia toro,30,F,empresarial,email_invalido,
2818,patricia cifuentes alvarez,22,F,potencial,email_invalido,12.0
2819,patricia espania castanio,69,F,vip,email_invalido,2.0
2820,paola castanio penia,30,F,empresarial,email_invalido,6.0
2821,camilo garcia rodriguez,40,M,potencial,email_invalido,1.0
2822,carolina perez cruz,68,F,potencial,email_invalido,1.0
2823,paola perez munioz,55,M,vip,email_invalido,
2824,ricardo toro perez,58,M,nuevo,email_invalido,9.0
2825,carolina perez castano,78,M,nuevo,email_invalido,1.0
2826,diego ramirez ninez,41,M,vip,email_invalido,4.0
2827,sebastian cifuentes perez,25,F,empresarial,email_invalido,6.0
2828,valentina fernandez niniez,31,F,recurrente,email_invalido,10.0
2829,jesus dominguez herrera,49,M,vip,email_invalido,12.0
2830,ricardo cifuentes fernandez,52,F,nuevo,email_invalido,7.0
