id_venta,id_tiempo,id_cliente,id_vehiculo,id_vendedor,id_sucursal,id_tipo_pago,cantidad,precio_venta,costo_vehiculo,descuento,precio_neto,margen_ganancia,financiado,comision_vendedor
1,,2,852,1,2,1,1.0,29436.0,25590.0,28.0,21193.92,3846.0,1,466.79
2,,3,1002,2,3,1,1.0,37334.0,29884.0,4.0,35840.64,7450.0,1,688.83
3,,4,989,3,2,1,1.0,125390.0,95173.0,25.0,94042.5,30217.0,1,2444.6
4,,5,1000,4,3,1,1.0,137842.0,116316.0,18.0,113030.44,21526.0,1,1391.07
5,,7,1015,5,4,1,1.0,47507.0,41039.0,2.0,46556.86,6468.0,0,703.65
6,,8,1021,6,5,2,1.0,19212.0,16351.0,31.0,13256.279999999999,2861.0,1,234.71
7,,9,998,7,4,1,1.0,139414.0,102760.0,20.0,111531.20000000001,36654.0,1,3448.78
8,,12,915,8,8,1,1.0,83679.0,75501.0,7.0,77821.47,8178.0,1,1400.34
9,,13,883,9,9,1,1.0,73353.0,57750.0,28.0,52814.159999999996,15603.0,0,2429.44
10,,14,975,2,10,3,1.0,1000.0,104686.0,29.0,710.0,-103686.0,0,2057.98
11,,15,1005,10,11,3,1.0,1000.0,79357.0,5.0,950.0,-78357.0,1,2588.1
12,,16,994,11,9,1,1.0,96442.0,73651.0,100.0,0.0,22791.0,1,1481.02
13,,17,979,12,12,1,1.0,65661.0,48356.0,30.0,45962.7,17305.0,0,1259.91
14,,18,934,13,1,3,1.0,55104.0,40675.0,17.0,45736.32,14429.0,0,1231.14
15,,19,910,14,10,2,1.0,48784.0,36435.0,6.0,45856.96,12349.0,0,615.05
16,,20,980,15,3,1,1.0,118298.0,96717.0,7.0,110017.14,21581.0,1,3272.34
17,,21,791,16,10,1,1.0,91461.0,66988.0,25.0,68595.75,24473.0,1,2302.59
18,,23,986,17,5,1,1.0,1000.0,62539.0,4.0,960.0,-61539.0,0,1236.86
19,,24,1017,18,3,1,1.0,1000.0,51465.0,8.0,920.0,-50465.0,1,1747.96
20,,27,926,19,9,1,1.0,1000.0,91502.0,33.0,669.9999999999999,-90502.0,1,4003.12
21,,28,867,20,10,1,1.0,148652.0,108246.0,23.0,114462.04000000001,40406.0,0,1554.89
22,,29,670,21,10,2,1.0,1000.0,52651.0,20.0,800.0,-51651.0,0,1698.01
23,,30,947,22,11,3,1.0,1000.0,87279.0,0.0,1000.0,-86279.0,1,2118.77
24,,32,906,23,2,3,1.0,28965.0,21676.0,5.0,27516.75,7289.0,0,
25,,33,1016,24,10,2,1.0,54707.0,46169.0,27.0,39936.11,8538.0,1,966.84
26,,34,1021,25,6,1,1.0,1000.0,100979.0,8.0,920.0,-99979.0,1,1865.27
27,,35,670,26,10,3,1.0,125628.0,119094.0,19.0,101758.68000000001,6534.0,1,3986.94
28,20220920.0,36,1009,27,6,2,1.0,118394.0,107561.0,15.0,100634.9,10833.0,1,2159.06
29,,37,1005,28,9,1,1.0,122238.0,88696.0,15.0,103902.3,33542.0,0,1450.74
30,,38,950,29,3,2,0.0,107244.0,78305.0,25.0,80433.0,28939.0,1,2781.05
31,,39,998,30,10,3,1.0,109507.0,100886.0,2.0,107316.86,8621.0,0,1985.49
32,,40,947,31,11,1,1.0,21233.0,16875.0,19.0,17198.73,4358.0,0,
33,,1583,769,12,5,1,1.0,1000.0,37808.0,31.0,690.0,-36808.0,1,1665.5
34,,42,959,32,5,3,1.0,34039.0,27786.0,16.0,28592.76,6253.0,0,1009.03
35,,44,926,33,1,2,1.0,62434.0,46634.0,7.0,58063.619999999995,15800.0,1,662.04
36,,45,970,34,9,2,1.0,16359.0,15542.0,17.0,13577.97,817.0,0,286.26
37,,46,898,35,11,3,1.0,59991.0,56052.0,33.0,40193.969999999994,3939.0,0,505.74
38,,47,1016,36,6,1,1.0,20866.0,19812.0,13.0,18153.42,1054.0,0,490.53
39,20211119.0,48,974,37,10,3,1.0,111015.0,90500.0,2.0,108794.7,20515.0,1,1660.57
40,20220814.0,50,955,38,6,2,1.0,50637.0,41130.0,26.0,37471.38,9507.0,0,1734.64
41,,51,948,39,12,2,1.0,59967.0,50876.0,28.0,43176.24,9091.0,1,1641.12
42,,54,978,40,4,1,1.0,105570.0,76429.0,17.0,87623.09999999999,29141.0,1,1747.76
43,,55,670,21,3,2,1.0,102272.0,77026.0,18.0,83863.04000000001,25246.0,0,1528.38
44,,57,1011,41,12,3,1.0,1000.0,100794.0,26.0,740.0,-99794.0,0,1158.55
45,,58,922,42,1,3,1.0,61036.0,48489.0,17.0,50659.88,12547.0,0,1563.8
46,,59,951,43,9,1,1.0,61306.0,47949.0,5.0,58240.7,13357.0,0,1238.55
47,20221110.0,60,1010,44,2,1,1.0,72949.0,57797.0,25.0,54711.75,15152.0,0,2095.31
48,,61,993,45,6,3,1.0,134592.0,114082.0,21.0,106327.68000000001,20510.0,0,1373.79
49,,62,834,46,8,1,1.0,1000.0,43121.0,29.0,710.0,-42121.0,1,833.53
50,,64,1017,47,5,1,1.0,78595.0,56383.0,28.0,56588.4,22212.0,1,1074.32
51,,65,975,30,6,3,1.0,18950.0,16153.0,25.0,14212.5,2797.0,0,461.17
52,,66,994,48,6,1,1.0,60646.0,51599.0,5.0,57613.7,9047.0,1,
53,,67,975,49,8,2,1.0,67247.0,51540.0,7.0,62539.71,15707.0,1,2130.54
54,,68,1015,50,6,2,1.0,47487.0,37900.0,22.0,37039.86,9587.0,1,1158.34
55,,69,959,51,12,3,1.0,113386.0,95065.0,19.0,91842.66,18321.0,0,3453.0
56,,70,1011,52,4,2,1.0,146751.0,109702.0,10.0,132075.9,37049.0,0,1469.53
57,20240515.0,72,1014,53,8,1,1.0,44076.0,41876.0,34.0,29090.159999999996,2200.0,1,
58,,73,1010,54,6,3,1.0,1000.0,60056.0,13.0,870.0,-59056.0,1,1446.57
59,,74,954,55,3,1,1.0,37645.0,27654.0,100.0,0.0,9991.0,1,620.37
60,,75,1024,56,1,3,1.0,64576.0,48859.0,23.0,49723.520000000004,15717.0,1,1635.54
61,,77,989,57,11,2,1.0,128515.0,97365.0,30.0,89960.5,31150.0,0,2517.39
62,,80,943,58,11,2,1.0,61935.0,48051.0,9.0,56360.85,13884.0,1,1540.2
63,,81,1002,59,1,3,1.0,141125.0,109886.0,12.0,124190.0,31239.0,1,2251.19
64,,82,846,60,7,2,1.0,55087.0,42452.0,22.0,42967.86,12635.0,0,673.41
65,,83,922,61,8,2,1.0,41262.0,36362.0,10.0,37135.8,4900.0,0,
66,,84,947,62,12,3,1.0,1000.0,82372.0,28.000000000000004,720.0,-81372.0,0,
67,,86,971,63,5,1,1.0,1000.0,73724.0,2.0,980.0,-72724.0,0,2250.7
68,,87,979,64,3,2,1.0,45123.0,42882.0,21.0,35647.17,2241.0,1,824.38
69,20200828.0,89,978,65,3,2,1.0,35492.0,28386.0,21.0,28038.68,7106.0,0,1037.67
70,,90,1014,66,12,1,1.0,164025.0,119933.0,14.0,141061.5,44092.0,1,3636.96
71,,95,954,67,10,1,1.0,136026.0,115613.0,11.0,121063.14,20413.0,1,
72,,96,1013,68,9,1,1.0,1000.0,110933.0,18.0,820.0000000000001,-109933.0,1,2561.99
73,,99,921,69,8,2,1.0,76137.0,68818.0,26.0,56341.38,7319.0,1,2463.7
74,,101,979,70,8,2,1.0,1000.0,64731.0,10.0,900.0,-63731.0,1,
75,,102,1011,71,8,3,1.0,79572.0,65765.0,100.0,0.0,13807.0,1,1643.35
76,,104,1000,72,4,1,1.0,65278.0,54413.0,3.0,63319.659999999996,10865.0,0,1809.16
77,,105,979,73,5,2,1.0,1000.0,52732.0,24.0,760.0,-51732.0,0,1795.23
78,,106,1021,74,6,1,1.0,24452.0,19543.0,0.0,24452.0,4909.0,1,224.95
79,,107,825,75,7,1,1.0,137062.0,110451.0,2.0,134320.76,26611.0,1,3474.54
80,,111,943,76,1,2,1.0,131031.0,107846.0,5.0,124479.45,23185.0,1,3486.5
81,20240416.0,112,942,77,5,2,1.0,144328.0,106128.0,15.0,122678.8,38200.0,1,3709.24
82,20210424.0,114,846,78,10,1,1.0,62872.0,47071.0,100.0,0.0,15801.0,0,1515.45
83,,115,867,79,10,3,1.0,1000.0,29638.0,20.0,800.0,-28638.0,0,440.07
84,,1501,1023,80,3,1,1.0,108200.0,92334.0,7.0,100626.0,15866.0,0,3564.88
85,,118,1024,81,9,2,1.0,140610.0,105076.0,3.0,136391.69999999998,35534.0,1,4540.32
86,,120,947,59,9,3,1.0,1000.0,93406.0,6.0,940.0,-92406.0,1,3219.33
87,,121,915,82,2,1,0.0,100615.0,85477.0,29.0,71436.65,15138.0,1,2293.74
88,,123,979,52,1,2,1.0,158711.0,113389.0,32.0,107923.48,45322.0,1,1274.01
89,,126,998,83,7,3,1.0,56897.0,44122.0,30.0,39827.899999999994,12775.0,0,1894.58
90,20231020.0,128,982,43,1,1,1.0,112740.0,86874.0,28.0,81172.8,25866.0,1,1440.62
91,,129,898,84,9,1,1.0,112784.0,85452.0,3.0,109400.48,27332.0,0,2791.34
92,,130,852,85,11,1,1.0,1000.0,27187.0,8.0,920.0,-26187.0,1,828.07
93,,131,846,86,10,3,1.0,81100.0,64626.0,14.0,69746.0,16474.0,0,1737.88
94,,132,989,87,7,3,1.0,119869.0,92484.0,16.0,100689.95999999999,27385.0,0,3011.19
95,20231210.0,134,955,88,4,2,1.0,156084.0,112007.0,31.0,107697.95999999999,44077.0,0,4073.82
96,,135,981,89,3,1,1.0,59762.0,50739.0,25.0,44821.5,9023.0,0,1262.96
97,,137,601,90,6,2,1.0,1000.0,46430.0,6.0,940.0,-45430.0,0,874.46
98,,139,894,91,4,3,1.0,65565.0,56022.0,3.0,63598.049999999996,9543.0,1,680.3
99,,140,979,92,1,2,1.0,125965.0,98351.0,6.0,118407.09999999999,27614.0,1,3287.2
100,,141,976,93,3,3,1.0,92958.0,76233.0,25.0,69718.5,16725.0,1,
101,,142,976,94,5,3,1.0,24012.0,17801.0,12.0,21130.56,6211.0,0,810.74
102,,143,1006,95,5,1,1.0,1000.0,20762.0,16.0,840.0,-19762.0,0,899.31
103,,145,1006,41,9,1,1.0,80046.0,58926.0,12.0,70440.48,21120.0,1,1439.38
104,20211117.0,146,970,96,8,3,1.0,1000.0,37163.0,17.0,830.0,-36163.0,1,777.98
105,,147,1008,97,10,1,1.0,104375.0,95501.0,21.0,82456.25,8874.0,1,1181.17
106,,148,885,98,4,3,1.0,1000.0,34613.0,23.0,770.0,-33613.0,0,
107,,149,601,99,10,3,1.0,82395.0,74113.0,2.0,80747.09999999999,8282.0,1,1826.22
108,,150,601,100,10,1,1.0,82087.0,76264.0,14.0,70594.81999999999,5823.0,1,2669.43
109,,153,601,101,8,1,1.0,67731.0,59580.0,34.0,44702.45999999999,8151.0,0,781.82
110,,155,970,102,1,3,1.0,101739.0,77138.0,3.0,98686.83,24601.0,0,2582.46
111,,158,976,103,6,2,1.0,23182.0,17920.0,22.0,18081.96,5262.0,1,727.57
112,,159,1010,104,6,3,1.0,134065.0,110700.0,3.0,130043.05,23365.0,1,2914.5
113,,160,983,50,5,3,1.0,1000.0,102249.0,100.0,0.0,-101249.0,0,3280.64
114,,161,932,105,4,1,1.0,21396.0,19492.0,8.0,19684.32,1904.0,1,572.81
115,,162,1019,32,6,1,1.0,32706.0,25428.0,23.0,25183.62,7278.0,0,780.7
116,,163,883,106,8,2,1.0,91485.0,65610.0,3.0,88740.45,25875.0,1,
117,,164,998,107,12,3,1.0,127931.0,105282.0,28.0,92110.31999999999,22649.0,0,1161.39
118,,165,981,108,10,2,1.0,105438.0,86914.0,34.0,69589.07999999999,18524.0,0,3645.67
119,,171,934,109,1,3,1.0,1000.0,96635.0,3.0,970.0,-95635.0,1,2751.63
120,20210809.0,172,1019,110,7,1,1.0,129171.0,107641.0,11.0,114962.19,21530.0,0,1237.37
121,,173,934,111,12,1,1.0,1000.0,107043.0,13.0,870.0,-106043.0,0,1075.97
122,,174,926,112,11,3,1.0,146528.0,106944.0,21.0,115757.12000000001,39584.0,1,2628.53
123,,175,834,69,5,1,1.0,1000.0,88410.0,31.0,690.0,-87410.0,0,1974.53
124,,179,769,113,9,1,1.0,1000.0,84481.0,27.0,730.0,-83481.0,1,
125,,182,791,114,11,1,1.0,107885.0,102047.0,14.0,92781.1,5838.0,1,2382.09
126,,183,769,115,11,2,1.0,125435.0,95653.0,26.0,92821.9,29782.0,1,2202.76
127,,186,1002,116,2,2,1.0,49513.0,36140.0,26.0,36639.62,13373.0,0,1304.53
128,,778,972,117,10,2,1.0,33405.0,29105.0,3.0,32402.85,4300.0,1,692.65
129,,189,954,113,5,3,1.0,91925.0,65820.0,2.0,90086.5,26105.0,1,
130,,192,1018,118,2,1,1.0,148307.0,113640.0,15.0,126060.95,34667.0,0,3041.2
131,,195,1023,119,3,3,1.0,77664.0,67920.0,10.0,69897.6,9744.0,1,1180.2
132,,198,769,85,10,3,1.0,121297.0,96039.0,24.0,92185.72,25258.0,1,1663.28
133,,201,1017,120,8,3,1.0,1000.0,76909.0,20.0,800.0,-75909.0,0,2704.49
134,,202,980,121,11,2,1.0,35059.0,33183.0,29.0,24891.89,1876.0,1,639.28
135,,205,1008,122,5,3,1.0,115408.0,91676.0,35.0,75015.2,23732.0,1,1854.75
136,,206,898,123,5,2,1.0,70407.0,64115.0,33.0,47172.689999999995,6292.0,0,2349.15
137,,207,1016,124,1,3,1.0,1000.0,105111.0,16.0,840.0,-104111.0,1,1788.52
138,,210,943,36,12,3,0.0,34494.0,25410.0,30.0,24145.8,9084.0,1,430.79
139,,211,1019,125,12,1,1.0,1000.0,73756.0,9.0,910.0,-72756.0,0,2183.89
140,,212,910,126,7,1,1.0,1000.0,26222.0,14.0,860.0,-25222.0,1,679.4
141,,213,769,77,1,1,1.0,32907.0,28489.0,33.0,22047.69,4418.0,0,833.75
142,,214,959,72,4,1,1.0,1000.0,31754.0,28.0,720.0,-30754.0,0,1065.36
143,20241021.0,216,994,4,1,3,1.0,114770.0,97743.0,23.0,88372.90000000001,17027.0,1,2615.66
144,,219,1005,127,11,1,1.0,1000.0,63271.0,13.0,870.0,-62271.0,1,1876.71
145,,220,973,105,11,3,1.0,131337.0,119012.0,11.0,116889.93000000001,12325.0,1,1945.04
146,,221,1019,128,2,2,1.0,108709.0,95426.0,2.0,106534.81999999999,13283.0,0,1976.7
147,,223,996,129,8,3,1.0,111201.0,95695.0,100.0,0.0,15506.0,0,1390.39
148,,224,852,130,12,2,1.0,62821.0,48398.0,18.0,51513.22,14423.0,1,1515.71
149,20240317.0,227,993,131,6,1,1.0,77954.0,61557.0,30.0,54567.799999999996,16397.0,0,1195.14
150,,229,974,132,6,3,1.0,114876.0,82310.0,5.0,109132.2,32566.0,0,2454.28
151,,231,915,133,4,3,1.0,24216.0,19731.0,16.0,20341.44,4485.0,0,285.31
152,,232,915,134,5,2,1.0,135802.0,114125.0,0.0,135802.0,21677.0,0,2201.51
153,,233,976,135,10,2,1.0,139007.0,112619.0,34.0,91744.62,26388.0,1,2835.49
154,,234,1014,136,2,1,1.0,1000.0,77285.0,10.0,900.0,-76285.0,1,2735.0
155,,235,1006,137,2,1,1.0,77779.0,69013.0,100.0,0.0,8766.0,0,840.94
156,,237,954,138,12,1,1.0,57010.0,53788.0,19.0,46178.100000000006,3222.0,1,998.74
157,,238,1022,139,9,3,1.0,46228.0,39645.0,4.0,44378.88,6583.0,1,1555.56
158,,239,769,140,12,3,1.0,93576.0,72046.0,9.0,85154.16,21530.0,0,971.07
159,20211125.0,241,1024,141,4,1,1.0,80298.0,63092.0,31.0,55405.619999999995,17206.0,0,698.42
160,,243,947,142,12,3,1.0,100988.0,73719.0,0.0,100988.0,27269.0,0,2656.17
161,,245,1021,17,11,2,1.0,1000.0,76020.0,6.0,940.0,-75020.0,0,1774.45
162,,246,998,143,6,1,1.0,68624.0,56915.0,7.0,63820.31999999999,11709.0,0,1702.4
163,20230309.0,247,791,144,8,1,1.0,51876.0,37339.0,11.0,46169.64,14537.0,0,1016.56
164,,248,1019,145,5,1,1.0,157176.0,118877.0,0.0,157176.0,38299.0,0,2421.02
165,,250,1023,146,10,1,1.0,1000.0,18585.0,14.0,860.0,-17585.0,1,175.21
166,,251,993,147,11,2,1.0,1000.0,87286.0,19.0,810.0,-86286.0,0,953.71
167,,252,1018,148,1,3,1.0,58894.0,47416.0,23.0,45348.380000000005,11478.0,0,1122.54
168,,253,998,149,8,3,1.0,110584.0,84670.0,34.0,72985.43999999999,25914.0,1,3827.97
169,,255,1018,150,4,3,1.0,1000.0,28110.0,8.0,920.0,-27110.0,0,370.22
170,,256,910,151,6,1,1.0,51825.0,38099.0,19.0,41978.25,13726.0,1,1679.15
171,,257,898,29,3,3,1.0,74717.0,61029.0,19.0,60520.770000000004,13688.0,0,2523.94
172,,258,974,112,12,1,1.0,138159.0,119718.0,25.0,103619.25,18441.0,0,4326.61
173,,263,1008,132,7,1,1.0,131461.0,103037.0,34.0,86764.26,28424.0,1,
174,,265,947,152,9,1,1.0,1000.0,55233.0,4.0,960.0,-54233.0,0,
175,20230720.0,266,978,153,11,2,1.0,122892.0,106009.0,100.0,0.0,16883.0,1,3333.86
176,,270,1019,154,4,1,1.0,42347.0,33381.0,22.0,33030.66,8966.0,1,1386.47
177,,271,943,155,4,2,1.0,26373.0,23897.0,10.0,23735.7,2476.0,0,471.13
178,20231121.0,272,1023,156,4,3,1.0,53347.0,48325.0,31.0,36809.43,5022.0,1,1208.75
179,,273,915,157,2,1,1.0,52017.0,47295.0,33.0,34851.39,4722.0,0,1015.5
180,,274,910,158,10,1,1.0,1000.0,38309.0,33.0,669.9999999999999,-37309.0,1,943.64
181,,275,990,159,4,2,1.0,1000.0,68625.0,12.0,880.0,-67625.0,0,1355.43
182,,276,983,160,3,3,1.0,1000.0,25073.0,27.0,730.0,-24073.0,1,
183,,277,994,134,12,3,1.0,77375.0,70377.0,17.0,64221.25,6998.0,0,1232.6
184,,278,1013,83,12,1,1.0,64176.0,51176.0,21.0,50699.04,13000.0,1,1047.0
185,,280,906,161,1,2,1.0,124640.0,99522.0,28.0,89740.8,25118.0,0,
186,,281,834,162,3,3,1.0,36951.0,28934.0,20.0,29560.800000000003,8017.0,1,947.47
187,,282,867,163,8,1,1.0,1000.0,111411.0,10.0,900.0,-110411.0,0,3833.6
188,,283,1011,164,6,3,1.0,121046.0,104925.0,33.0,81100.81999999999,16121.0,1,2105.98
189,,285,898,165,5,2,1.0,1000.0,47862.0,34.0,659.9999999999999,-46862.0,1,1470.25
190,,286,921,166,4,1,1.0,86898.0,68206.0,16.0,72994.31999999999,18692.0,0,840.42
191,,289,846,167,5,3,1.0,131006.0,104234.0,26.0,96944.44,26772.0,1,1895.53
192,,290,943,168,4,2,1.0,29037.0,24290.0,3.0,28165.89,4747.0,1,335.81
193,,291,1017,169,2,2,1.0,98531.0,70407.0,4.0,94589.76,28124.0,1,2022.8
194,20220203.0,292,955,170,10,3,1.0,137800.0,98641.0,34.0,90947.99999999999,39159.0,0,1569.71
195,,294,975,90,6,1,1.0,1000.0,58118.0,14.0,860.0,-57118.0,0,2017.55
196,20240712.0,295,934,171,11,3,1.0,40697.0,29616.0,23.0,31336.690000000002,11081.0,0,1104.37
197,,296,883,172,5,1,1.0,48831.0,37658.0,35.0,31740.15,11173.0,1,1683.63
198,,299,993,173,1,2,1.0,20537.0,18964.0,25.0,15402.75,1573.0,0,
199,,300,975,14,12,2,1.0,75625.0,70833.0,18.0,62012.50000000001,4792.0,0,1032.96
200,,301,919,174,8,3,1.0,30997.0,23016.0,6.0,29137.179999999997,7981.0,1,262.89
201,,306,922,175,6,3,1.0,118646.0,92154.0,18.0,97289.72,26492.0,0,2032.0
202,,307,986,176,3,3,1.0,120709.0,114687.0,3.0,117087.73,6022.0,1,1663.01
203,,309,943,177,6,3,1.0,51673.0,42221.0,24.0,39271.48,9452.0,1,567.86
204,,312,970,178,1,3,1.0,57261.0,40954.0,35.0,37219.65,16307.0,0,1597.29
205,,313,998,179,2,2,1.0,66647.0,49283.0,26.0,49318.78,17364.0,1,2265.09
206,,316,1006,147,1,1,1.0,1000.0,109418.0,25.0,750.0,-108418.0,0,
207,20221024.0,317,852,180,2,3,1.0,1000.0,106079.0,20.0,800.0,-105079.0,0,3481.81
208,,318,921,181,10,2,1.0,23690.0,18098.0,29.0,16819.899999999998,5592.0,1,397.93
209,,321,975,182,4,3,1.0,20341.0,15665.0,18.0,16679.620000000003,4676.0,0,244.09
210,,323,1014,183,8,2,1.0,109060.0,82717.0,23.0,83976.2,26343.0,0,3425.68
211,,327,910,184,8,1,1.0,43891.0,37893.0,20.0,35112.8,5998.0,0,1474.82
212,,329,922,185,1,2,1.0,105665.0,92940.0,21.0,83475.35,12725.0,1,871.13
213,,332,1002,4,10,3,1.0,46466.0,40955.0,27.0,33920.18,5511.0,1,1211.16
214,,333,1014,186,10,1,1.0,1000.0,20180.0,13.0,870.0,-19180.0,1,738.03
215,,334,932,187,2,2,1.0,94190.0,82548.0,14.0,81003.4,11642.0,1,1491.57
216,20241206.0,335,1005,188,8,2,1.0,101831.0,73004.0,9.0,92666.21,28827.0,1,3260.94
217,,336,979,189,9,1,1.0,156162.0,117306.0,20.0,124929.6,38856.0,1,4364.26
218,,337,1014,190,12,2,1.0,88288.0,66213.0,22.0,68864.64,22075.0,1,2786.57
219,,338,1005,191,9,2,1.0,110197.0,100394.0,34.0,72730.01999999999,9803.0,0,1641.05
220,,340,948,192,5,2,1.0,22991.0,17252.0,29.0,16323.609999999999,5739.0,1,774.92
221,,342,670,193,1,1,1.0,,54446.0,25.0,,,0,2521.08
222,,343,979,194,8,1,1.0,40716.0,31890.0,14.0,35015.76,8826.0,1,594.07
223,,349,948,195,8,3,1.0,74806.0,59134.0,31.0,51616.14,15672.0,1,1642.89
224,,350,1015,196,4,1,1.0,24979.0,22168.0,33.0,16735.929999999997,2811.0,0,382.4
225,,352,1015,197,11,3,1.0,62683.0,48918.0,17.0,52026.89,13765.0,1,1009.17
226,20241230.0,355,959,198,8,3,1.0,83218.0,68558.0,17.0,69070.94,14660.0,1,1404.14
227,,356,989,199,1,3,1.0,106580.0,94925.0,26.0,78869.2,11655.0,1,2666.72
228,20220712.0,358,1013,200,1,3,1.0,52138.0,47774.0,34.0,34411.079999999994,4364.0,0,
229,,359,955,109,3,1,1.0,1000.0,93822.0,19.0,810.0,-92822.0,0,3384.21
230,,360,862,55,6,2,1.0,55176.0,42252.0,31.0,38071.439999999995,12924.0,0,1274.09
231,,361,601,201,4,2,1.0,120012.0,109737.0,15.0,102010.2,10275.0,1,2833.03
232,,362,1024,202,2,2,1.0,48434.0,43777.0,17.0,40200.22,4657.0,1,
233,,363,978,203,6,1,1.0,80192.0,60715.0,32.0,54530.56,19477.0,1,2045.09
234,,365,951,30,3,1,1.0,31586.0,23666.0,28.0,22741.92,7920.0,1,988.67
235,,284,1019,204,12,1,1.0,20790.0,18746.0,16.0,17463.6,2044.0,1,461.33
236,20240609.0,368,834,205,9,2,1.0,97380.0,89088.0,7.0,90563.4,8292.0,1,2119.72
237,,369,1006,85,3,1,1.0,138587.0,107454.0,35.0,90081.55,31133.0,0,1593.37
238,,1704,905,113,8,1,1.0,1000.0,29225.0,24.0,760.0,-28225.0,0,1082.94
239,,372,959,38,6,2,1.0,35788.0,30623.0,23.0,27556.760000000002,5165.0,0,600.34
240,,374,975,206,6,2,1.0,1000.0,116001.0,0.0,1000.0,-115001.0,1,1781.33
241,,375,885,207,3,3,1.0,,71167.0,21.0,,,0,2979.41
242,,376,885,208,1,2,1.0,1000.0,29544.0,9.0,910.0,-28544.0,1,575.52
243,,378,894,164,7,1,1.0,115936.0,103692.0,21.0,91589.44,12244.0,1,3674.67
244,,379,1022,209,11,1,1.0,130142.0,100190.0,33.0,87195.13999999998,29952.0,1,1270.66
245,,380,905,210,11,1,1.0,108848.0,95174.0,14.0,93609.28,13674.0,1,3439.29
246,,381,973,211,1,3,0.0,110808.0,93050.0,20.0,88646.40000000001,17758.0,1,1697.37
247,,382,1019,193,10,1,1.0,1000.0,61003.0,16.0,840.0,-60003.0,0,1240.71
248,20240627.0,384,883,212,11,3,1.0,55799.0,42678.0,23.0,42965.23,13121.0,0,810.18
249,,385,601,4,11,2,1.0,161038.0,117536.0,15.0,136882.3,43502.0,1,1649.97
250,20231221.0,389,955,213,2,2,0.0,26624.0,19260.0,5.0,25292.8,7364.0,1,484.84
251,,390,954,214,10,1,1.0,38183.0,32712.0,20.0,30546.4,5471.0,1,684.52
252,20230604.0,391,791,215,3,1,1.0,111485.0,90086.0,3.0,108140.45,21399.0,0,2030.29
253,,392,867,216,3,3,1.0,23196.0,17969.0,6.0,21804.239999999998,5227.0,0,287.89
254,,393,915,217,5,1,1.0,30382.0,28093.0,8.0,27951.440000000002,2289.0,1,842.33
255,,395,959,218,8,3,1.0,70952.0,59412.0,32.0,48247.35999999999,11540.0,1,1588.21
256,,396,1004,219,12,1,1.0,1000.0,80290.0,11.0,890.0,-79290.0,1,3008.96
257,20220910.0,398,1008,220,4,3,1.0,31652.0,29426.0,35.0,20573.8,2226.0,0,464.3
258,,399,979,221,6,2,1.0,28832.0,23089.0,32.0,19605.76,5743.0,0,580.13
259,,400,1018,222,11,3,1.0,128981.0,109615.0,11.0,114793.09,19366.0,1,4488.84
260,,403,670,47,2,2,1.0,103572.0,80048.0,15.0,88036.2,23524.0,1,2913.51
261,20200623.0,404,910,194,4,1,0.0,135991.0,108711.0,23.0,104713.07,27280.0,0,
262,,405,964,223,9,3,1.0,97747.0,76394.0,33.0,65490.48999999999,21353.0,0,
263,,406,898,194,1,1,1.0,,102362.0,35.0,,,0,
264,,407,980,14,2,2,1.0,149562.0,109284.0,34.0,98710.91999999998,40278.0,0,4837.3
265,,408,947,224,10,1,1.0,46688.0,42672.0,4.0,44820.479999999996,4016.0,1,1340.08
266,20240507.0,367,885,225,5,2,1.0,33887.0,30832.0,23.0,26092.99,3055.0,1,605.05
267,,411,846,226,11,1,1.0,78121.0,68169.0,29.0,55465.909999999996,9952.0,1,909.97
268,,412,834,227,5,1,1.0,65245.0,53612.0,9.0,59372.950000000004,11633.0,1,1428.68
269,,413,942,159,1,1,1.0,50449.0,40773.0,13.0,43890.63,9676.0,0,
270,,414,1022,160,11,1,1.0,57364.0,45736.0,17.0,47612.119999999995,11628.0,0,
271,,415,919,228,12,1,1.0,74188.0,54700.0,2.0,72704.24,19488.0,0,1146.03
272,,416,1011,229,9,3,1.0,128679.0,118099.0,3.0,124818.62999999999,10580.0,1,2627.69
273,,417,973,230,7,3,1.0,1000.0,92276.0,7.000000000000001,929.9999999999999,-91276.0,1,3204.72
274,,418,905,231,3,1,1.0,133225.0,114961.0,20.0,106580.0,18264.0,1,1750.81
275,,419,1012,232,11,3,1.0,39530.0,36570.0,3.0,38344.1,2960.0,0,863.96
276,,420,1002,233,3,1,1.0,39264.0,35905.0,2.0,38478.72,3359.0,1,615.4
277,,421,993,218,12,3,1.0,123694.0,94093.0,14.0,106376.84,29601.0,0,2615.6
278,20231029.0,422,955,234,1,1,1.0,66281.0,53257.0,29.0,47059.509999999995,13024.0,1,869.44
279,,423,919,209,1,2,1.0,31895.0,23667.0,34.0,21050.699999999997,8228.0,1,899.28
280,,424,1018,34,8,3,1.0,75193.0,60040.0,28.0,54138.96,15153.0,1,2602.68
281,,425,1017,235,8,1,1.0,126419.0,119848.0,16.0,106191.95999999999,6571.0,1,1415.96
282,,426,867,236,8,1,1.0,102660.0,95536.0,100.0,0.0,7124.0,1,1628.27
283,,427,1018,157,11,3,1.0,75889.0,59485.0,30.0,53122.299999999996,16404.0,1,2256.69
284,,429,910,237,1,2,1.0,1000.0,34024.0,19.0,810.0,-33024.0,0,
285,,432,926,238,8,2,1.0,121610.0,100836.0,15.0,103368.5,20774.0,1,1852.8
286,,435,972,40,10,2,1.0,,15741.0,35.0,,,1,244.97
287,,436,922,239,10,1,1.0,142318.0,112379.0,4.0,136625.28,29939.0,1,3673.36
288,,437,954,240,4,3,1.0,59779.0,54161.0,14.0,51409.94,5618.0,0,1357.06
289,,438,996,158,12,3,1.0,1000.0,56900.0,13.0,870.0,-55900.0,0,
290,,439,852,23,1,3,1.0,126877.0,108545.0,8.0,116726.84000000001,18332.0,1,1436.61
291,20220418.0,30,914,241,9,2,1.0,1000.0,44993.0,19.0,810.0,-43993.0,0,1036.76
292,,440,922,242,3,1,1.0,86541.0,69995.0,35.0,56251.65,16546.0,0,2300.08
293,,441,970,231,4,1,1.0,1000.0,48301.0,25.0,750.0,-47301.0,1,2170.44
294,,442,980,103,11,3,1.0,28609.0,22840.0,21.0,22601.11,5769.0,0,
295,,443,862,243,7,1,1.0,29994.0,27464.0,4.0,28794.239999999998,2530.0,1,645.11
296,,446,1007,244,5,1,1.0,17633.0,15352.0,34.0,11637.779999999999,2281.0,1,244.19
297,20221018.0,449,915,245,9,2,1.0,21429.0,18186.0,6.0,20143.26,3243.0,1,547.4
298,20241030.0,451,883,172,11,3,1.0,79329.0,60420.0,32.0,53943.719999999994,18909.0,1,1325.51
299,,452,964,246,3,1,1.0,66308.0,55452.0,3.0,64318.759999999995,10856.0,0,1688.48
300,,453,852,16,9,1,1.0,1000.0,62550.0,24.0,760.0,-61550.0,0,2181.35
301,,454,906,247,2,1,1.0,77348.0,67385.0,34.0,51049.67999999999,9963.0,1,2107.03
302,,455,825,248,8,2,1.0,145806.0,113167.0,0.0,145806.0,32639.0,0,1960.91
303,,456,1017,249,3,2,1.0,68575.0,54603.0,17.0,56917.25,13972.0,1,2220.95
304,20230624.0,457,1022,250,6,1,1.0,1000.0,33417.0,12.0,880.0,-32417.0,0,1184.8
305,,458,959,151,2,1,1.0,33264.0,29697.0,33.0,22286.879999999997,3567.0,1,853.78
306,,459,898,251,11,3,1.0,20121.0,15329.0,14.0,17304.06,4792.0,0,299.7
307,,460,601,252,10,1,1.0,57877.0,49588.0,9.0,52668.07,8289.0,1,1050.82
308,,461,601,253,7,2,1.0,27147.0,24793.0,18.0,22260.54,2354.0,1,373.94
309,,462,1017,254,9,1,1.0,98009.0,72065.0,10.0,88208.1,25944.0,1,
310,,464,1016,248,7,1,1.0,1000.0,118996.0,21.0,790.0,-117996.0,1,5259.44
311,,1427,1000,189,10,3,1.0,119874.0,107280.0,24.0,91104.24,12594.0,1,1825.81
312,,468,971,255,6,1,1.0,1000.0,114315.0,13.0,870.0,-113315.0,1,3915.87
313,,469,894,106,1,3,0.0,143382.0,113195.0,5.0,136212.9,30187.0,1,3648.53
314,,470,947,256,12,3,1.0,26915.0,23388.0,10.0,24223.5,3527.0,1,842.94
315,,471,970,257,2,2,1.0,138615.0,101566.0,26.0,102575.1,37049.0,1,1631.64
316,,472,601,139,7,2,1.0,1000.0,96538.0,6.0,940.0,-95538.0,1,2442.4
317,,475,975,142,8,3,1.0,1000.0,82746.0,17.0,830.0,-81746.0,1,1059.47
318,,252,1015,258,2,2,1.0,1000.0,39977.0,11.0,890.0,-38977.0,1,436.6
319,20220201.0,476,994,259,9,3,1.0,32330.0,30281.0,27.0,23600.899999999998,2049.0,0,545.69
320,,477,922,186,9,3,1.0,1000.0,102452.0,10.0,900.0,-101452.0,0,1052.96
321,,478,1012,260,7,3,1.0,103899.0,86004.0,8.0,95587.08,17895.0,0,2481.63
322,,480,1019,261,3,1,1.0,119759.0,101723.0,16.0,100597.56,18036.0,0,4007.82
323,,481,955,262,6,3,1.0,,112354.0,8.0,,,1,
324,,483,922,263,8,1,0.0,120485.0,87528.0,100.0,0.0,32957.0,0,3041.62
325,,484,1019,168,10,3,1.0,1000.0,56666.0,4.0,960.0,-55666.0,0,1398.77
326,,486,883,264,5,3,1.0,,89584.0,13.0,,,0,1123.89
327,,488,1024,265,6,1,1.0,46983.0,44179.0,20.0,37586.4,2804.0,0,585.23
328,,490,948,266,1,3,1.0,1000.0,106617.0,5.0,950.0,-105617.0,1,4283.53
329,,491,1013,43,9,3,1.0,1000.0,45306.0,15.0,850.0,-44306.0,1,830.65
330,,492,972,267,3,3,1.0,123767.0,94712.0,35.0,80448.55,29055.0,0,1853.4
331,,493,998,268,11,2,1.0,47791.0,35420.0,27.0,34887.43,12371.0,0,637.05
332,,494,1018,269,12,3,1.0,56374.0,44072.0,14.0,48481.64,12302.0,1,966.15
333,,495,1022,270,8,1,1.0,53472.0,42104.0,2.0,52402.56,11368.0,0,840.08
334,,496,894,271,3,1,1.0,58333.0,54851.0,15.0,49583.049999999996,3482.0,1,835.73
335,,497,883,272,10,3,1.0,112899.0,89629.0,3.0,109512.03,23270.0,1,3128.06
336,20220617.0,498,905,242,2,2,1.0,80819.0,69295.0,33.0,54148.729999999996,11524.0,1,2022.1
337,,500,983,273,4,1,1.0,113553.0,87952.0,10.0,102197.7,25601.0,0,3826.21
338,,501,910,211,11,2,1.0,128586.0,112192.0,4.0,123442.56,16394.0,1,2784.34
339,,502,1010,274,5,1,1.0,102922.0,92757.0,18.0,84396.04000000001,10165.0,0,1280.79
340,,503,791,275,8,3,1.0,66001.0,61868.0,26.0,48840.74,4133.0,1,819.55
341,,504,994,86,2,2,1.0,63207.0,50979.0,8.0,58150.44,12228.0,1,1657.44
342,,505,1004,276,11,1,1.0,113878.0,86008.0,29.0,80853.37999999999,27870.0,1,2627.36
343,,508,825,277,3,1,1.0,63256.0,45729.0,31.0,43646.64,17527.0,0,1053.99
344,,509,922,278,1,1,1.0,131045.0,105052.0,34.0,86489.69999999998,25993.0,0,3008.4
345,,511,983,279,4,1,0.0,67761.0,64134.0,25.0,50820.75,3627.0,0,1215.36
346,20230402.0,513,993,280,7,3,0.0,1000.0,60181.0,30.0,700.0,-59181.0,1,1001.15
347,20210702.0,514,862,281,6,2,1.0,1000.0,46635.0,26.0,740.0,-45635.0,0,1730.22
348,20231106.0,516,601,282,11,3,1.0,84579.0,76340.0,0.0,84579.0,8239.0,1,895.72
349,20240713.0,517,1002,6,12,2,1.0,34001.0,27280.0,28.0,24480.719999999998,6721.0,1,
350,,519,959,22,2,3,1.0,90122.0,82478.0,17.0,74801.26,7644.0,0,1636.37
351,,522,974,283,3,1,1.0,126858.0,91271.0,8.0,116709.36,35587.0,0,2017.44
352,,528,998,284,4,1,1.0,107506.0,86891.0,21.0,84929.74,20615.0,0,1268.31
353,,529,973,285,1,1,1.0,70759.0,62112.0,20.0,56607.200000000004,8647.0,1,2390.18
354,,531,932,286,11,1,1.0,116478.0,101761.0,29.0,82699.37999999999,14717.0,0,
355,20231217.0,533,989,287,4,2,1.0,89885.0,82779.0,25.0,67413.75,7106.0,0,2709.47
356,,534,921,238,1,3,1.0,154943.0,118455.0,11.0,137899.27,36488.0,1,1897.8
357,,535,934,288,7,3,1.0,77113.0,57435.0,21.0,60919.270000000004,19678.0,0,2323.61
358,,537,867,289,12,3,1.0,126331.0,113698.0,34.0,83378.45999999999,12633.0,1,
359,20220505.0,538,670,290,3,3,1.0,122140.0,92848.0,10.0,109926.0,29292.0,1,1619.63
360,,539,1022,38,9,2,1.0,1000.0,44651.0,28.0,720.0,-43651.0,0,906.3
361,,540,1012,161,6,2,1.0,93376.0,68986.0,34.0,61628.15999999999,24390.0,0,1596.3
362,,541,1012,291,4,3,1.0,1000.0,17002.0,8.0,920.0,-16002.0,0,159.09
363,,544,834,292,12,3,1.0,93280.0,82484.0,8.0,85817.6,10796.0,0,2821.04
364,,547,1022,25,9,1,1.0,76326.0,63762.0,27.0,55717.979999999996,12564.0,1,2423.45
365,,550,993,293,5,2,1.0,55978.0,46269.0,9.0,50939.98,9709.0,0,816.32
366,,552,990,201,3,1,1.0,44017.0,38796.0,2.0,43136.659999999996,5221.0,1,406.54
367,,553,981,109,2,3,1.0,1000.0,95188.0,23.0,770.0,-94188.0,1,3427.54
368,,556,1005,294,9,3,1.0,56506.0,44869.0,2.0,55375.88,11637.0,1,1895.08
369,,557,989,295,8,3,1.0,23980.0,21746.0,34.0,15826.799999999997,2234.0,0,819.66
370,,1689,867,265,5,3,1.0,100115.0,74667.0,24.0,76087.4,25448.0,0,
371,,559,905,296,3,2,1.0,94964.0,89995.0,32.0,64575.52,4969.0,0,1209.59
372,,560,670,297,3,3,1.0,50285.0,39251.0,26.0,37210.9,11034.0,1,1526.91
373,,562,921,76,6,1,1.0,101922.0,78020.0,3.0,98864.34,23902.0,0,960.56
374,,563,883,298,5,3,1.0,1000.0,96299.0,16.0,840.0,-95299.0,1,1227.74
375,20200227.0,564,1014,299,8,3,1.0,99035.0,75814.0,8.0,91112.2,23221.0,0,3145.01
376,,566,885,300,9,2,1.0,118262.0,111778.0,31.0,81600.78,6484.0,1,4120.42
377,,570,996,301,3,1,1.0,103742.0,93083.0,2.0,101667.16,10659.0,0,2961.2
378,,571,1022,302,9,2,1.0,139079.0,102999.0,10.0,125171.1,36080.0,0,1776.63
379,,572,990,303,1,1,1.0,105579.0,83932.0,35.0,68626.35,21647.0,1,3269.85
380,20220126.0,574,954,304,12,1,1.0,101576.0,86918.0,31.0,70087.43999999999,14658.0,1,1243.66
381,,1293,1004,305,4,1,1.0,106020.0,100832.0,16.0,89056.8,5188.0,0,1017.51
382,,578,862,306,8,1,1.0,21722.0,15526.0,7.0,20201.46,6196.0,0,312.71
383,,579,1021,164,11,3,1.0,115903.0,90371.0,4.0,111266.87999999999,25532.0,1,1710.57
384,,581,601,102,10,3,1.0,89206.0,84631.0,7.0,82961.57999999999,4575.0,1,1746.05
385,,582,910,307,8,1,1.0,26022.0,24039.0,10.0,23419.8,1983.0,0,748.49
386,,583,1013,308,1,1,1.0,57501.0,51680.0,34.0,37950.659999999996,5821.0,0,500.64
387,20220902.0,584,1022,309,9,3,1.0,159098.0,115147.0,23.0,122505.46,43951.0,1,4291.6
388,,585,915,310,6,3,1.0,1000.0,66704.0,13.0,870.0,-65704.0,0,894.16
389,,2577,1024,311,5,1,1.0,121006.0,108721.0,23.0,93174.62,12285.0,0,4022.61
390,,587,943,312,12,1,1.0,135827.0,110196.0,31.0,93720.62999999999,25631.0,0,2565.51
391,,591,990,313,4,3,1.0,89924.0,83538.0,23.0,69241.48,6386.0,1,1182.88
392,20211008.0,594,910,314,7,2,1.0,56353.0,47739.0,4.0,54098.88,8614.0,1,1801.37
393,20210307.0,595,979,23,6,1,1.0,26801.0,25080.0,31.0,18492.69,1721.0,1,432.96
394,,597,1005,221,10,3,1.0,92591.0,84962.0,11.0,82405.99,7629.0,1,2257.81
395,,598,980,5,4,2,1.0,122674.0,104771.0,0.0,122674.0,17903.0,1,1128.92
396,,600,852,315,3,2,1.0,1000.0,67483.0,15.0,850.0,-66483.0,0,
397,,604,989,189,12,2,1.0,96890.0,81355.0,22.0,75574.2,15535.0,1,1124.63
398,,606,894,316,4,3,1.0,42534.0,38599.0,0.0,42534.0,3935.0,1,1023.15
399,,607,921,95,1,1,1.0,1000.0,109289.0,26.0,740.0,-108289.0,0,3251.57
400,,608,926,317,6,1,1.0,105630.0,75785.0,21.0,83447.7,29845.0,1,2589.77
401,,609,948,318,9,2,1.0,95675.0,79096.0,29.0,67929.25,16579.0,1,3293.62
402,,611,996,319,8,3,1.0,98727.0,72602.0,5.0,93790.65,26125.0,0,2642.29
403,20230604.0,612,915,295,1,1,1.0,1000.0,63096.0,27.0,730.0,-62096.0,0,2400.97
404,,615,1012,122,10,2,1.0,134135.0,119378.0,24.0,101942.6,14757.0,0,1276.76
405,,616,1007,201,2,2,1.0,111897.0,98850.0,6.0,105183.18,13047.0,1,1874.59
406,,617,973,320,9,2,1.0,98983.0,90208.0,35.0,64338.950000000004,8775.0,0,2738.19
407,,618,932,141,12,1,1.0,66093.0,60947.0,23.0,50891.61,5146.0,1,2029.28
408,20230215.0,620,1000,57,5,1,1.0,88372.0,77612.0,28.0,63627.84,10760.0,0,1937.65
409,20240625.0,621,979,127,10,3,1.0,69158.0,58084.0,6.0,65008.52,11074.0,0,1270.82
410,,622,947,321,11,2,1.0,90143.0,77332.0,13.0,78424.41,12811.0,1,3092.82
411,,623,1022,283,3,3,0.0,1000.0,108949.0,24.0,760.0,-107949.0,0,3187.27
412,,624,885,322,6,1,1.0,81624.0,69141.0,11.0,72645.36,12483.0,0,1859.48
413,,627,959,323,11,3,1.0,31546.0,27197.0,21.0,24921.34,4349.0,1,424.04
414,,628,1002,47,6,1,1.0,108982.0,81725.0,30.0,76287.4,27257.0,0,3520.11
415,,629,885,324,4,3,1.0,59632.0,53036.0,0.0,59632.0,6596.0,0,1128.75
416,20240805.0,630,1017,247,9,2,1.0,85210.0,72875.0,3.0,82653.7,12335.0,0,993.4
417,,632,983,90,11,1,1.0,81940.0,75512.0,14.0,70468.4,6428.0,0,2639.0
418,,633,1015,325,1,3,1.0,79041.0,61881.0,21.0,62442.39,17160.0,1,1104.9
419,,634,989,326,3,1,1.0,63467.0,52174.0,23.0,48869.590000000004,11293.0,0,980.21
420,,635,922,327,10,1,1.0,91968.0,79025.0,10.0,82771.2,12943.0,1,2270.1
421,,637,996,328,8,2,1.0,21853.0,20041.0,34.0,14422.979999999998,1812.0,0,
422,,639,769,329,10,2,1.0,157073.0,116332.0,31.0,108380.37,40741.0,0,
423,,640,964,330,1,3,1.0,21104.0,19672.0,2.0,20681.92,1432.0,1,565.74
424,,641,986,194,2,1,1.0,151795.0,119663.0,16.0,127507.79999999999,32132.0,0,4837.95
425,,644,1012,331,7,2,1.0,1000.0,35948.0,27.0,730.0,-34948.0,0,1183.54
426,20220106.0,647,1000,332,7,1,1.0,1000.0,91415.0,10.0,900.0,-90415.0,0,3252.72
427,,648,862,333,5,2,1.0,130074.0,107146.0,31.0,89751.06,22928.0,1,4072.83
428,,649,973,319,8,2,1.0,67373.0,52157.0,2.0,66025.54,15216.0,0,592.37
429,,651,959,334,12,3,1.0,49449.0,42561.0,17.0,41042.67,6888.0,0,822.2
430,,653,1006,335,2,1,1.0,1000.0,68097.0,10.0,900.0,-67097.0,1,
431,,655,951,190,7,3,1.0,57762.0,51278.0,33.0,38700.53999999999,6484.0,0,996.96
432,,657,947,336,10,1,1.0,1000.0,101523.0,10.0,900.0,-100523.0,1,
433,,658,947,245,9,1,1.0,132114.0,101212.0,5.0,125508.29999999999,30902.0,1,1860.89
434,,662,926,337,5,2,1.0,41658.0,33206.0,20.0,33326.4,8452.0,0,349.51
435,,663,970,338,7,2,1.0,,119951.0,5.0,,,1,2225.92
436,20230915.0,664,1023,339,4,3,1.0,148444.0,116229.0,10.0,133599.6,32215.0,0,1394.68
437,,268,942,340,8,3,1.0,118623.0,87419.0,21.0,93712.17,31204.0,1,1721.84
438,,665,986,290,2,2,1.0,153932.0,116721.0,35.0,100055.8,37211.0,0,5229.44
439,,668,1017,145,4,2,1.0,18114.0,16221.0,18.0,14853.480000000001,1893.0,1,211.27
440,,672,1005,341,12,1,1.0,1000.0,78886.0,2.0,980.0,-77886.0,0,1372.79
441,,674,943,342,2,3,1.0,89582.0,67740.0,6.0,84207.08,21842.0,1,2485.52
442,,675,919,343,11,1,1.0,33946.0,28964.0,100.0,0.0,4982.0,0,321.09
443,,676,950,344,11,3,1.0,35005.0,25503.0,33.0,23453.35,9502.0,1,451.86
444,,677,955,345,6,1,1.0,103516.0,87382.0,34.0,68320.56,16134.0,0,1731.09
445,,678,1009,346,2,2,0.0,91091.0,69983.0,12.0,80160.08,21108.0,0,1619.22
446,,667,955,347,8,2,1.0,143143.0,112615.0,14.0,123102.98,30528.0,1,3878.06
447,,680,971,348,10,3,1.0,82745.0,63432.0,8.0,76125.40000000001,19313.0,0,1186.32
448,20230822.0,681,978,349,8,3,1.0,1000.0,86049.0,17.0,830.0,-85049.0,0,
449,,682,1024,350,1,2,1.0,1000.0,59310.0,24.0,760.0,-58310.0,1,1162.22
450,,683,971,351,4,1,1.0,57201.0,42721.0,100.0,0.0,14480.0,0,1443.06
451,,685,986,217,10,2,1.0,97648.0,79293.0,19.0,79094.88,18355.0,1,2083.19
452,,686,982,352,10,3,1.0,122378.0,92213.0,26.0,90559.72,30165.0,0,
453,,687,834,339,4,3,1.0,77727.0,71184.0,24.0,59072.520000000004,6543.0,1,1450.75
454,,1821,846,266,6,2,1.0,112022.0,104908.0,0.0,112022.0,7114.0,0,3762.96
455,,689,846,353,10,3,1.0,89902.0,82268.0,20.0,71921.6,7634.0,0,2894.97
456,,690,915,170,2,3,1.0,1000.0,111243.0,2.0,980.0,-110243.0,1,3778.74
457,20240117.0,691,825,205,6,2,1.0,1000.0,94441.0,20.0,800.0,-93441.0,1,1785.25
458,,697,769,23,4,2,1.0,60237.0,44687.0,26.0,44575.38,15550.0,0,1850.3
459,,698,1005,354,2,1,1.0,112854.0,103219.0,31.0,77869.26,9635.0,1,2810.71
460,,699,994,355,1,1,1.0,95989.0,90180.0,24.0,72951.64,5809.0,1,1676.13
461,,701,943,356,3,1,1.0,1000.0,86377.0,32.0,679.9999999999999,-85377.0,0,
462,20200522.0,702,1005,357,2,1,1.0,1000.0,79663.0,4.0,960.0,-78663.0,0,2702.47
463,,703,970,358,4,1,1.0,128691.0,106157.0,14.0,110674.26,22534.0,1,1944.93
464,,704,852,188,4,1,1.0,87714.0,63610.0,20.0,70171.2,24104.0,1,2253.58
465,20200313.0,705,980,215,9,1,1.0,94752.0,88656.0,23.0,72959.04000000001,6096.0,1,1429.9
466,,706,670,54,5,1,1.0,72982.0,52355.0,34.0,48168.119999999995,20627.0,0,1313.69
467,,707,932,207,12,1,1.0,108689.0,94652.0,7.000000000000001,101080.76999999999,14037.0,1,2453.16
468,,708,867,52,3,1,1.0,31353.0,23512.0,13.0,27277.11,7841.0,0,263.12
469,,709,979,350,4,1,1.0,1000.0,111912.0,26.0,740.0,-110912.0,1,1842.83
470,,710,948,192,7,2,1.0,72016.0,63462.0,18.0,59053.12,8554.0,0,1056.78
471,,711,964,359,8,1,1.0,64993.0,56533.0,17.0,53944.189999999995,8460.0,1,1987.58
472,,712,1015,185,7,1,1.0,50420.0,44294.0,21.0,39831.8,6126.0,0,988.43
473,20200413.0,713,955,360,2,1,1.0,26711.0,20680.0,33.0,17896.37,6031.0,0,445.55
474,,714,1002,361,3,2,1.0,154491.0,112170.0,5.0,146766.44999999998,42321.0,0,2746.84
475,,715,898,362,10,3,1.0,1000.0,116530.0,24.0,760.0,-115530.0,0,
476,,716,1012,158,2,3,1.0,123233.0,116846.0,31.0,85030.76999999999,6387.0,0,4052.19
477,,717,979,17,6,2,1.0,63244.0,58161.0,0.0,63244.0,5083.0,0,
478,,719,910,363,1,3,1.0,1000.0,72894.0,6.0,940.0,-71894.0,1,1405.21
479,,720,1016,137,6,1,1.0,1000.0,28263.0,25.0,750.0,-27263.0,0,538.66
480,,723,994,139,4,2,1.0,110254.0,99512.0,25.0,82690.5,10742.0,0,1559.65
481,,724,990,364,3,3,1.0,40471.0,30257.0,29.0,28734.41,10214.0,0,572.96
482,,725,915,365,1,3,1.0,27818.0,21346.0,12.0,24479.84,6472.0,1,949.77
483,,728,670,366,9,2,1.0,136235.0,115456.0,17.0,113075.04999999999,20779.0,1,3150.73
484,,729,921,235,1,3,1.0,112323.0,92042.0,21.0,88735.17,20281.0,0,3295.0
485,,730,1013,367,7,1,1.0,1000.0,30661.0,4.0,960.0,-29661.0,1,1104.13
486,,731,1015,368,6,1,1.0,89153.0,64330.0,34.0,58840.979999999996,24823.0,1,2173.89
487,,732,921,369,2,3,1.0,94513.0,82365.0,31.0,65213.969999999994,12148.0,1,2660.35
488,,733,972,370,5,3,1.0,28810.0,26900.0,31.0,19878.899999999998,1910.0,0,788.64
489,,737,996,371,8,1,1.0,57090.0,52793.0,4.0,54806.4,4297.0,1,706.58
490,,738,905,80,3,1,1.0,104200.0,88784.0,14.0,89612.0,15416.0,0,
491,,739,970,372,1,2,1.0,81187.0,62546.0,12.0,71444.56,18641.0,1,2467.08
492,,740,906,373,4,3,1.0,68223.0,55048.0,24.0,51849.48,13175.0,0,2173.54
493,,741,846,374,12,1,1.0,135294.0,111909.0,25.0,101470.5,23385.0,1,1564.51
494,,742,1011,375,4,1,1.0,129729.0,101012.0,5.0,123242.54999999999,28717.0,0,1338.54
495,,743,981,376,1,2,1.0,129609.0,117139.0,25.0,97206.75,12470.0,1,2232.79
496,20240415.0,744,834,377,3,2,1.0,104185.0,86563.0,13.0,90640.95,17622.0,0,2216.22
497,,745,943,378,2,1,1.0,152328.0,119889.0,13.0,132525.36,32439.0,0,
498,,746,972,379,9,3,1.0,74032.0,54713.0,32.0,50341.759999999995,19319.0,0,2473.96
499,,747,852,338,1,3,1.0,1000.0,88974.0,24.0,760.0,-87974.0,1,1459.14
500,,749,1016,12,4,1,1.0,1000.0,46420.0,25.0,750.0,-45420.0,1,1690.41
501,,750,1017,380,5,1,1.0,1000.0,95008.0,9.0,910.0,-94008.0,1,2751.58
502,,516,915,381,5,2,1.0,100681.0,72205.0,32.0,68463.07999999999,28476.0,1,2364.25
503,,751,906,376,12,3,1.0,118321.0,95651.0,27.0,86374.33,22670.0,0,4095.04
504,,752,769,57,4,2,1.0,64750.0,49989.0,31.0,44677.5,14761.0,0,691.85
505,,755,906,132,6,2,1.0,105112.0,96369.0,30.0,73578.4,8743.0,1,2707.58
506,,757,922,382,1,3,1.0,1000.0,77775.0,18.0,820.0000000000001,-76775.0,1,2596.73
507,,758,852,40,3,3,1.0,133782.0,117332.0,30.0,93647.4,16450.0,0,2738.88
508,20221116.0,759,1008,6,12,1,1.0,67676.0,64223.0,16.0,56847.84,3453.0,1,1426.41
509,,760,1005,383,8,1,1.0,1000.0,104956.0,3.0,970.0,-103956.0,0,3951.64
510,,762,932,384,3,1,1.0,28634.0,24191.0,9.0,26056.940000000002,4443.0,1,562.49
511,,763,1011,385,8,1,1.0,61104.0,52125.0,21.0,48272.16,8979.0,0,1026.47
512,20200428.0,764,998,81,12,3,1.0,1000.0,63673.0,31.0,690.0,-62673.0,0,1849.29
513,20230802.0,765,993,386,11,1,1.0,94701.0,85535.0,6.0,89018.93999999999,9166.0,1,1950.92
514,,766,1024,2,1,1,1.0,24765.0,21043.0,18.0,20307.300000000003,3722.0,1,338.88
515,,767,934,387,8,1,1.0,93207.0,72503.0,3.0,90410.79,20704.0,0,
516,,770,973,388,7,1,1.0,103096.0,77895.0,3.0,100003.12,25201.0,0,2270.85
517,20201230.0,771,926,389,6,1,1.0,94340.0,70364.0,11.0,83962.6,23976.0,0,1662.72
518,,772,898,390,7,2,1.0,68400.0,59545.0,18.0,56088.00000000001,8855.0,0,2236.52
519,,773,990,391,7,1,1.0,,49552.0,33.0,,,1,1111.94
520,,774,954,392,3,1,1.0,1000.0,68006.0,9.0,910.0,-67006.0,1,1009.09
521,,775,910,233,12,3,1.0,62029.0,53325.0,33.0,41559.42999999999,8704.0,0,774.82
522,,776,1022,393,3,2,1.0,1000.0,50423.0,28.999999999999996,710.0,-49423.0,0,1909.8
523,,777,951,394,7,1,1.0,147408.0,113210.0,8.0,135615.36000000002,34198.0,0,4915.6
524,,778,959,383,2,3,1.0,125348.0,100709.0,22.0,97771.44,24639.0,0,1043.6
525,,779,769,322,8,1,1.0,,78244.0,19.0,,,1,1690.54
526,,780,986,395,12,2,1.0,29084.0,23468.0,24.0,22103.84,5616.0,1,838.42
527,,782,1007,396,3,2,1.0,66127.0,51205.0,100.0,0.0,14922.0,0,1152.47
528,,784,1015,43,5,1,0.0,88382.0,76822.0,11.0,78659.98,11560.0,1,2533.12
529,,786,1000,371,2,3,1.0,1000.0,108743.0,4.0,960.0,-107743.0,0,3121.14
530,,788,974,334,2,2,1.0,64578.0,48468.0,5.0,61349.1,16110.0,0,1305.3
531,20231027.0,791,894,397,4,3,1.0,49990.0,43329.0,14.0,42991.4,6661.0,1,735.66
532,,792,955,398,12,3,0.0,142944.0,104237.0,30.0,100060.79999999999,38707.0,1,
533,,793,852,297,8,3,1.0,1000.0,52421.0,29.0,710.0,-51421.0,0,989.01
534,,794,1004,399,8,1,1.0,1000.0,57914.0,5.0,950.0,-56914.0,1,714.98
535,,796,945,144,10,1,1.0,73341.0,57499.0,16.0,61606.439999999995,15842.0,0,937.92
536,,797,998,400,8,1,1.0,59224.0,50005.0,18.0,48563.68,9219.0,1,1702.05
537,,798,791,290,3,2,1.0,76959.0,59475.0,31.0,53101.71,17484.0,1,995.37
538,,799,894,401,7,3,1.0,117131.0,107254.0,31.0,80820.39,9877.0,0,2758.74
539,,802,978,189,5,3,1.0,60681.0,57786.0,25.0,45510.75,2895.0,0,1402.42
540,,803,1011,282,10,2,1.0,85508.0,74645.0,21.0,67551.32,10863.0,1,2958.24
541,,805,825,402,4,1,1.0,1000.0,51511.0,25.0,750.0,-50511.0,1,2057.99
542,,806,1018,107,9,1,1.0,1000.0,59976.0,34.0,659.9999999999999,-58976.0,0,
543,,807,990,5,4,1,1.0,53702.0,43610.0,34.0,35443.31999999999,10092.0,1,943.95
544,,808,1005,326,6,2,1.0,32590.0,23310.0,12.0,28679.2,9280.0,1,362.99
545,,811,959,314,5,1,1.0,1000.0,26425.0,34.0,659.9999999999999,-25425.0,1,490.8
546,,813,979,403,1,1,1.0,80333.0,72185.0,7.0,74709.68999999999,8148.0,1,2370.93
547,,121,670,199,5,2,1.0,37020.0,27195.0,9.0,33688.200000000004,9825.0,1,626.66
548,20240522.0,815,834,298,9,1,1.0,111617.0,103222.0,14.0,95990.62,8395.0,1,2353.39
549,,817,1012,77,10,2,1.0,50066.0,41612.0,17.0,41554.78,8454.0,1,1581.63
550,,819,1005,220,6,3,1.0,110251.0,92773.0,18.0,90405.82,17478.0,0,3114.3
551,,824,769,404,6,1,1.0,112165.0,81890.0,33.0,75150.54999999999,30275.0,0,1335.55
552,20231019.0,825,998,62,5,1,1.0,103941.0,92593.0,12.0,91468.08,11348.0,1,3489.17
553,,826,934,261,1,3,1.0,48997.0,44652.0,7.0,45567.21,4345.0,0,1451.48
554,,827,945,144,3,3,1.0,55787.0,42901.0,6.0,52439.78,12886.0,1,1098.47
555,,828,975,405,8,3,1.0,1000.0,89501.0,29.0,710.0,-88501.0,1,2630.46
556,,831,1010,406,8,3,1.0,88328.0,76776.0,0.0,88328.0,11552.0,0,2145.97
557,,832,1011,407,3,1,1.0,127098.0,104766.0,19.0,102949.38,22332.0,0,2691.06
558,,834,1021,83,8,3,1.0,103523.0,91060.0,29.0,73501.33,12463.0,0,2079.2
559,,835,1022,408,7,1,1.0,112945.0,88647.0,9.0,102779.95,24298.0,1,1455.87
560,,837,1008,409,9,2,1.0,78026.0,63709.0,34.0,51497.159999999996,14317.0,1,757.23
561,,838,959,241,11,2,1.0,115230.0,88316.0,12.0,101402.4,26914.0,1,2234.95
562,,839,942,127,2,1,1.0,41884.0,31140.0,13.0,36439.08,10744.0,0,
563,20201002.0,840,959,282,9,1,1.0,119805.0,103697.0,3.0,116210.84999999999,16108.0,1,3272.87
564,,841,932,143,1,3,1.0,52354.0,47384.0,14.0,45024.44,4970.0,0,1220.7
565,20210412.0,842,914,279,4,2,1.0,123856.0,96619.0,33.0,82983.51999999999,27237.0,1,1992.92
566,,843,1015,410,11,1,1.0,28997.0,20836.0,19.0,23487.570000000003,8161.0,0,554.04
567,,844,834,45,6,1,1.0,1000.0,50879.0,30.0,700.0,-49879.0,1,988.58
568,,847,1010,411,5,3,1.0,30773.0,23785.0,17.0,25541.59,6988.0,1,880.34
569,,848,601,412,11,1,1.0,1000.0,48937.0,27.0,730.0,-47937.0,0,658.37
570,,849,852,413,1,2,1.0,92434.0,67351.0,35.0,60082.1,25083.0,0,1687.23
571,20230610.0,850,994,414,4,1,1.0,40693.0,31412.0,12.0,35809.840000000004,9281.0,0,1096.07
572,,851,846,1,3,1,1.0,155524.0,114527.0,13.0,135305.88,40997.0,1,
573,20220819.0,852,1013,415,11,1,1.0,127109.0,114842.0,25.0,95331.75,12267.0,0,
574,,459,986,50,7,2,1.0,1000.0,56362.0,8.0,920.0,-55362.0,1,2061.1
575,,854,996,416,7,1,1.0,90894.0,73958.0,100.0,0.0,16936.0,1,2535.69
576,,855,976,324,8,2,1.0,55831.0,48580.0,26.0,41314.94,7251.0,1,693.68
577,20200322.0,856,769,409,3,2,1.0,64114.0,49702.0,35.0,41674.1,14412.0,1,889.96
578,,857,1009,255,8,1,1.0,127214.0,110631.0,35.0,82689.1,16583.0,0,
579,,858,601,1,7,3,1.0,108565.0,96486.0,100.0,0.0,12079.0,0,2643.88
580,,860,1018,75,9,3,1.0,1000.0,31101.0,22.0,780.0,-30101.0,1,783.07
581,,862,906,417,3,2,1.0,1000.0,69721.0,16.0,840.0,-68721.0,1,1885.43
582,,863,976,406,4,2,1.0,43882.0,36547.0,13.0,38177.34,7335.0,0,351.38
583,,864,980,203,6,1,1.0,21893.0,19174.0,32.0,14887.239999999998,2719.0,1,412.84
584,20210202.0,865,964,258,1,2,1.0,37043.0,28734.0,12.0,32597.84,8309.0,0,
585,,866,1005,418,9,1,1.0,113776.0,104900.0,31.0,78505.43999999999,8876.0,0,2037.84
586,,867,926,419,8,1,1.0,104783.0,81313.0,32.0,71252.43999999999,23470.0,0,2526.1
587,,869,1015,351,4,1,1.0,38427.0,30520.0,32.0,26130.359999999997,7907.0,1,861.96
588,20221222.0,872,1017,367,3,1,1.0,75302.0,69909.0,23.0,57982.54,5393.0,1,1186.03
589,20241203.0,873,947,420,2,2,1.0,152097.0,114812.0,16.0,127761.48,37285.0,0,1400.53
590,,874,1015,421,9,2,1.0,125134.0,113138.0,32.0,85091.12,11996.0,1,2790.66
591,,876,990,134,3,2,1.0,43019.0,39444.0,4.0,41298.24,3575.0,0,1366.82
592,20220613.0,878,1017,422,9,1,1.0,42822.0,35074.0,27.0,31260.059999999998,7748.0,1,682.05
593,,879,1015,242,4,3,1.0,32768.0,27095.0,34.0,21626.879999999997,5673.0,0,321.87
594,20231103.0,880,1023,37,11,2,1.0,49153.0,45117.0,100.0,0.0,4036.0,1,
595,,882,906,423,9,1,1.0,142721.0,107465.0,33.0,95623.06999999999,35256.0,1,4538.02
596,,883,1002,282,4,2,1.0,125943.0,118950.0,26.0,93197.81999999999,6993.0,1,3799.8
597,,884,934,157,7,2,1.0,122539.0,102294.0,35.0,79650.35,20245.0,1,2876.03
598,,886,1022,86,5,1,1.0,1000.0,98724.0,34.0,659.9999999999999,-97724.0,1,2757.25
599,,888,1022,4,1,2,1.0,52106.0,40434.0,15.0,44290.1,11672.0,0,534.63
600,,889,983,208,1,1,1.0,1000.0,51006.0,31.0,690.0,-50006.0,1,1283.51
601,,890,883,424,12,1,1.0,1000.0,107322.0,4.0,960.0,-106322.0,1,3221.51
602,,891,950,425,4,1,1.0,22293.0,16538.0,15.0,18949.05,5755.0,0,516.55
603,,892,921,426,4,3,1.0,117814.0,91809.0,27.0,86004.22,26005.0,0,1319.44
604,,894,998,159,11,3,1.0,48513.0,40419.0,35.0,31533.45,8094.0,1,
605,,896,974,427,7,3,1.0,1000.0,61186.0,9.0,910.0,-60186.0,0,1927.02
606,20210514.0,898,769,428,1,2,1.0,35791.0,29403.0,7.0,33285.63,6388.0,0,1013.85
607,,4,670,222,2,3,1.0,90404.0,84496.0,33.0,60570.67999999999,5908.0,0,
608,,899,979,214,10,1,1.0,1000.0,26041.0,33.0,669.9999999999999,-25041.0,0,
609,,900,950,283,6,2,1.0,1000.0,108335.0,13.0,870.0,-107335.0,0,4127.58
610,,901,1024,107,12,1,1.0,96564.0,71886.0,29.0,68560.44,24678.0,0,1773.86
611,,902,971,429,10,2,1.0,,75170.0,19.0,,,1,1739.96
612,,903,979,356,11,3,1.0,86997.0,79117.0,5.0,82647.15,7880.0,0,1270.27
613,,367,846,430,10,2,1.0,122316.0,97088.0,24.0,92960.16,25228.0,0,3863.59
614,,907,979,234,12,1,1.0,109201.0,85136.0,15.0,92820.84999999999,24065.0,1,3374.18
615,,908,769,104,11,3,0.0,86858.0,72368.0,33.0,58194.85999999999,14490.0,0,1908.46
616,,912,943,431,8,3,1.0,1000.0,109786.0,24.0,760.0,-108786.0,1,3468.81
617,,914,852,151,12,3,1.0,1000.0,47761.0,9.0,910.0,-46761.0,0,1089.49
618,,915,926,97,12,3,1.0,1000.0,54367.0,2.0,980.0,-53367.0,1,
619,,916,955,432,1,3,1.0,53089.0,45791.0,16.0,44594.759999999995,7298.0,1,1391.93
620,,918,1016,87,5,1,1.0,18965.0,17895.0,5.0,18016.75,1070.0,1,416.02
621,,921,825,433,6,3,1.0,158040.0,117529.0,19.0,128012.40000000001,40511.0,0,
622,,923,1013,434,12,1,1.0,57450.0,49229.0,20.0,45960.0,8221.0,1,910.11
623,,924,942,435,11,2,1.0,1000.0,108586.0,24.0,760.0,-107586.0,0,3877.88
624,,925,981,318,7,1,1.0,110823.0,102148.0,24.0,84225.48,8675.0,0,2894.64
625,20200723.0,927,943,241,9,1,1.0,74758.0,54992.0,15.0,63544.299999999996,19766.0,0,
626,,416,954,436,5,3,1.0,1000.0,103348.0,29.0,710.0,-102348.0,0,3487.34
627,,929,910,437,5,1,1.0,115492.0,105451.0,27.0,84309.16,10041.0,0,3921.12
628,,930,975,399,9,1,1.0,36583.0,31798.0,9.0,33290.53,4785.0,0,969.04
629,20230211.0,921,1006,216,5,1,1.0,1000.0,102303.0,34.0,659.9999999999999,-101303.0,1,3551.67
630,,934,898,42,3,1,1.0,18773.0,16644.0,23.0,14455.210000000001,2129.0,0,400.06
631,,935,670,375,2,1,1.0,1000.0,86524.0,25.0,750.0,-85524.0,1,3062.19
632,,936,1012,438,10,2,1.0,1000.0,87860.0,10.0,900.0,-86860.0,1,1823.29
633,,937,974,231,7,1,1.0,1000.0,62110.0,34.0,659.9999999999999,-61110.0,1,
634,20200503.0,939,994,249,9,3,1.0,1000.0,95104.0,5.0,950.0,-94104.0,1,1320.22
635,20210915.0,940,1013,439,4,2,1.0,1000.0,100813.0,11.0,890.0,-99813.0,0,2629.0
636,,941,943,440,12,1,1.0,46346.0,36197.0,17.0,38467.18,10149.0,0,764.78
637,,2119,898,21,11,1,1.0,1000.0,119269.0,15.0,850.0,-118269.0,1,
638,,943,898,275,3,3,1.0,53481.0,47384.0,5.0,50806.95,6097.0,0,1010.61
639,,944,972,441,3,3,1.0,107190.0,84473.0,9.0,97542.90000000001,22717.0,1,1921.42
640,,945,994,332,10,3,1.0,150650.0,107896.0,6.0,141611.0,42754.0,0,4477.84
641,,946,989,348,8,1,1.0,60410.0,49752.0,13.0,52556.7,10658.0,0,1183.56
642,20231016.0,948,670,442,6,3,1.0,18844.0,17128.0,29.0,13379.24,1716.0,0,
643,,949,942,443,7,1,1.0,94569.0,68111.0,4.0,90786.23999999999,26458.0,1,
644,,950,993,23,5,2,1.0,144652.0,111624.0,32.0,98363.35999999999,33028.0,1,1210.55
645,,951,1005,206,12,1,1.0,1000.0,27782.0,35.0,650.0,-26782.0,1,658.86
646,,952,883,144,4,3,1.0,50256.0,40102.0,31.0,34676.64,10154.0,0,893.6
647,,954,986,444,6,1,1.0,98891.0,87851.0,27.0,72190.43,11040.0,0,
648,,955,1002,445,12,3,1.0,47966.0,44379.0,14.0,41250.76,3587.0,1,910.21
649,,956,993,223,2,1,1.0,1000.0,89941.0,24.0,760.0,-88941.0,0,3849.2
650,,957,921,403,1,2,1.0,119341.0,104056.0,100.0,0.0,15285.0,1,3264.69
651,,958,996,386,1,3,1.0,36685.0,31334.0,4.0,35217.6,5351.0,0,926.23
652,,959,1017,446,6,1,1.0,1000.0,82984.0,26.0,740.0,-81984.0,0,1578.25
653,,961,1008,143,1,2,1.0,65931.0,48022.0,0.0,65931.0,17909.0,1,
654,,94,1000,63,8,2,1.0,77395.0,69041.0,28.0,55724.4,8354.0,0,2659.77
655,,962,926,447,9,1,1.0,30439.0,27803.0,23.0,23438.03,2636.0,1,630.58
656,,963,1024,446,3,2,1.0,42217.0,36208.0,7.000000000000001,39261.81,6009.0,1,535.48
657,,797,898,448,3,2,1.0,105849.0,96050.0,24.0,80445.24,9799.0,0,1581.32
658,,965,825,449,10,3,1.0,1000.0,41370.0,18.0,820.0000000000001,-40370.0,1,1254.15
659,,966,982,450,11,1,1.0,152765.0,119528.0,16.0,128322.59999999999,33237.0,0,3080.78
660,,968,1023,451,12,1,1.0,59209.0,49824.0,12.0,52103.92,9385.0,1,1978.88
661,,969,825,146,11,1,1.0,101217.0,75634.0,31.0,69839.73,25583.0,0,2202.34
662,20240901.0,970,915,332,11,1,1.0,133144.0,118549.0,2.0,130481.12,14595.0,1,1887.32
663,20200516.0,973,998,103,4,3,1.0,21487.0,17841.0,15.0,18263.95,3646.0,0,364.78
664,,974,978,349,5,3,0.0,1000.0,43374.0,2.0,980.0,-42374.0,0,1624.21
665,,975,1009,452,6,3,1.0,43910.0,34571.0,16.0,36884.4,9339.0,1,691.14
666,,976,926,453,11,1,1.0,75932.0,58389.0,4.0,72894.72,17543.0,1,950.19
667,,978,1015,203,5,2,1.0,30378.0,23762.0,34.0,20049.479999999996,6616.0,1,247.83
668,,979,915,454,5,2,1.0,42655.0,31833.0,7.0,39669.149999999994,10822.0,0,1378.69
669,,980,1005,124,9,1,1.0,99899.0,88629.0,27.0,72926.27,11270.0,1,2175.08
670,,981,846,422,4,1,1.0,1000.0,90161.0,6.0,940.0,-89161.0,1,3452.17
671,,982,959,410,4,3,1.0,61837.0,56442.0,8.0,56890.04,5395.0,0,1504.04
672,,2053,942,185,11,3,1.0,104775.0,89535.0,20.0,83820.0,15240.0,1,3134.68
673,,984,1019,21,1,2,1.0,71906.0,63544.0,22.0,56086.68,8362.0,1,1978.73
674,,369,862,166,11,3,1.0,1000.0,102975.0,20.0,800.0,-101975.0,0,1142.43
675,,987,1014,152,5,1,1.0,51046.0,39869.0,31.0,35221.74,11177.0,0,832.9
676,20221230.0,989,1023,455,8,1,1.0,91113.0,85435.0,29.0,64690.229999999996,5678.0,1,799.0
677,,990,1012,326,3,1,1.0,59756.0,56040.0,12.0,52585.28,3716.0,1,1064.13
678,,992,769,456,3,3,1.0,57612.0,43578.0,31.0,39752.28,14034.0,1,1288.86
679,,994,769,457,2,3,1.0,108413.0,81666.0,32.0,73720.84,26747.0,0,3561.33
680,20220528.0,995,979,458,3,1,1.0,38734.0,36626.0,19.0,31374.54,2108.0,0,353.16
681,,998,976,116,10,2,1.0,103721.0,98320.0,0.0,103721.0,5401.0,1,1070.08
682,,1000,883,459,6,1,1.0,1000.0,114645.0,1.0,990.0,-113645.0,0,4666.81
683,,1002,986,139,11,1,1.0,,50873.0,2.0,,,0,940.9
684,,1003,1000,460,5,3,1.0,62112.0,47179.0,11.0,55279.68,14933.0,1,701.81
685,,1004,919,20,3,1,1.0,24639.0,22682.0,20.0,19711.2,1957.0,1,466.91
686,,1005,1011,461,5,3,1.0,35490.0,30744.0,21.0,28037.100000000002,4746.0,0,453.34
687,,1006,976,462,4,3,1.0,124084.0,105061.0,25.0,93063.0,19023.0,1,4274.19
688,,1007,1015,368,5,1,1.0,115290.0,100786.0,30.0,80703.0,14504.0,0,3188.31
689,,1008,945,463,5,1,1.0,42339.0,35255.0,12.0,37258.32,7084.0,1,813.45
690,,1012,1008,464,11,2,1.0,1000.0,43918.0,15.0,850.0,-42918.0,0,2036.34
691,,1013,1015,465,11,1,1.0,129010.0,105072.0,20.0,103208.0,23938.0,0,2145.91
692,,1015,922,229,3,3,1.0,101667.0,92783.0,34.0,67100.21999999999,8884.0,1,3476.76
693,,1016,972,208,9,1,1.0,67011.0,49723.0,10.0,60309.9,17288.0,1,1534.16
694,,1017,959,208,9,2,1.0,53229.0,46152.0,28.0,38324.88,7077.0,1,1404.63
695,,1018,670,466,5,2,1.0,1000.0,54468.0,13.0,870.0,-53468.0,0,719.76
696,,1019,1005,439,3,3,1.0,102981.0,93330.0,5.0,97831.95,9651.0,1,1745.73
697,,1020,883,200,7,1,1.0,128202.0,105699.0,7.0,119227.85999999999,22503.0,1,2903.68
698,,1021,934,467,12,1,1.0,1000.0,89955.0,17.0,830.0,-88955.0,0,965.31
699,,1024,905,200,1,3,1.0,,73350.0,21.0,,,1,1568.7
700,,1025,990,430,11,1,1.0,20949.0,17471.0,18.0,17178.18,3478.0,0,703.2
701,,1027,1009,146,3,3,1.0,36365.0,30374.0,18.0,29819.300000000003,5991.0,0,
702,,1028,1019,417,8,2,1.0,,53287.0,8.0,,,1,1933.55
703,,1029,906,468,10,2,1.0,1000.0,90543.0,24.0,760.0,-89543.0,0,1650.23
704,,2760,990,3,4,1,1.0,94026.0,82031.0,15.0,79922.09999999999,11995.0,1,2309.91
705,,1033,959,469,8,1,1.0,48420.0,45352.0,35.0,31473.0,3068.0,1,533.31
706,,1035,791,470,11,1,1.0,1000.0,94974.0,11.0,890.0,-93974.0,0,3969.21
707,,1037,1016,456,10,3,1.0,1000.0,21654.0,32.0,679.9999999999999,-20654.0,1,738.73
708,,1038,1007,471,12,2,1.0,1000.0,71387.0,34.0,659.9999999999999,-70387.0,1,1484.44
709,,1039,1004,259,5,2,1.0,144246.0,113154.0,18.0,118281.72000000002,31092.0,1,1490.47
710,,1040,910,263,3,1,1.0,86981.0,65134.0,2.0,85241.38,21847.0,0,2819.28
711,,1041,894,368,7,3,1.0,106279.0,83243.0,32.0,72269.71999999999,23036.0,1,1531.97
712,,1042,945,130,11,2,1.0,110192.0,99591.0,5.0,104682.4,10601.0,1,3211.51
713,,1043,978,361,3,3,1.0,56985.0,41558.0,16.0,47867.4,15427.0,1,915.64
714,,1044,964,472,1,1,1.0,38268.0,30181.0,6.0,35971.92,8087.0,1,417.83
715,,1045,932,54,8,1,1.0,131928.0,98592.0,17.0,109500.23999999999,33336.0,0,3910.04
716,,1047,1015,473,11,1,1.0,105352.0,85810.0,14.0,90602.72,19542.0,1,2671.27
717,,1048,954,296,2,1,1.0,1000.0,87138.0,17.0,830.0,-86138.0,0,1234.62
718,,1049,970,474,6,3,1.0,,31632.0,0.0,,,1,1392.68
719,,1050,910,323,6,2,1.0,90573.0,70822.0,12.0,79704.24,19751.0,0,1770.68
720,,1051,1024,94,5,3,1.0,1000.0,46928.0,1.0,990.0,-45928.0,0,756.01
721,20241111.0,1052,1019,228,10,1,1.0,95137.0,89729.0,19.0,77060.97,5408.0,1,1537.0
722,,1054,986,146,10,3,1.0,1000.0,109293.0,3.0,970.0,-108293.0,1,3688.69
723,,1055,898,356,11,1,1.0,44006.0,36451.0,13.0,38285.22,7555.0,0,468.15
724,,1056,945,62,8,3,1.0,1000.0,99763.0,18.0,820.0000000000001,-98763.0,0,1438.99
725,,1059,919,436,2,1,1.0,1000.0,100598.0,9.0,910.0,-99598.0,1,3594.05
726,,1060,951,475,1,3,1.0,91805.0,76071.0,34.0,60591.299999999996,15734.0,1,3167.49
727,,1061,885,308,6,2,1.0,1000.0,74263.0,4.0,960.0,-73263.0,1,2693.61
728,,1062,905,45,9,3,1.0,54993.0,43004.0,7.0,51143.49,11989.0,0,708.54
729,,1063,791,104,12,3,1.0,80156.0,64689.0,11.0,71338.84,15467.0,0,1652.69
730,,1065,862,476,2,2,1.0,76211.0,65821.0,9.0,69352.01000000001,10390.0,1,2586.46
731,,1066,906,477,9,1,1.0,108366.0,83837.0,15.0,92111.09999999999,24529.0,0,1067.97
732,20211003.0,1067,954,122,10,2,1.0,126114.0,106016.0,7.0,117286.01999999999,20098.0,1,1426.56
733,,1068,942,199,12,1,1.0,1000.0,55992.0,21.0,790.0,-54992.0,0,1848.45
734,,1069,898,142,1,1,1.0,1000.0,90445.0,8.0,920.0,-89445.0,0,2525.95
735,20231108.0,1070,910,478,4,3,1.0,68162.0,61514.0,19.0,55211.22,6648.0,0,
736,20220502.0,1071,934,469,10,2,1.0,77995.0,60942.0,15.0,66295.75,17053.0,1,2008.2
737,,1072,825,346,2,3,1.0,132299.0,105182.0,0.0,132299.0,27117.0,1,3259.63
738,,1073,906,254,8,2,1.0,36467.0,27378.0,16.0,30632.28,9089.0,0,
739,,1076,921,479,9,1,1.0,1000.0,36088.0,32.0,679.9999999999999,-35088.0,1,835.14
740,,1077,945,422,8,2,1.0,18822.0,16316.0,12.0,16563.36,2506.0,1,196.88
741,,1080,867,307,1,3,1.0,1000.0,64158.0,2.0,980.0,-63158.0,0,1727.98
742,,1082,867,480,2,1,1.0,104766.0,84394.0,6.0,98480.04,20372.0,0,2336.44
743,,1083,1009,481,7,3,1.0,137086.0,119237.0,23.0,105556.22,17849.0,0,1336.28
744,,1084,975,482,12,2,1.0,54344.0,40946.0,34.0,35867.03999999999,13398.0,0,1297.13
745,20210921.0,1086,976,483,3,2,1.0,79972.0,63327.0,31.0,55180.67999999999,16645.0,1,2663.51
746,20210521.0,1087,1012,370,11,1,1.0,1000.0,87133.0,21.0,790.0,-86133.0,1,1993.07
747,20200127.0,1088,1009,432,7,2,1.0,58993.0,47681.0,26.0,43654.82,11312.0,1,957.71
748,,1089,1012,285,9,3,1.0,90698.0,86357.0,35.0,58953.700000000004,4341.0,0,802.97
749,20200511.0,1090,934,308,8,3,1.0,51218.0,39875.0,23.0,39437.86,11343.0,1,1287.36
750,,1093,954,484,1,2,1.0,1000.0,74803.0,20.0,800.0,-73803.0,1,2276.79
751,,1094,948,485,12,2,1.0,110777.0,99044.0,6.0,104130.37999999999,11733.0,1,2077.91
752,,1095,1024,234,2,3,1.0,142027.0,102600.0,14.0,122143.22,39427.0,1,3023.21
753,,1096,954,52,8,2,1.0,1000.0,107831.0,35.0,650.0,-106831.0,1,4613.2
754,,1097,1002,164,11,1,1.0,49867.0,43698.0,19.0,40392.270000000004,6169.0,1,579.65
755,,1099,1023,486,4,1,1.0,28514.0,22934.0,10.0,25662.600000000002,5580.0,0,
756,,1100,980,298,10,1,1.0,1000.0,40193.0,4.0,960.0,-39193.0,0,766.21
757,,1102,934,487,11,1,1.0,41115.0,32724.0,22.0,32069.7,8391.0,1,838.72
758,,1104,974,488,1,3,1.0,52608.0,48830.0,17.0,43664.64,3778.0,1,831.68
759,20220516.0,1105,983,363,9,1,1.0,128563.0,93064.0,28.000000000000004,92565.36,35499.0,1,4166.48
760,,1054,955,358,9,2,1.0,1000.0,70374.0,7.0,929.9999999999999,-69374.0,0,1232.9
761,,1106,825,489,10,1,1.0,102042.0,83771.0,22.0,79592.76000000001,18271.0,1,1015.83
762,,1028,926,81,9,2,1.0,92022.0,76246.0,3.0,89261.34,15776.0,0,2457.53
763,,1109,934,490,8,1,1.0,132763.0,107983.0,29.0,94261.73,24780.0,0,3163.06
764,,1111,921,433,6,1,1.0,59337.0,44578.0,9.0,53996.67,14759.0,0,940.44
765,,1112,922,491,7,3,1.0,39599.0,35686.0,35.0,25739.350000000002,3913.0,1,425.76
766,20220106.0,1115,942,426,12,2,1.0,,66953.0,3.0,,,0,1872.93
767,,1117,945,144,8,1,1.0,1000.0,26427.0,30.0,700.0,-25427.0,1,877.9
768,,1120,921,440,4,3,1.0,103161.0,89766.0,6.0,96971.34,13395.0,0,1052.38
769,,1121,834,424,12,3,1.0,75806.0,54734.0,29.0,53822.259999999995,21072.0,0,876.88
770,,1122,1010,132,1,2,1.0,136100.0,105272.0,4.0,130656.0,30828.0,0,3823.89
771,,1123,1012,152,9,1,1.0,120266.0,109714.0,11.0,107036.74,10552.0,0,2090.22
772,,1126,1002,262,5,2,1.0,18635.0,17480.0,22.0,14535.300000000001,1155.0,1,343.23
773,,1127,972,255,8,3,1.0,141067.0,115854.0,100.0,0.0,25213.0,1,2796.29
774,20200222.0,1128,601,295,8,1,1.0,41359.0,35478.0,21.0,32673.61,5881.0,1,674.15
775,,1129,954,67,9,2,1.0,1000.0,36001.0,0.0,1000.0,-35001.0,0,1036.38
776,20240809.0,1130,975,492,10,1,1.0,115475.0,104057.0,20.0,92380.0,11418.0,0,2097.97
777,20220317.0,1131,1012,105,1,2,1.0,1000.0,34836.0,33.0,669.9999999999999,-33836.0,1,1071.46
778,,1133,980,493,7,1,1.0,41715.0,34194.0,25.0,31286.25,7521.0,0,1175.04
779,,1135,976,205,3,3,1.0,86903.0,70763.0,24.0,66046.28,16140.0,0,1635.02
780,,1137,934,494,8,2,1.0,1000.0,40118.0,11.0,890.0,-39118.0,0,548.19
781,20210413.0,1138,932,221,12,3,1.0,34641.0,27808.0,30.0,24248.699999999997,6833.0,0,1007.19
782,,1140,601,4,3,2,1.0,67630.0,50172.0,17.0,56132.899999999994,17458.0,0,1047.77
783,,1141,950,346,10,2,1.0,50667.0,45866.0,9.0,46106.97,4801.0,0,596.6
784,,1142,905,369,12,2,1.0,99326.0,77574.0,14.0,85420.36,21752.0,0,1493.52
785,,1143,972,495,10,2,1.0,121498.0,89984.0,29.0,86263.58,31514.0,0,3431.39
786,,1144,947,496,2,3,1.0,,119136.0,14.0,,,1,
787,,1145,976,364,11,3,1.0,113092.0,98777.0,25.0,84819.0,14315.0,1,3420.76
788,,1146,1006,444,11,3,1.0,1000.0,98831.0,28.0,720.0,-97831.0,0,3968.47
789,,1502,978,106,12,2,1.0,96504.0,86006.0,17.0,80098.31999999999,10498.0,0,2984.08
790,20241013.0,1150,975,183,5,2,1.0,1000.0,100772.0,13.0,870.0,-99772.0,0,3690.65
791,,1154,1004,150,6,3,1.0,1000.0,61918.0,26.0,740.0,-60918.0,1,1779.8
792,,1155,994,497,7,2,1.0,1000.0,31683.0,26.0,740.0,-30683.0,0,845.42
793,,1158,996,340,1,2,1.0,136844.0,102185.0,3.0,132738.68,34659.0,1,1410.15
794,,1160,769,65,1,3,1.0,1000.0,113479.0,10.0,900.0,-112479.0,1,3376.34
795,20211120.0,920,1008,498,2,3,1.0,1000.0,96424.0,2.0,980.0,-95424.0,0,
796,,1161,959,2,12,2,1.0,1000.0,45554.0,25.0,750.0,-44554.0,1,1655.84
797,,1162,948,499,11,1,1.0,44601.0,34176.0,30.0,31220.699999999997,10425.0,1,877.2
798,,1164,852,203,10,3,1.0,148594.0,108101.0,13.0,129276.78,40493.0,1,2049.53
799,,1165,922,500,9,3,1.0,44875.0,37292.0,10.0,40387.5,7583.0,0,971.27
800,,1166,1021,501,2,1,1.0,1000.0,67982.0,33.0,669.9999999999999,-66982.0,0,2536.7
801,,1167,951,74,3,3,1.0,132021.0,97539.0,11.0,117498.69,34482.0,0,3553.57
802,,1168,955,227,4,1,1.0,144815.0,111795.0,24.0,110059.4,33020.0,1,3785.53
803,,1169,1017,502,2,2,1.0,1000.0,85556.0,20.0,800.0,-84556.0,1,
804,,1172,950,142,8,3,1.0,40206.0,30636.0,14.0,34577.159999999996,9570.0,0,1064.96
805,,1173,970,27,8,2,1.0,101778.0,96747.0,15.0,86511.3,5031.0,0,2643.39
806,,1175,910,503,8,1,0.0,110995.0,92607.0,32.0,75476.59999999999,18388.0,1,1974.47
807,,1177,980,504,5,2,1.0,74435.0,64382.0,23.0,57314.950000000004,10053.0,0,
808,,1178,885,482,11,3,1.0,123321.0,93238.0,10.0,110988.90000000001,30083.0,1,1825.34
809,,1179,954,276,11,1,1.0,139914.0,101207.0,7.000000000000001,130120.01999999999,38707.0,1,2367.08
810,,1180,1013,505,3,3,1.0,97006.0,91675.0,15.0,82455.09999999999,5331.0,0,2362.1
811,,1183,914,506,5,3,1.0,90498.0,70231.0,5.0,85973.09999999999,20267.0,0,808.43
812,20210221.0,1185,883,439,9,2,1.0,34915.0,25131.0,9.0,31772.65,9784.0,0,482.64
813,,1187,990,507,11,3,1.0,1000.0,90660.0,33.0,669.9999999999999,-89660.0,1,
814,,1188,993,94,1,1,1.0,1000.0,63524.0,6.0,940.0,-62524.0,0,2132.8
815,,1189,948,508,6,2,1.0,1000.0,70227.0,24.0,760.0,-69227.0,1,900.13
816,,1190,910,509,5,2,1.0,58300.0,48830.0,9.0,53053.0,9470.0,0,579.8
817,,1192,1014,510,5,3,1.0,1000.0,21018.0,3.0,970.0,-20018.0,0,532.26
818,,1193,919,134,12,3,1.0,51125.0,47399.0,8.0,47035.0,3726.0,1,
819,,1194,905,276,12,3,1.0,141966.0,118247.0,26.0,105054.84,23719.0,1,1815.34
820,,1197,905,511,7,2,1.0,49148.0,42552.0,20.0,39318.4,6596.0,1,640.45
821,,1198,825,52,4,3,1.0,55451.0,46608.0,24.0,42142.76,8843.0,0,443.89
822,,1200,979,512,2,3,1.0,139948.0,105701.0,4.0,134350.08,34247.0,0,1676.58
823,,1202,905,267,4,3,1.0,73030.0,66574.0,9.0,66457.3,6456.0,1,2082.82
824,20240115.0,1205,974,490,1,3,1.0,1000.0,22509.0,8.0,920.0,-21509.0,1,741.7
825,,1206,926,324,1,1,1.0,28473.0,23537.0,34.0,18792.179999999997,4936.0,1,270.41
826,,1207,993,247,2,3,1.0,31811.0,30084.0,9.0,28948.010000000002,1727.0,1,
827,,1212,852,513,2,1,1.0,45809.0,42186.0,20.0,36647.200000000004,3623.0,1,1540.22
828,20230107.0,1213,1008,514,8,2,1.0,97642.0,75663.0,14.0,83972.12,21979.0,1,
829,,716,1008,148,11,3,1.0,106253.0,96889.0,33.0,71189.51,9364.0,0,2828.15
830,,1214,1015,515,11,3,1.0,1000.0,86548.0,4.0,960.0,-85548.0,0,2337.42
831,,846,976,516,1,1,1.0,1000.0,95063.0,27.0,730.0,-94063.0,1,3867.81
832,,1215,1006,517,3,2,1.0,1000.0,107310.0,19.0,810.0,-106310.0,0,2778.26
833,20240229.0,1217,834,518,3,2,1.0,106460.0,79419.0,19.0,86232.6,27041.0,0,3501.8
834,20240422.0,1218,846,205,5,3,1.0,80531.0,74604.0,25.0,60398.25,5927.0,0,2755.33
835,,1219,1024,398,11,2,1.0,36296.0,33535.0,22.0,28310.88,2761.0,0,1219.23
836,,1220,950,507,2,1,1.0,122722.0,108454.0,6.0,115358.68,14268.0,1,3288.4
837,,1222,926,428,3,3,1.0,1000.0,68806.0,20.0,800.0,-67806.0,1,1645.46
838,,1223,883,250,7,1,1.0,1000.0,57969.0,24.0,760.0,-56969.0,0,2557.04
839,,1225,915,333,3,3,1.0,98079.0,85259.0,23.0,75520.83,12820.0,1,3158.85
840,,336,972,519,11,2,1.0,53280.0,50157.0,2.0,52214.4,3123.0,0,1276.15
841,,1226,601,520,4,2,1.0,142753.0,109496.0,28.0,102782.15999999999,33257.0,0,1914.16
842,,1227,1011,521,3,3,1.0,1000.0,20316.0,3.0,970.0,-19316.0,1,
843,20210901.0,1228,852,511,10,3,1.0,1000.0,49151.0,8.0,920.0,-48151.0,0,1181.4
844,,1229,947,353,7,1,1.0,122770.0,89303.0,3.0,119086.9,33467.0,1,2504.95
845,,1230,906,522,9,1,1.0,62321.0,56866.0,23.0,47987.17,5455.0,1,1170.64
846,,1231,1002,349,8,3,1.0,120417.0,109997.0,25.0,90312.75,10420.0,0,3514.87
847,,1232,972,399,5,3,1.0,102143.0,87440.0,34.0,67414.37999999999,14703.0,0,1197.17
848,,1233,989,368,3,1,1.0,80412.0,63396.0,35.0,52267.8,17016.0,1,
849,,1234,898,464,5,2,1.0,98586.0,89422.0,27.0,71967.78,9164.0,0,2637.49
850,,432,905,523,5,3,1.0,88683.0,70707.0,9.0,80701.53,17976.0,1,1051.53
851,,1235,972,524,7,2,1.0,147366.0,114897.0,33.0,98735.21999999999,32469.0,0,4372.16
852,,1237,1006,130,6,3,1.0,1000.0,82065.0,9.0,910.0,-81065.0,0,1052.44
853,,1239,1021,525,7,3,1.0,80552.0,61238.0,8.0,74107.84,19314.0,1,2692.3
854,,1240,972,526,3,3,1.0,97548.0,88032.0,34.0,64381.67999999999,9516.0,0,1689.54
855,20220310.0,1242,1008,200,2,3,1.0,116327.0,101133.0,4.0,111673.92,15194.0,1,1423.21
856,,1243,978,527,2,2,1.0,21322.0,19913.0,9.0,19403.02,1409.0,1,271.72
857,,1244,906,360,1,1,1.0,1000.0,61001.0,33.0,669.9999999999999,-60001.0,0,884.49
858,,1245,980,145,10,1,1.0,106900.0,79518.0,28.0,76968.0,27382.0,1,1659.38
859,20230605.0,1247,914,528,9,3,1.0,57159.0,45742.0,32.0,38868.119999999995,11417.0,0,1637.29
860,,1249,919,529,1,1,1.0,1000.0,86109.0,2.0,980.0,-85109.0,0,2887.48
861,,1250,982,530,10,3,1.0,41445.0,32028.0,34.0,27353.699999999997,9417.0,0,1277.74
862,,1251,973,531,10,2,1.0,24342.0,22654.0,1.0,24098.579999999998,1688.0,0,645.8
863,,1253,947,532,11,2,1.0,104705.0,97501.0,9.0,95281.55,7204.0,0,1943.14
864,,1254,994,533,6,2,1.0,121307.0,101142.0,20.0,97045.6,20165.0,1,2888.49
865,,1255,1021,305,6,1,1.0,1000.0,95772.0,32.0,679.9999999999999,-94772.0,1,1760.56
866,,1257,1013,534,6,3,1.0,1000.0,103310.0,8.0,920.0,-102310.0,0,2588.81
867,,1259,972,490,5,3,1.0,1000.0,115309.0,21.0,790.0,-114309.0,1,3482.46
868,,1262,947,90,8,1,1.0,95144.0,68844.0,19.0,77066.64,26300.0,1,2077.63
869,,1264,905,121,10,3,1.0,76419.0,69781.0,29.0,54257.49,6638.0,1,867.68
870,20241211.0,1265,1024,86,6,2,1.0,147488.0,113882.0,26.0,109141.12,33606.0,1,3259.14
871,20241031.0,1266,979,394,4,3,1.0,1000.0,77914.0,31.0,690.0,-76914.0,0,
872,,1269,994,535,2,1,1.0,1000.0,82302.0,32.0,679.9999999999999,-81302.0,1,2808.0
873,,1270,979,536,11,2,1.0,123699.0,114289.0,34.0,81641.34,9410.0,1,1218.58
874,,1271,769,537,11,2,1.0,49925.0,46294.0,22.0,38941.5,3631.0,0,1316.64
875,,1272,943,397,5,3,1.0,116468.0,95565.0,13.0,101327.16,20903.0,0,4046.17
876,,1273,910,495,11,3,1.0,74500.0,55552.0,100.0,0.0,18948.0,1,630.82
877,,1638,921,538,2,1,1.0,117425.0,97966.0,20.0,93940.0,19459.0,0,3261.29
878,,1275,1000,539,12,1,0.0,92346.0,84362.0,19.0,74800.26000000001,7984.0,0,2389.12
879,,1276,1022,105,2,3,1.0,1000.0,64790.0,12.0,880.0,-63790.0,0,1277.25
880,,1277,1011,540,7,2,1.0,51683.0,40663.0,32.0,35144.439999999995,11020.0,0,1420.51
881,,1278,947,412,11,3,1.0,57765.0,48411.0,0.0,57765.0,9354.0,0,2005.5
882,,1279,894,541,7,3,1.0,56649.0,49269.0,9.0,51550.590000000004,7380.0,1,1527.03
883,,1280,1013,542,9,3,1.0,1000.0,111246.0,35.0,650.0,-110246.0,0,1768.9
884,,1281,982,543,3,2,1.0,118482.0,93126.0,13.0,103079.34,25356.0,1,
885,20240218.0,1284,975,306,1,3,1.0,36239.0,29218.0,5.0,34427.049999999996,7021.0,1,873.95
886,20201213.0,1285,950,470,5,2,1.0,1000.0,74425.0,3.0,970.0,-73425.0,1,1524.36
887,,1113,993,286,1,2,1.0,58397.0,54615.0,14.0,50221.42,3782.0,0,1493.03
888,,1287,970,108,3,3,1.0,1000.0,36494.0,25.0,750.0,-35494.0,1,
889,,1288,996,95,7,3,1.0,151021.0,116099.0,21.0,119306.59000000001,34922.0,0,5133.8
890,,1289,978,544,7,2,1.0,98125.0,92946.0,2.0,96162.5,5179.0,0,940.94
891,,1290,883,8,6,2,1.0,1000.0,71616.0,20.0,800.0,-70616.0,0,
892,,1291,1000,545,6,1,1.0,60786.0,44864.0,0.0,60786.0,15922.0,1,736.44
893,,1292,1012,267,1,1,1.0,1000.0,53453.0,3.0,970.0,-52453.0,0,1666.34
894,,1293,1013,40,12,1,1.0,80283.0,61082.0,22.0,62620.740000000005,19201.0,0,2623.28
895,,1294,943,352,6,2,1.0,72229.0,62043.0,7.000000000000001,67172.97,10186.0,1,1511.81
896,,1296,976,546,3,3,1.0,25630.0,23922.0,7.000000000000001,23835.899999999998,1708.0,1,351.88
897,,1297,945,334,1,3,1.0,1000.0,54752.0,8.0,920.0,-53752.0,0,714.71
898,,1298,972,1,2,2,1.0,103631.0,78601.0,24.0,78759.56,25030.0,1,1061.87
899,,1302,959,547,7,2,1.0,70704.0,56571.0,12.0,62219.52,14133.0,1,1324.92
900,,1303,834,350,7,1,1.0,69653.0,51011.0,7.000000000000001,64777.28999999999,18642.0,0,685.87
901,,1305,990,392,4,2,1.0,1000.0,73027.0,34.0,659.9999999999999,-72027.0,1,1643.26
902,,1306,943,548,9,3,1.0,1000.0,117848.0,30.0,700.0,-116848.0,1,1056.06
903,20240919.0,1307,1005,457,3,2,1.0,1000.0,82410.0,11.0,890.0,-81410.0,1,2029.5
904,,1308,1019,176,3,3,1.0,71879.0,64998.0,25.0,53909.25,6881.0,1,2459.98
905,,1309,989,549,9,3,1.0,114170.0,100767.0,23.0,87910.90000000001,13403.0,1,3468.38
906,,1310,950,423,11,1,1.0,64477.0,49207.0,7.0,59963.60999999999,15270.0,0,1458.43
907,,1312,921,402,3,2,1.0,46172.0,39120.0,27.0,33705.56,7052.0,0,622.83
908,,1313,1023,550,1,3,1.0,115362.0,86963.0,34.0,76138.91999999998,28399.0,0,2790.23
909,,1314,791,360,12,1,1.0,97231.0,86134.0,2.0,95286.38,11097.0,1,1497.69
910,20230731.0,1315,910,227,5,1,1.0,60258.0,56927.0,100.0,0.0,3331.0,1,876.65
911,,1316,978,551,6,3,1.0,1000.0,34672.0,14.0,860.0,-33672.0,1,1231.27
912,,1317,922,552,2,1,1.0,1000.0,42632.0,34.0,659.9999999999999,-41632.0,1,869.86
913,20240416.0,1319,990,359,1,3,1.0,84834.0,75153.0,8.0,78047.28,9681.0,1,2155.34
914,,1320,1009,505,1,2,0.0,38628.0,32851.0,16.0,32447.52,5777.0,1,1011.11
915,,1324,993,507,6,3,1.0,132636.0,107638.0,0.0,132636.0,24998.0,1,1998.54
916,,1326,964,426,3,3,1.0,105137.0,81389.0,31.0,72544.53,23748.0,1,3342.71
917,,1327,976,425,11,3,1.0,1000.0,94894.0,12.0,880.0,-93894.0,1,1204.57
918,,1328,1005,463,4,2,1.0,139629.0,104873.0,14.0,120080.94,34756.0,1,3420.76
919,,1329,983,363,8,1,1.0,79931.0,64477.0,14.0,68740.66,15454.0,1,2140.4
920,,1331,986,312,12,2,1.0,1000.0,57035.0,10.0,900.0,-56035.0,1,1493.6
921,,1332,922,553,12,3,0.0,38476.0,35385.0,10.0,34628.4,3091.0,0,988.46
922,,1333,979,134,12,2,1.0,1000.0,72622.0,22.0,780.0,-71622.0,0,2526.74
923,,1334,852,554,2,2,1.0,87817.0,81546.0,34.0,57959.219999999994,6271.0,0,1335.64
924,,1337,974,486,12,2,1.0,31296.0,23860.0,8.0,28792.32,7436.0,1,579.67
925,,1338,990,480,8,3,1.0,88009.0,73023.0,27.0,64246.57,14986.0,0,2352.99
926,,1340,1004,555,3,3,1.0,80260.0,74127.0,8.0,73839.2,6133.0,1,694.76
927,,1342,986,216,11,1,1.0,1000.0,40260.0,34.0,659.9999999999999,-39260.0,1,1237.43
928,20221027.0,1343,948,556,4,3,1.0,95049.0,74454.0,21.0,75088.71,20595.0,0,917.86
929,,1345,926,85,12,3,1.0,158261.0,119534.0,23.0,121860.97,38727.0,0,3385.03
930,,1346,1011,557,3,2,1.0,54087.0,39562.0,24.0,41106.12,14525.0,0,1526.53
931,,1350,1002,558,4,2,1.0,74735.0,66012.0,25.0,56051.25,8723.0,0,2101.84
932,,1351,1019,466,7,1,1.0,1000.0,77097.0,15.0,850.0,-76097.0,0,1590.63
933,,1352,906,29,10,3,1.0,1000.0,38021.0,25.0,750.0,-37021.0,1,1365.0
934,,1353,1004,544,12,1,1.0,32355.0,27689.0,10.0,29119.5,4666.0,0,934.82
935,,1354,950,229,5,1,1.0,1000.0,35517.0,8.0,920.0,-34517.0,1,1010.33
936,,1358,867,511,3,1,1.0,102847.0,96854.0,1.0,101818.53,5993.0,1,854.05
937,,1359,972,379,6,2,1.0,38439.0,29123.0,9.0,34979.49,9316.0,0,1116.18
938,,1360,769,559,1,2,1.0,132397.0,104496.0,17.0,109889.51,27901.0,1,2786.07
939,,1362,1000,560,6,2,1.0,93703.0,86684.0,11.0,83395.67,7019.0,0,2208.65
940,,1363,898,561,4,2,1.0,1000.0,96161.0,2.0,980.0,-95161.0,0,1224.98
941,,1366,942,6,3,1,1.0,132217.0,119082.0,6.0,124283.98,13135.0,1,3471.88
942,,1367,998,81,11,1,1.0,83599.0,74563.0,25.0,62699.25,9036.0,1,1483.67
943,,1368,932,150,11,1,1.0,127948.0,105773.0,31.0,88284.12,22175.0,0,1808.58
944,,1369,1014,562,8,2,1.0,134725.0,109129.0,26.0,99696.5,25596.0,0,3466.34
945,,1370,894,563,3,2,1.0,66771.0,48940.0,17.0,55419.93,17831.0,0,1265.87
946,,1372,973,440,6,2,1.0,132939.0,108270.0,3.0,128950.83,24669.0,0,2433.46
947,,1373,975,564,2,1,1.0,51802.0,48546.0,7.0,48175.85999999999,3256.0,0,1085.88
948,,1374,852,196,3,3,1.0,40343.0,38042.0,6.0,37922.42,2301.0,1,1231.15
949,,1375,1022,39,2,3,1.0,75811.0,70911.0,0.0,75811.0,4900.0,1,2385.83
950,20230725.0,1376,942,565,1,1,1.0,70055.0,58127.0,33.0,46936.85,11928.0,0,1060.93
951,,1377,1022,566,3,3,1.0,92061.0,82225.0,28.000000000000004,66283.92,9836.0,1,831.16
952,,1378,898,214,3,1,1.0,49719.0,46210.0,5.0,47233.049999999996,3509.0,1,999.38
953,,1380,885,484,4,3,1.0,119987.0,91667.0,21.0,94789.73000000001,28320.0,1,3237.91
954,,1381,1012,358,7,3,1.0,142442.0,102832.0,29.0,101133.81999999999,39610.0,0,4865.94
955,,1382,998,86,10,1,1.0,38942.0,34094.0,19.0,31543.02,4848.0,0,1121.09
956,,1383,954,484,11,2,1.0,136609.0,115443.0,17.0,113385.47,21166.0,1,1464.75
957,,1386,971,195,6,3,1.0,154732.0,119318.0,28.0,111407.04,35414.0,1,5122.66
958,,1387,947,208,5,3,0.0,99920.0,73757.0,29.0,70943.2,26163.0,0,
959,,1388,989,476,2,3,1.0,40995.0,31673.0,8.0,37715.4,9322.0,1,1361.72
960,,1389,982,312,1,3,1.0,85643.0,71354.0,27.0,62519.39,14289.0,0,1789.36
961,,1390,993,106,6,3,1.0,88331.0,68152.0,5.0,83914.45,20179.0,1,
962,,1391,976,563,11,1,1.0,78594.0,69237.0,20.0,62875.200000000004,9357.0,1,2021.86
963,,1392,1012,567,6,1,1.0,142728.0,102632.0,20.0,114182.40000000001,40096.0,1,2081.08
964,,1393,983,438,8,2,1.0,1000.0,35281.0,28.0,720.0,-34281.0,0,1283.75
965,,1397,915,227,2,3,1.0,135346.0,105071.0,7.0,125871.78,30275.0,0,2159.47
966,,1398,982,568,9,3,1.0,25088.0,18297.0,14.0,21575.68,6791.0,0,435.52
967,,1399,1012,44,10,1,1.0,1000.0,113965.0,15.0,850.0,-112965.0,1,1868.79
968,,1400,769,142,5,2,0.0,119072.0,112723.0,16.0,100020.48,6349.0,1,3741.97
969,,1402,970,239,1,3,1.0,154112.0,113101.0,10.0,138700.80000000002,41011.0,1,
970,,1404,979,340,10,3,1.0,63562.0,60405.0,11.0,56570.18,3157.0,1,1256.91
971,,1405,972,443,5,2,1.0,80751.0,63331.0,29.0,57333.21,17420.0,1,980.84
972,,1407,852,569,10,3,1.0,90441.0,65944.0,14.0,77779.26,24497.0,0,774.32
973,,1409,993,56,12,2,1.0,91881.0,67019.0,27.0,67073.13,24862.0,0,2228.23
974,,1410,1009,345,3,1,1.0,1000.0,70162.0,2.0,980.0,-69162.0,0,1290.56
975,,1411,948,570,10,1,1.0,1000.0,106744.0,17.0,830.0,-105744.0,0,3898.66
976,,1412,947,296,9,3,1.0,133575.0,112484.0,32.0,90830.99999999999,21091.0,0,
977,,1413,996,12,1,1,0.0,85362.0,73499.0,25.0,64021.5,11863.0,1,2658.75
978,,342,914,571,7,3,1.0,1000.0,74066.0,27.0,730.0,-73066.0,0,2950.31
979,,1416,972,572,7,1,1.0,88052.0,80732.0,12.0,77485.76,7320.0,1,
980,20221018.0,1418,898,573,1,2,1.0,1000.0,64998.0,33.0,669.9999999999999,-63998.0,0,1629.91
981,,1419,862,544,10,1,1.0,21902.0,15943.0,12.0,19273.76,5959.0,1,532.21
982,20221002.0,1420,978,574,1,2,1.0,108731.0,99743.0,21.0,85897.49,8988.0,0,2423.92
983,,1421,1007,422,6,2,1.0,84190.0,67244.0,26.0,62300.6,16946.0,0,789.56
984,,1422,883,575,8,3,1.0,1000.0,64260.0,19.0,810.0,-63260.0,0,739.39
985,,1423,945,137,8,3,1.0,1000.0,91928.0,6.0,940.0,-90928.0,1,1884.51
986,,1424,955,192,10,2,1.0,93076.0,80169.0,35.0,60499.4,12907.0,0,2689.31
987,,1427,973,264,7,2,1.0,41251.0,32101.0,7.0,38363.43,9150.0,1,1140.49
988,20200102.0,1429,974,576,5,1,1.0,1000.0,117806.0,26.0,740.0,-116806.0,0,2689.64
989,,1430,993,101,3,1,1.0,98649.0,79260.0,25.0,73986.75,19389.0,0,1466.95
990,,1432,934,173,9,1,1.0,1000.0,48971.0,9.0,910.0,-47971.0,1,1117.96
991,,1433,1007,577,10,3,1.0,49027.0,37542.0,32.0,33338.36,11485.0,1,803.24
992,,1434,954,215,1,2,1.0,84367.0,72326.0,33.0,56525.88999999999,12041.0,1,844.29
993,,2817,986,578,6,1,1.0,67578.0,49192.0,19.0,54738.18,18386.0,1,
994,,1436,943,294,2,2,1.0,1000.0,62300.0,28.0,720.0,-61300.0,0,1334.86
995,,1437,921,579,7,1,1.0,1000.0,63045.0,20.0,800.0,-62045.0,0,1132.98
996,,1438,979,344,7,1,1.0,46560.0,41568.0,14.0,40041.6,4992.0,1,596.27
997,,1439,980,505,2,1,1.0,63571.0,47610.0,32.0,43228.28,15961.0,1,1687.66
998,,1440,1008,162,10,1,1.0,109447.0,78888.0,10.0,98502.3,30559.0,1,3081.04
999,,1442,670,320,3,1,1.0,68846.0,51762.0,13.0,59896.02,17084.0,0,
1000,,1443,986,41,9,2,1.0,78625.0,74261.0,22.0,61327.5,4364.0,0,1422.7
1001,,1444,994,25,5,2,1.0,90658.0,84463.0,18.0,74339.56000000001,6195.0,1,
1002,,1447,1014,580,2,3,1.0,96574.0,83638.0,19.0,78224.94,12936.0,0,1851.87
1003,,1450,1008,52,1,3,1.0,64070.0,48578.0,14.000000000000002,55100.2,15492.0,0,1198.19
1004,,1452,1008,524,6,1,1.0,135283.0,98400.0,30.0,94698.09999999999,36883.0,1,1567.39
1005,,1453,601,499,3,3,1.0,65131.0,55422.0,29.0,46243.009999999995,9709.0,0,1021.79
1006,,1455,601,581,3,1,1.0,40576.0,37093.0,6.0,38141.439999999995,3483.0,0,472.43
1007,,1456,1024,564,3,2,1.0,84485.0,73999.0,22.0,65898.3,10486.0,1,946.95
1008,,1458,919,185,2,2,1.0,25197.0,18757.0,22.0,19653.66,6440.0,1,427.5
1009,,1461,670,582,2,1,1.0,17732.0,15084.0,10.0,15958.800000000001,2648.0,1,593.5
1010,,1463,980,503,6,1,1.0,1000.0,33002.0,34.0,659.9999999999999,-32002.0,0,718.85
1011,,1464,1007,583,12,3,1.0,114928.0,83325.0,12.0,101136.64,31603.0,0,
1012,,1466,894,180,4,3,1.0,41514.0,30527.0,30.0,29059.8,10987.0,0,1400.55
1013,,1467,947,517,9,3,1.0,20990.0,17377.0,12.0,18471.2,3613.0,0,454.13
1014,,1071,825,167,1,2,1.0,1000.0,69731.0,21.0,790.0,-68731.0,1,2499.48
1015,,1472,846,40,3,1,1.0,1000.0,15138.0,100.0,0.0,-14138.0,1,332.75
1016,,1473,971,584,10,1,1.0,1000.0,98931.0,23.0,770.0,-97931.0,1,
1017,,1475,982,242,8,1,0.0,89939.0,64483.0,27.0,65655.47,25456.0,1,1021.5
1018,,1476,914,429,12,3,1.0,129145.0,113552.0,14.0,111064.7,15593.0,1,4142.42
1019,,1477,979,585,11,1,1.0,41788.0,33165.0,22.0,32594.64,8623.0,0,
1020,,654,1009,586,12,3,1.0,29456.0,22138.0,35.0,19146.4,7318.0,1,
1021,,1479,1004,362,1,3,1.0,1000.0,110187.0,27.0,730.0,-109187.0,1,2320.53
1022,,1461,862,587,10,3,1.0,64415.0,55730.0,15.0,54752.75,8685.0,0,899.5
1023,,1480,948,588,12,3,0.0,1000.0,105357.0,9.0,910.0,-104357.0,0,1435.21
1024,,1481,601,589,4,1,1.0,1000.0,81854.0,100.0,0.0,-80854.0,1,2507.28
1025,,1482,976,501,1,3,1.0,83089.0,73769.0,20.0,66471.2,9320.0,0,1983.63
1026,,1484,993,590,1,1,1.0,109984.0,91265.0,35.0,71489.6,18719.0,0,1305.65
1027,,1485,932,348,5,2,1.0,25491.0,22071.0,25.0,19118.25,3420.0,0,324.65
1028,,1486,934,541,10,3,1.0,117636.0,104095.0,28.0,84697.92,13541.0,1,1567.4
1029,,1487,945,591,12,3,1.0,24436.0,20176.0,11.0,21748.04,4260.0,1,432.6
1030,,1488,894,592,9,1,1.0,127950.0,108240.0,0.0,127950.0,19710.0,0,2567.57
1031,,1489,971,593,7,3,1.0,1000.0,87232.0,28.0,720.0,-86232.0,1,1345.49
1032,,1491,934,552,7,1,1.0,40340.0,32519.0,23.0,31061.8,7821.0,1,735.78
1033,,1492,1011,594,2,2,1.0,40157.0,30588.0,12.0,35338.16,9569.0,1,638.07
1034,,1493,1006,446,8,2,1.0,109661.0,89461.0,100.0,0.0,20200.0,1,942.05
1035,,257,769,488,4,1,1.0,106441.0,80081.0,14.0,91539.26,26360.0,0,2254.45
1036,20240328.0,1495,1007,501,8,1,1.0,98497.0,74320.0,9.0,89632.27,24177.0,0,2246.42
1037,20211120.0,1496,975,418,12,3,1.0,89452.0,77979.0,31.0,61721.88,11473.0,1,1609.79
1038,,1497,862,229,9,2,1.0,137141.0,109690.0,5.0,130283.95,27451.0,0,
1039,,1498,964,595,10,2,1.0,122263.0,101039.0,4.0,117372.48,21224.0,0,4003.21
1040,,1499,834,596,10,2,1.0,1000.0,105213.0,19.0,810.0,-104213.0,1,4024.77
1041,,1500,921,512,11,2,1.0,40219.0,38171.0,9.0,36599.29,2048.0,0,402.35
1042,,1503,975,361,3,1,1.0,108335.0,101040.0,0.0,108335.0,7295.0,1,3138.34
1043,,1504,926,399,1,1,1.0,29962.0,23817.0,10.0,26965.8,6145.0,1,243.55
1044,,1505,1006,194,8,3,1.0,70617.0,64278.0,2.0,69204.66,6339.0,1,1868.77
1045,,1443,947,597,12,3,1.0,36145.0,28073.0,18.0,29638.9,8072.0,1,985.8
1046,,1507,951,19,8,1,1.0,89703.0,73467.0,13.0,78041.61,16236.0,0,1822.19
1047,,1508,974,117,10,1,1.0,73911.0,60508.0,27.0,53955.03,13403.0,0,2583.42
1048,20231001.0,1509,910,457,1,3,1.0,111967.0,92449.0,10.0,100770.3,19518.0,0,2757.61
1049,,1510,945,598,2,3,1.0,113083.0,103069.0,4.0,108559.68,10014.0,1,1770.44
1050,,1511,943,599,5,1,0.0,84517.0,60505.0,2.0,82826.66,24012.0,1,1123.79
1051,,1515,989,592,1,1,1.0,86322.0,71329.0,29.0,61288.619999999995,14993.0,1,734.11
1052,,1516,981,600,10,3,1.0,138751.0,100530.0,9.0,126263.41,38221.0,0,3472.92
1053,20230129.0,1517,922,295,12,2,1.0,106229.0,76536.0,10.0,95606.1,29693.0,0,3379.06
1054,,1519,1016,197,12,1,1.0,1000.0,39531.0,23.0,770.0,-38531.0,0,1317.68
1055,,1521,1009,263,5,2,1.0,127672.0,94654.0,12.0,112351.36,33018.0,0,3877.16
1056,,1523,964,372,4,3,0.0,99945.0,76876.0,27.0,72959.84999999999,23069.0,1,3236.92
1057,,1524,976,601,11,3,1.0,116264.0,91260.0,2.0,113938.72,25004.0,1,2861.8
1058,20230917.0,1525,948,197,9,1,1.0,96897.0,73123.0,8.0,89145.24,23774.0,0,3273.18
1059,,1526,975,199,3,3,1.0,1000.0,51413.0,2.0,980.0,-50413.0,0,532.8
1060,,1529,978,531,12,3,1.0,154224.0,110558.0,5.0,146512.8,43666.0,0,4855.67
1061,,1530,998,70,11,3,1.0,92368.0,87101.0,3.0,89596.95999999999,5267.0,1,2410.61
1062,,1531,921,418,11,2,1.0,110815.0,88615.0,26.0,82003.1,22200.0,0,1810.33
1063,20221208.0,1532,998,602,8,3,1.0,1000.0,103775.0,35.0,650.0,-102775.0,1,
1064,,1533,970,109,6,2,0.0,37104.0,26972.0,5.0,35248.799999999996,10132.0,1,713.86
1065,,1535,922,212,2,2,1.0,148520.0,108016.0,22.0,115845.6,40504.0,1,3873.13
1066,,1536,950,26,8,3,1.0,43305.0,40405.0,12.0,38108.4,2900.0,0,900.23
1067,,1538,905,603,12,3,1.0,149858.0,110018.0,16.0,125880.72,39840.0,0,
1068,,1539,846,355,9,3,1.0,1000.0,71105.0,35.0,650.0,-70105.0,0,2054.73
1069,,1541,981,155,6,1,1.0,117139.0,87933.0,22.0,91368.42,29206.0,1,3827.96
1070,,1542,970,152,8,3,1.0,43726.0,33816.0,100.0,0.0,9910.0,1,1440.02
1071,20220608.0,379,1021,277,3,1,1.0,1000.0,86783.0,4.0,960.0,-85783.0,0,3284.8
1072,,1545,954,604,11,1,1.0,147130.0,114289.0,23.0,113290.1,32841.0,0,2294.43
1073,,1547,994,30,4,1,1.0,23603.0,20652.0,15.0,20062.55,2951.0,1,717.83
1074,,1548,980,21,3,1,1.0,101068.0,79587.0,25.0,75801.0,21481.0,0,
1075,20211118.0,1550,885,605,11,3,1.0,128486.0,100835.0,12.0,113067.68000000001,27651.0,0,3541.79
1076,,1552,945,606,10,3,1.0,149962.0,115356.0,13.0,130466.94,34606.0,0,3957.24
1077,,1121,919,521,10,2,1.0,144864.0,118163.0,21.0,114442.56000000001,26701.0,0,3931.91
1078,,1553,852,607,10,1,1.0,68302.0,63154.0,35.0,44396.3,5148.0,1,2366.13
1079,,1554,942,37,8,1,1.0,1000.0,16991.0,11.0,890.0,-15991.0,0,538.36
1080,,1555,972,608,11,1,1.0,146475.0,113401.0,20.0,117180.0,33074.0,0,1651.65
1081,,1558,945,609,7,1,1.0,63721.0,55671.0,33.0,42693.06999999999,8050.0,1,
1082,,1560,990,374,5,3,1.0,62956.0,49628.0,24.0,47846.56,13328.0,1,1924.75
1083,,1561,834,610,7,3,1.0,69278.0,56031.0,4.0,66506.88,13247.0,1,1297.73
1084,,1562,955,611,8,3,1.0,85247.0,78039.0,16.0,71607.48,7208.0,0,2246.95
1085,20240409.0,1780,978,124,7,1,1.0,41793.0,35219.0,29.0,29673.03,6574.0,0,960.83
1086,,1563,791,157,7,1,1.0,48990.0,45105.0,20.0,39192.0,3885.0,1,
1087,,1564,1010,207,8,3,1.0,1000.0,65047.0,5.0,950.0,-64047.0,1,1496.14
1088,,1565,825,174,4,2,1.0,1000.0,66365.0,20.0,800.0,-65365.0,1,2586.63
1089,,1566,989,425,9,2,1.0,126396.0,105522.0,30.0,88477.2,20874.0,0,3272.59
1090,,1250,1002,85,8,2,1.0,1000.0,96900.0,19.0,810.0,-95900.0,0,3017.92
1091,,668,1002,433,2,1,1.0,92348.0,76583.0,12.0,81266.24,15765.0,0,995.53
1092,,1267,950,612,2,2,1.0,26955.0,24518.0,21.0,21294.45,2437.0,1,673.43
1093,,1568,951,602,9,2,1.0,1000.0,19608.0,11.0,890.0,-18608.0,1,631.89
1094,,1570,922,7,6,3,1.0,111228.0,102621.0,13.0,96768.36,8607.0,0,1682.37
1095,,1571,998,613,3,3,1.0,20638.0,15055.0,34.0,13621.079999999998,5583.0,0,283.63
1096,20200304.0,1572,1014,221,7,1,1.0,103241.0,82027.0,28.0,74333.52,21214.0,1,2310.88
1097,,1575,922,159,2,3,1.0,88664.0,70804.0,28.0,63838.079999999994,17860.0,1,1897.15
1098,,1576,862,102,7,2,1.0,55770.0,46848.0,16.0,46846.799999999996,8922.0,1,1235.02
1099,,1579,948,475,12,3,1.0,1000.0,35693.0,2.0,980.0,-34693.0,0,1156.21
1100,,1581,1010,614,3,3,1.0,143107.0,117609.0,19.0,115916.67000000001,25498.0,0,
1101,20200611.0,1583,986,41,6,1,1.0,1000.0,110031.0,14.0,860.0,-109031.0,0,3748.95
1102,,1584,951,305,8,3,1.0,60521.0,49439.0,30.0,42364.7,11082.0,0,1703.94
1103,,1585,1013,82,10,3,1.0,83985.0,62301.0,25.0,62988.75,21684.0,1,
1104,,1586,1013,55,11,3,1.0,70308.0,66164.0,35.0,45700.200000000004,4144.0,0,1094.11
1105,,1587,926,615,2,1,1.0,,56583.0,18.0,,,0,1637.35
1106,,1588,945,616,8,2,1.0,80421.0,70061.0,31.0,55490.49,10360.0,1,2000.82
1107,,1589,852,413,11,2,1.0,62659.0,46082.0,32.0,42608.119999999995,16577.0,0,509.91
1108,,1590,910,617,5,3,1.0,46597.0,36849.0,35.0,30288.05,9748.0,0,1542.36
1109,,1593,978,279,4,2,1.0,71278.0,58893.0,8.0,65575.76000000001,12385.0,0,1697.37
1110,,1594,971,86,6,1,1.0,30714.0,24076.0,11.0,27335.46,6638.0,0,488.21
1111,,1595,1016,593,3,1,1.0,1000.0,104395.0,34.0,659.9999999999999,-103395.0,1,3913.71
1112,,1596,945,618,1,3,1.0,56957.0,43450.0,33.0,38161.189999999995,13507.0,0,931.44
1113,,1597,910,242,4,3,1.0,106330.0,76425.0,18.0,87190.6,29905.0,1,1481.52
1114,,1599,852,296,9,2,1.0,101995.0,74068.0,12.0,89755.6,27927.0,0,1271.85
1115,20230523.0,1602,867,619,8,3,1.0,91497.0,80281.0,0.0,91497.0,11216.0,1,
1116,,1603,1011,205,11,1,1.0,1000.0,105266.0,30.0,700.0,-104266.0,1,4101.54
1117,,1604,1022,120,4,3,1.0,87756.0,79172.0,6.0,82490.64,8584.0,1,1691.34
1118,,1611,975,544,2,1,1.0,54928.0,49451.0,6.0,51632.32,5477.0,1,634.41
1119,,1612,1017,620,6,2,1.0,59792.0,56132.0,8.0,55008.64,3660.0,0,2047.32
1120,,142,983,621,2,1,1.0,140777.0,116670.0,31.0,97136.12999999999,24107.0,1,1431.05
1121,,1613,1000,18,10,3,1.0,1000.0,66167.0,6.0,940.0,-65167.0,1,664.96
1122,20221120.0,1615,922,622,7,2,1.0,141648.0,102290.0,8.0,130316.16,39358.0,0,
1123,,1616,1005,245,6,1,1.0,47462.0,42368.0,5.0,45088.9,5094.0,1,1517.69
1124,,31,1015,389,7,2,1.0,1000.0,105698.0,19.0,810.0,-104698.0,1,4226.91
1125,20200103.0,1617,986,49,7,3,1.0,50299.0,43188.0,9.0,45772.090000000004,7111.0,0,733.28
1126,,1618,982,135,12,1,1.0,67607.0,52504.0,18.0,55437.740000000005,15103.0,1,2278.76
1127,,1621,1002,487,7,1,1.0,50681.0,38829.0,4.0,48653.759999999995,11852.0,1,1529.52
1128,,1622,905,587,11,3,1.0,69255.0,58833.0,10.0,62329.5,10422.0,0,
1129,,1623,867,425,5,2,1.0,126200.0,92693.0,12.0,111056.0,33507.0,1,2172.33
1130,,1624,986,395,1,1,1.0,1000.0,28120.0,13.0,870.0,-27120.0,1,802.2
1131,,1625,914,50,2,1,1.0,77328.0,56290.0,28.0,55676.159999999996,21038.0,0,1316.77
1132,,1626,883,619,7,1,1.0,1000.0,67782.0,9.0,910.0,-66782.0,1,1908.36
1133,,1627,1000,328,10,2,1.0,136066.0,117657.0,13.0,118377.42,18409.0,0,
1134,,1628,983,366,11,3,1.0,76449.0,72016.0,31.0,52749.81,4433.0,0,2227.34
1135,,1630,982,58,3,2,1.0,103627.0,82046.0,24.0,78756.52,21581.0,0,2022.58
1136,,1631,1024,603,3,1,1.0,1000.0,72971.0,16.0,840.0,-71971.0,1,2939.6
1137,,2021,885,115,11,1,1.0,,107942.0,0.0,,,1,2757.72
1138,,1633,942,569,2,1,1.0,58661.0,47205.0,34.0,38716.259999999995,11456.0,1,1306.18
1139,,1634,943,419,11,2,1.0,36150.0,32439.0,27.0,26389.5,3711.0,1,798.15
1140,,1635,974,83,3,2,1.0,,81001.0,30.0,,,1,1578.92
1141,,1637,934,623,4,3,1.0,123064.0,93682.0,31.0,84914.15999999999,29382.0,0,1872.88
1142,,1638,959,624,3,2,1.0,1000.0,51626.0,27.0,730.0,-50626.0,1,1337.33
1143,,1639,1006,128,12,2,1.0,107243.0,96204.0,13.0,93301.41,11039.0,1,1223.95
1144,,1640,1016,567,7,2,1.0,104398.0,81721.0,0.0,104398.0,22677.0,1,1501.91
1145,,1641,942,51,9,2,1.0,100161.0,72415.0,0.0,100161.0,27746.0,1,1873.08
1146,20230401.0,1642,1023,24,3,3,1.0,1000.0,113287.0,31.0,690.0,-112287.0,0,2861.79
1147,,1643,979,401,6,1,1.0,114748.0,85126.0,4.0,110158.08,29622.0,1,2523.12
1148,20220809.0,1644,1018,621,12,1,1.0,60582.0,45156.0,16.0,50888.88,15426.0,1,1715.57
1149,,1645,980,109,2,1,0.0,126379.0,97967.0,15.0,107422.15,28412.0,1,1429.76
1150,20230813.0,1647,990,625,10,1,1.0,64807.0,58020.0,32.0,44068.759999999995,6787.0,0,1346.87
1151,,1648,846,626,5,3,1.0,1000.0,45631.0,9.0,910.0,-44631.0,0,1866.9
1152,,810,948,609,9,2,1.0,29638.0,27919.0,30.0,20746.6,1719.0,0,617.29
1153,,1650,1008,74,12,1,1.0,57896.0,47393.0,3.0,56159.119999999995,10503.0,0,485.49
1154,,1651,979,461,10,3,1.0,58516.0,42677.0,13.0,50908.92,15839.0,1,779.46
1155,,1652,954,444,4,2,0.0,120365.0,107891.0,26.0,89070.1,12474.0,0,1309.05
1156,,1653,601,72,9,1,1.0,115819.0,92682.0,13.0,100762.53,23137.0,1,1623.58
1157,,1654,932,340,2,2,1.0,1000.0,61388.0,23.0,770.0,-60388.0,1,1848.41
1158,,1655,978,533,2,3,1.0,99909.0,86967.0,17.0,82924.47,12942.0,0,1499.12
1159,,1656,1012,121,3,1,1.0,1000.0,31533.0,24.0,760.0,-30533.0,0,823.84
1160,,1657,914,627,6,2,1.0,121720.0,112268.0,33.0,81552.4,9452.0,0,3800.53
1161,,1660,948,330,5,3,1.0,64238.0,58356.0,32.0,43681.84,5882.0,0,2118.69
1162,,1661,1016,479,6,1,1.0,18251.0,16999.0,4.0,17520.96,1252.0,1,229.5
1163,,1662,1013,609,6,1,1.0,1000.0,48097.0,11.0,890.0,-47097.0,0,1712.43
1164,,1666,1016,487,5,1,1.0,25594.0,20474.0,15.0,21754.899999999998,5120.0,0,410.5
1165,,1667,945,312,7,2,1.0,111848.0,102292.0,30.0,78293.59999999999,9556.0,1,3304.85
1166,,1668,919,628,4,2,1.0,106166.0,87045.0,25.0,79624.5,19121.0,0,3255.23
1167,,1670,921,47,8,1,1.0,109535.0,89015.0,24.0,83246.6,20520.0,0,1486.03
1168,,1671,919,205,6,1,1.0,1000.0,18634.0,32.0,679.9999999999999,-17634.0,1,509.78
1169,,1672,973,629,1,1,1.0,144096.0,110480.0,25.0,108072.0,33616.0,0,3921.42
1170,,1674,1006,630,1,3,1.0,1000.0,69685.0,6.0,940.0,-68685.0,0,1148.24
1171,,1675,846,506,9,3,1.0,22674.0,17735.0,30.0,15871.8,4939.0,1,432.37
1172,,1676,1016,55,5,1,1.0,1000.0,68954.0,10.0,900.0,-67954.0,0,2306.84
1173,,1677,1014,416,3,3,1.0,39949.0,36460.0,0.0,39949.0,3489.0,0,
1174,,1679,883,631,7,1,1.0,1000.0,20643.0,100.0,0.0,-19643.0,1,624.67
1175,,1681,943,449,3,1,1.0,127827.0,96203.0,3.0,123992.19,31624.0,1,2640.07
1176,,1683,1006,355,8,1,1.0,39788.0,31486.0,7.0,37002.84,8302.0,0,
1177,20231001.0,1684,934,159,10,1,1.0,48281.0,35909.0,7.0,44901.329999999994,12372.0,1,1507.23
1178,,1685,989,403,11,3,1.0,62877.0,56384.0,11.0,55960.53,6493.0,1,814.01
1179,,1687,945,73,6,3,1.0,143037.0,116317.0,14.0,123011.81999999999,26720.0,0,3481.24
1180,20210226.0,1688,885,632,1,1,1.0,1000.0,104468.0,11.0,890.0,-103468.0,0,1312.18
1181,,1691,1002,633,10,1,1.0,121419.0,90575.0,16.0,101991.95999999999,30844.0,0,2903.94
1182,,1693,983,92,12,1,1.0,49865.0,46736.0,16.0,41886.6,3129.0,0,1728.95
1183,,1219,945,246,3,3,1.0,1000.0,72911.0,30.0,700.0,-71911.0,0,2867.88
1184,,1695,975,634,1,3,1.0,75129.0,66351.0,18.0,61605.780000000006,8778.0,0,1370.29
1185,20220912.0,1696,994,467,9,3,1.0,93218.0,68128.0,35.0,60591.700000000004,25090.0,1,1150.17
1186,,1698,1007,257,3,1,1.0,38370.0,30823.0,15.0,32614.5,7547.0,0,329.52
1187,,1701,1000,588,11,2,1.0,19552.0,17143.0,5.0,18574.399999999998,2409.0,1,403.33
1188,,1703,1019,317,2,2,1.0,84161.0,74642.0,27.0,61437.53,9519.0,1,2733.62
1189,,1704,894,469,10,3,1.0,105013.0,78157.0,25.0,78759.75,26856.0,1,2092.07
1190,,1706,1002,38,12,1,1.0,23540.0,21866.0,35.0,15301.0,1674.0,1,
1191,,1707,948,394,6,2,1.0,104112.0,85799.0,22.0,81207.36,18313.0,0,1970.26
1192,,1708,769,635,10,1,1.0,59974.0,53241.0,8.0,55176.08,6733.0,1,
1193,,1709,910,634,7,2,1.0,73780.0,59376.0,30.0,51646.0,14404.0,0,1094.96
1194,,1710,947,80,10,3,1.0,22131.0,17224.0,26.0,16376.94,4907.0,1,772.11
1195,,1711,910,636,5,1,1.0,1000.0,16112.0,27.0,730.0,-15112.0,1,485.89
1196,,1712,1023,507,4,1,1.0,1000.0,103554.0,18.0,820.0000000000001,-102554.0,1,3771.6
1197,,1714,950,475,3,1,1.0,1000.0,36444.0,7.000000000000001,929.9999999999999,-35444.0,0,1321.82
1198,,1716,951,171,4,1,1.0,1000.0,83056.0,9.0,910.0,-82056.0,0,2716.74
1199,20220324.0,1717,1009,155,8,3,1.0,146891.0,111905.0,17.0,121919.53,34986.0,1,4582.41
1200,,1718,1021,637,10,1,1.0,60813.0,56964.0,15.0,51691.049999999996,3849.0,1,1101.48
1201,20230305.0,1719,910,357,7,1,1.0,26359.0,22596.0,19.0,21350.79,3763.0,0,
1202,,1721,846,198,6,3,1.0,24533.0,21489.0,21.0,19381.07,3044.0,1,509.92
1203,,1722,1004,245,2,3,1.0,,55007.0,5.0,,,1,1051.85
1204,20241103.0,1723,670,576,11,2,1.0,40742.0,31278.0,19.0,33001.020000000004,9464.0,0,390.11
1205,,1724,601,638,4,1,1.0,1000.0,109601.0,13.0,870.0,-108601.0,0,2434.28
1206,20230509.0,1725,948,639,11,3,1.0,140078.0,105004.0,16.0,117665.51999999999,35074.0,1,3206.11
1207,,1726,983,249,9,1,1.0,1000.0,96913.0,34.0,659.9999999999999,-95913.0,1,
1208,20240123.0,1143,1018,75,4,2,1.0,1000.0,40138.0,3.0,970.0,-39138.0,0,656.59
1209,,1730,1023,187,2,2,1.0,1000.0,34760.0,3.0,970.0,-33760.0,0,949.98
1210,,1732,905,108,10,2,1.0,145346.0,118580.0,25.0,109009.5,26766.0,1,2704.09
1211,,1733,926,567,5,2,1.0,54077.0,40884.0,15.0,45965.45,13193.0,0,
1212,,1734,972,575,11,2,1.0,1000.0,106739.0,22.0,780.0,-105739.0,0,2107.48
1213,,1735,993,196,6,3,1.0,142413.0,110925.0,34.0,93992.57999999999,31488.0,1,4717.46
1214,,1737,1019,33,12,2,1.0,78532.0,72437.0,27.0,57328.36,6095.0,0,1554.82
1215,,1738,905,256,7,2,1.0,1000.0,89516.0,2.0,980.0,-88516.0,1,971.81
1216,,1739,996,640,10,3,1.0,150825.0,116936.0,29.0,107085.75,33889.0,1,3994.05
1217,,1741,1002,641,6,3,1.0,1000.0,19217.0,29.0,710.0,-18217.0,0,743.3
1218,,1742,905,343,10,1,1.0,83977.0,79181.0,4.0,80617.92,4796.0,1,2664.52
1219,,1744,769,642,1,3,1.0,1000.0,94250.0,0.0,1000.0,-93250.0,0,1370.65
1220,20240628.0,1746,883,55,11,2,1.0,1000.0,102261.0,22.0,780.0,-101261.0,1,3751.38
1221,,1747,894,643,8,1,1.0,142443.0,113092.0,31.0,98285.67,29351.0,1,2791.82
1222,,1748,1019,210,12,1,1.0,1000.0,33830.0,5.0,950.0,-32830.0,1,1336.58
1223,20240119.0,1749,852,196,9,3,1.0,16160.0,15148.0,3.0,15675.199999999999,1012.0,0,232.32
1224,,1750,922,480,2,1,1.0,83647.0,64244.0,21.0,66081.13,19403.0,1,2421.63
1225,20211001.0,1753,998,45,2,1,1.0,58780.0,53238.0,8.0,54077.600000000006,5542.0,1,1678.23
1226,,1754,1012,531,1,1,1.0,123983.0,90389.0,7.0,115304.18999999999,33594.0,1,4032.27
1227,,1755,915,143,11,3,1.0,28238.0,23761.0,31.0,19484.219999999998,4477.0,1,644.41
1228,20230908.0,1756,867,548,4,2,1.0,76834.0,62986.0,35.0,49942.1,13848.0,0,
1229,,1757,905,551,9,1,1.0,32643.0,30115.0,7.0,30357.989999999998,2528.0,0,683.36
1230,,1758,994,644,2,3,1.0,1000.0,116790.0,25.0,750.0,-115790.0,1,
1231,20201106.0,1759,670,82,10,2,1.0,66608.0,48833.0,23.0,51288.16,17775.0,1,1963.22
1232,,1760,954,47,8,1,1.0,1000.0,85666.0,5.0,950.0,-84666.0,0,2890.09
1233,,1761,976,151,12,1,1.0,128290.0,118637.0,11.0,114178.1,9653.0,0,3442.92
1234,,365,959,181,2,1,1.0,40912.0,32063.0,11.0,36411.68,8849.0,1,409.81
1235,,1762,898,613,7,2,1.0,33598.0,29294.0,31.0,23182.62,4304.0,1,614.12
1236,,1763,932,181,6,3,0.0,111003.0,103004.0,16.0,93242.51999999999,7999.0,0,1893.55
1237,,1764,1007,645,5,2,1.0,65554.0,50360.0,28.0,47198.88,15194.0,0,1062.56
1238,,1765,945,507,11,3,1.0,102208.0,96389.0,21.0,80744.32,5819.0,0,835.26
1239,,1768,996,441,10,2,1.0,16997.0,15065.0,34.0,11218.019999999999,1932.0,1,266.19
1240,,1769,954,553,1,3,1.0,1000.0,37663.0,21.0,790.0,-36663.0,0,401.85
1241,,1770,670,471,11,1,1.0,1000.0,75864.0,14.0,860.0,-74864.0,1,1439.22
1242,,1771,993,328,5,1,1.0,1000.0,75109.0,18.0,820.0000000000001,-74109.0,0,1961.82
1243,,1772,932,450,7,3,1.0,1000.0,60960.0,12.0,880.0,-59960.0,0,2361.95
1244,,1774,983,31,4,3,1.0,96469.0,69333.0,12.0,84892.72,27136.0,1,1094.83
1245,,1775,990,176,3,1,1.0,78546.0,63007.0,3.0,76189.62,15539.0,0,1583.06
1246,,1776,947,646,11,3,1.0,1000.0,32957.0,14.0,860.0,-31957.0,1,920.42
1247,,1778,948,212,6,1,1.0,131345.0,96240.0,34.0,86687.69999999998,35105.0,1,4023.98
1248,,1779,993,65,3,1,1.0,66957.0,49612.0,35.0,43522.05,17345.0,0,2070.44
1249,,1780,986,397,5,2,1.0,,67876.0,17.0,,,1,1982.46
1250,,1781,883,32,1,2,1.0,40854.0,38146.0,28.999999999999996,29006.34,2708.0,0,581.29
1251,,1728,1006,647,11,1,1.0,37088.0,29225.0,18.0,30412.160000000003,7863.0,0,867.23
1252,20220901.0,1783,670,1,1,1,1.0,137552.0,106196.0,35.0,89408.8,31356.0,1,1111.34
1253,,1784,964,37,1,1,1.0,1000.0,86116.0,9.0,910.0,-85116.0,0,2729.61
1254,,1785,959,648,11,3,1.0,65217.0,49258.0,8.0,59999.64,15959.0,0,1425.8
1255,,1493,990,649,5,2,1.0,59982.0,46980.0,13.0,52184.34,13002.0,0,529.55
1256,,1787,1011,471,8,2,1.0,1000.0,38486.0,18.0,820.0000000000001,-37486.0,0,1442.13
1257,,1788,979,79,6,1,1.0,52910.0,47001.0,20.0,42328.0,5909.0,1,923.71
1258,20230906.0,1789,950,482,3,2,1.0,109924.0,103086.0,29.0,78046.04,6838.0,1,2654.16
1259,,1605,990,650,3,1,1.0,1000.0,82234.0,26.0,740.0,-81234.0,1,891.57
1260,,1790,943,308,10,3,1.0,86815.0,68021.0,12.0,76397.2,18794.0,1,2271.27
1261,,1792,975,503,10,3,1.0,40479.0,34035.0,20.0,32383.2,6444.0,0,437.23
1262,,1793,852,65,8,1,1.0,115250.0,83771.0,24.0,87590.0,31479.0,1,1829.89
1263,,1794,601,361,2,1,1.0,140480.0,110871.0,5.0,133456.0,29609.0,1,1454.29
1264,20210331.0,1795,769,68,6,2,0.0,116036.0,85677.0,100.0,0.0,30359.0,1,2848.83
1265,,1663,905,397,7,2,1.0,96440.0,89252.0,19.0,78116.40000000001,7188.0,0,
1266,,1797,1000,21,3,3,1.0,52196.0,47643.0,18.0,42800.72,4553.0,1,451.34
1267,20210708.0,1798,1014,601,9,2,1.0,1000.0,17392.0,13.0,870.0,-16392.0,0,294.42
1268,,1799,934,651,7,1,1.0,1000.0,81236.0,9.0,910.0,-80236.0,0,3240.88
1269,,1800,894,447,2,1,1.0,142970.0,113672.0,26.0,105797.8,29298.0,1,2335.63
1270,,1803,906,652,11,3,1.0,1000.0,31017.0,9.0,910.0,-30017.0,0,814.36
1271,,1804,921,301,4,1,1.0,121949.0,94861.0,22.0,95120.22,27088.0,0,4121.78
1272,,1805,950,521,6,3,1.0,98496.0,77746.0,29.0,69932.16,20750.0,1,2981.8
1273,,1807,846,47,6,3,1.0,1000.0,52505.0,33.0,669.9999999999999,-51505.0,1,821.83
1274,,2665,919,229,3,1,1.0,1000.0,117556.0,11.0,890.0,-116556.0,1,1231.01
1275,,790,769,231,12,2,1.0,45307.0,35285.0,25.0,33980.25,10022.0,1,966.57
1276,,1809,894,650,6,1,1.0,48778.0,39756.0,25.0,36583.5,9022.0,1,672.4
1277,,445,996,25,3,1,1.0,90323.0,72906.0,6.0,84903.62,17417.0,0,1750.01
1278,,1810,1000,603,6,2,1.0,79691.0,67382.0,100.0,0.0,12309.0,0,925.68
1279,,1812,978,443,7,1,1.0,,111133.0,23.0,,,1,3431.53
1280,,1470,921,653,10,2,1.0,1000.0,66742.0,33.0,669.9999999999999,-65742.0,1,1490.17
1281,20211003.0,1815,974,238,7,1,1.0,83207.0,62247.0,4.0,79878.72,20960.0,1,728.57
1282,,1817,980,68,8,2,1.0,38569.0,29977.0,11.0,34326.41,8592.0,1,465.66
1283,20240302.0,1187,825,493,11,2,1.0,36609.0,28411.0,35.0,23795.850000000002,8198.0,0,455.28
1284,,1818,1004,547,4,2,1.0,66104.0,57735.0,31.0,45611.759999999995,8369.0,0,953.23
1285,,1365,894,42,4,1,1.0,1000.0,104281.0,21.0,790.0,-103281.0,0,3311.23
1286,,1820,894,312,5,1,1.0,1000.0,54529.0,9.0,910.0,-53529.0,0,861.92
1287,20210214.0,1821,1014,261,10,2,1.0,100462.0,77636.0,14.0,86397.31999999999,22826.0,0,2921.19
1288,,1822,972,471,3,2,1.0,154962.0,110931.0,30.0,108473.4,44031.0,0,1705.27
1289,,1824,954,644,4,1,1.0,33670.0,29193.0,18.0,27609.4,4477.0,0,915.94
1290,,1825,942,554,9,3,1.0,28494.0,24941.0,23.0,21940.38,3553.0,0,281.53
1291,,1830,915,654,9,1,1.0,49444.0,46962.0,17.0,41038.52,2482.0,1,1425.32
1292,,1832,1013,655,2,3,1.0,130644.0,103102.0,30.0,91450.79999999999,27542.0,1,
1293,20201225.0,1833,934,298,3,3,1.0,112162.0,89304.0,21.0,88607.98000000001,22858.0,1,1508.46
1294,,1836,1002,498,11,1,1.0,40501.0,29761.0,11.0,36045.89,10740.0,1,361.68
1295,,1838,910,242,2,2,1.0,27803.0,20431.0,24.0,21130.28,7372.0,0,230.49
1296,,1738,981,442,4,1,1.0,117968.0,100483.0,30.0,82577.59999999999,17485.0,1,3877.66
1297,,1839,974,244,11,1,1.0,1000.0,15929.0,30.0,700.0,-14929.0,0,582.56
1298,,1842,670,426,6,1,1.0,64514.0,47956.0,10.0,58062.6,16558.0,1,1001.04
1299,,1843,1008,414,9,2,1.0,125089.0,92442.0,7.0,116332.76999999999,32647.0,0,1531.59
1300,,1844,919,346,8,3,1.0,61876.0,48555.0,27.0,45169.479999999996,13321.0,0,1447.73
1301,,1846,998,322,10,1,1.0,1000.0,49843.0,19.0,810.0,-48843.0,1,1134.79
1302,,1847,921,611,12,3,1.0,52313.0,38500.0,12.0,46035.44,13813.0,1,882.9
1303,,1848,972,656,11,1,1.0,1000.0,39647.0,10.0,900.0,-38647.0,1,781.32
1304,,1849,769,305,11,3,1.0,1000.0,62792.0,18.0,820.0000000000001,-61792.0,0,1784.12
1305,,1850,1018,621,2,1,1.0,58344.0,54187.0,16.0,49008.96,4157.0,0,1242.13
1306,,1854,846,463,1,1,1.0,39969.0,35690.0,30.0,27978.3,4279.0,1,972.27
1307,20200114.0,1855,1017,139,6,2,1.0,1000.0,111024.0,9.0,910.0,-110024.0,0,1960.47
1308,,1857,926,410,5,1,1.0,1000.0,70735.0,23.0,770.0,-69735.0,1,2611.19
1309,,1858,975,189,1,1,1.0,90387.0,65440.0,30.0,63270.899999999994,24947.0,1,2954.29
1310,,329,894,391,10,1,1.0,89045.0,64782.0,35.0,57879.25,24263.0,0,3102.78
1311,20211002.0,1861,910,394,6,1,1.0,136003.0,108566.0,27.0,99282.19,27437.0,0,3340.36
1312,,1862,919,376,2,3,1.0,31611.0,23781.0,5.0,30030.449999999997,7830.0,0,373.54
1313,,1864,951,368,1,3,1.0,46166.0,42165.0,20.0,36932.8,4001.0,1,1268.16
1314,,1867,943,170,2,1,1.0,1000.0,116817.0,7.0,929.9999999999999,-115817.0,1,5036.25
1315,,1868,982,657,10,3,1.0,133179.0,104364.0,15.0,113202.15,28815.0,1,1981.05
1316,,1869,954,334,4,2,1.0,56408.0,48600.0,29.0,40049.68,7808.0,1,453.54
1317,,1870,670,23,12,3,1.0,68704.0,52503.0,17.0,57024.32,16201.0,1,2243.08
1318,,1872,1021,462,9,3,1.0,127477.0,108407.0,3.0,123652.69,19070.0,1,3371.83
1319,,1873,979,642,9,1,1.0,38317.0,34061.0,27.0,27971.41,4256.0,1,483.99
1320,,1874,972,175,1,3,1.0,1000.0,16467.0,30.0,700.0,-15467.0,0,
1321,,1876,994,211,2,3,1.0,64800.0,47270.0,0.0,64800.0,17530.0,1,527.73
1322,,1877,942,206,2,1,1.0,26987.0,23046.0,8.0,24828.04,3941.0,0,265.92
1323,,1878,934,426,2,1,1.0,28007.0,23154.0,11.0,24926.23,4853.0,0,287.65
1324,,1879,1007,658,11,1,1.0,1000.0,21760.0,28.0,720.0,-20760.0,1,865.46
1325,,1884,926,357,6,2,1.0,49642.0,39056.0,14.0,42692.12,10586.0,0,989.29
1326,20230609.0,1885,972,538,6,1,1.0,1000.0,29949.0,30.0,700.0,-28949.0,1,
1327,20200408.0,1886,791,179,7,3,1.0,1000.0,69001.0,29.0,710.0,-68001.0,0,811.19
1328,,1887,932,659,1,1,1.0,1000.0,111977.0,18.0,820.0000000000001,-110977.0,0,3984.49
1329,,1888,921,383,11,3,1.0,112495.0,101472.0,29.0,79871.45,11023.0,0,3919.27
1330,,1890,947,652,6,2,1.0,22230.0,16033.0,24.0,16894.8,6197.0,0,612.98
1331,,1891,982,636,4,2,1.0,1000.0,30370.0,15.0,850.0,-29370.0,0,1157.02
1332,20210219.0,1892,1013,92,2,1,1.0,106392.0,76640.0,24.0,80857.92,29752.0,0,1182.42
1333,20240824.0,1893,959,660,10,3,1.0,1000.0,90254.0,18.0,820.0000000000001,-89254.0,1,1493.7
1334,,1895,986,509,9,1,1.0,94239.0,69615.0,28.0,67852.08,24624.0,0,3137.19
1335,,1896,978,86,8,2,1.0,112384.0,86846.0,8.0,103393.28,25538.0,1,3840.59
1336,,1897,989,661,7,3,1.0,20553.0,17927.0,13.0,17881.11,2626.0,0,306.01
1337,,1900,1009,146,1,1,1.0,1000.0,71946.0,25.0,750.0,-70946.0,1,1640.31
1338,,1901,986,69,2,3,1.0,115990.0,92415.0,100.0,0.0,23575.0,1,1663.51
1339,,1902,906,662,2,3,1.0,79324.0,65411.0,100.0,0.0,13913.0,1,1770.38
1340,,1903,883,108,3,2,1.0,108802.0,102799.0,20.0,87041.6,6003.0,0,2921.94
1341,,1904,1002,121,10,3,1.0,1000.0,83796.0,100.0,0.0,-82796.0,0,1004.94
1342,,1905,910,38,8,3,1.0,38692.0,32516.0,4.0,37144.32,6176.0,0,1053.71
1343,,1906,791,484,12,2,1.0,45606.0,38786.0,14.0,39221.159999999996,6820.0,1,992.55
1344,,1907,978,197,11,2,1.0,27067.0,20330.0,21.0,21382.93,6737.0,1,802.45
1345,20210330.0,1908,862,531,8,3,1.0,140759.0,118050.0,28.0,101346.48,22709.0,0,4785.4
1346,,1909,852,522,1,1,1.0,92768.0,87332.0,13.0,80708.16,5436.0,0,2427.25
1347,,1910,910,254,12,2,1.0,1000.0,93722.0,0.0,1000.0,-92722.0,1,2286.74
1348,,1911,825,663,12,1,1.0,112710.0,95610.0,32.0,76642.79999999999,17100.0,1,3343.87
1349,,1111,1008,483,11,1,1.0,104356.0,86433.0,0.0,104356.0,17923.0,0,
1350,,1912,1016,664,5,3,1.0,109409.0,81806.0,17.0,90809.47,27603.0,0,3374.95
1351,,1915,1010,271,9,3,1.0,1000.0,56859.0,14.000000000000002,860.0,-55859.0,0,
1352,,1916,979,665,1,1,1.0,1000.0,37821.0,12.0,880.0,-36821.0,0,1559.4
1353,,1918,989,367,9,2,1.0,114376.0,105164.0,4.0,109800.95999999999,9212.0,1,1996.02
1354,,1919,978,666,2,1,1.0,1000.0,85600.0,5.0,950.0,-84600.0,0,2431.47
1355,,1920,996,326,2,1,1.0,20214.0,18566.0,3.0,19607.579999999998,1648.0,0,502.21
1356,20211012.0,1921,954,179,10,1,1.0,76169.0,56126.0,35.0,49509.85,20043.0,0,
1357,,1925,975,122,10,3,1.0,52940.0,38265.0,26.0,39175.6,14675.0,1,706.24
1358,,1926,852,151,3,3,1.0,137681.0,106605.0,33.0,92246.26999999999,31076.0,0,
1359,,1927,1017,667,5,2,1.0,116292.0,109629.0,3.0,112803.23999999999,6663.0,0,1941.82
1360,20240623.0,1928,998,455,9,1,1.0,38967.0,36620.0,22.0,30394.260000000002,2347.0,1,
1361,,1929,993,65,11,1,1.0,147394.0,107867.0,2.0,144446.12,39527.0,1,2656.09
1362,,1930,972,519,10,3,0.0,116157.0,102565.0,28.0,83633.04,13592.0,0,3397.04
1363,,1931,955,186,10,2,0.0,1000.0,66495.0,15.0,850.0,-65495.0,0,812.75
1364,,1934,959,668,9,1,1.0,30869.0,24251.0,0.0,30869.0,6618.0,1,801.86
1365,,1935,934,669,7,3,1.0,52130.0,41019.0,10.0,46917.0,11111.0,0,561.57
1366,,1937,948,670,9,2,1.0,56622.0,47754.0,3.0,54923.34,8868.0,1,1137.78
1367,,531,670,111,2,1,1.0,139681.0,101600.0,26.0,103363.94,38081.0,0,1341.56
1368,,1938,942,671,3,3,1.0,72112.0,61644.0,10.0,64900.8,10468.0,1,859.03
1369,,2388,1008,125,9,3,1.0,32407.0,24655.0,32.0,22036.76,7752.0,1,702.13
1370,,1940,983,181,9,3,1.0,18755.0,17334.0,31.0,12940.949999999999,1421.0,0,626.22
1371,,1941,950,672,3,2,1.0,94624.0,84397.0,15.0,80430.4,10227.0,1,3093.45
1372,,1942,1008,197,8,1,1.0,20061.0,18207.0,32.0,13641.48,1854.0,1,337.03
1373,,1943,955,139,2,2,1.0,38891.0,28462.0,23.0,29946.07,10429.0,0,1017.24
1374,20200131.0,1113,1007,673,1,1,1.0,44438.0,41293.0,10.0,39994.200000000004,3145.0,1,1422.01
1375,,1945,951,501,12,1,1.0,18880.0,15146.0,22.0,14726.4,3734.0,1,206.61
1376,,112,932,674,8,1,1.0,1000.0,65029.0,2.0,980.0,-64029.0,1,1587.8
1377,,1948,852,199,7,1,1.0,92339.0,85888.0,12.0,81258.32,6451.0,0,2434.63
1378,,908,910,675,3,3,1.0,141469.0,111833.0,0.0,141469.0,29636.0,1,4605.06
1379,,1734,1007,94,11,3,1.0,1000.0,32037.0,35.0,650.0,-31037.0,0,1120.1
1380,,1949,1023,565,8,3,1.0,1000.0,49642.0,21.0,790.0,-48642.0,1,
1381,20210411.0,1950,983,676,4,1,1.0,32707.0,30798.0,27.0,23876.11,1909.0,0,895.42
1382,20230310.0,1951,919,593,5,3,1.0,37309.0,29533.0,5.0,35443.549999999996,7776.0,0,821.15
1383,,1954,990,677,12,2,1.0,95178.0,75687.0,12.0,83756.64,19491.0,0,1754.23
1384,20211103.0,1957,910,484,5,1,1.0,20061.0,17763.0,25.0,15045.75,2298.0,1,261.79
1385,20240301.0,1958,934,573,11,1,1.0,66199.0,51466.0,30.0,46339.299999999996,14733.0,1,717.19
1386,,1959,945,88,4,3,1.0,43198.0,38446.0,17.0,35854.34,4752.0,1,653.76
1387,20220105.0,90,978,371,4,3,1.0,1000.0,116085.0,11.0,890.0,-115085.0,0,2249.2
1388,,1960,1012,218,9,2,1.0,1000.0,52961.0,31.0,690.0,-51961.0,1,664.1
1389,,1964,791,257,12,3,1.0,1000.0,74980.0,11.0,890.0,-73980.0,1,3008.25
1390,,1965,993,401,10,1,1.0,114929.0,86680.0,9.0,104585.39,28249.0,1,3383.32
1391,,1967,906,609,3,1,1.0,121616.0,106305.0,2.0,119183.68,15311.0,1,2682.76
1392,,1968,1017,208,8,3,1.0,1000.0,74067.0,29.0,710.0,-73067.0,1,2680.09
1393,,1970,972,169,4,3,1.0,51976.0,39633.0,4.0,49896.96,12343.0,1,1116.73
1394,,1971,867,678,4,2,1.0,19619.0,15178.0,9.0,17853.29,4441.0,0,285.74
1395,,1972,959,192,10,2,1.0,,96261.0,17.0,,,0,
1396,,1973,973,60,7,1,1.0,1000.0,56060.0,16.0,840.0,-55060.0,0,2078.14
1397,,1974,906,606,7,1,0.0,94560.0,88697.0,2.0,92668.8,5863.0,0,2885.98
1398,,1975,922,549,11,3,1.0,60639.0,53221.0,32.0,41234.52,7418.0,1,1413.37
1399,20211231.0,1977,979,624,10,1,1.0,1000.0,26360.0,14.0,860.0,-25360.0,0,356.56
1400,,1978,921,625,5,1,1.0,101024.0,86005.0,33.0,67686.07999999999,15019.0,0,2878.82
1401,,1980,1021,679,6,3,1.0,27853.0,23637.0,23.0,21446.81,4216.0,0,734.69
1402,,1982,972,295,7,3,1.0,36850.0,29710.0,20.0,29480.0,7140.0,1,1257.13
1403,,1983,910,266,10,1,1.0,108253.0,84472.0,8.0,99592.76000000001,23781.0,0,3724.4
1404,,1984,948,308,7,3,1.0,1000.0,23149.0,29.0,710.0,-22149.0,1,
1405,20240108.0,1985,943,680,9,1,1.0,87250.0,64201.0,34.0,57584.99999999999,23049.0,1,2610.92
1406,,1988,945,681,10,1,1.0,1000.0,33463.0,31.0,690.0,-32463.0,0,1528.32
1407,,1990,852,148,7,2,1.0,1000.0,37212.0,32.0,679.9999999999999,-36212.0,1,621.03
1408,,1991,983,682,4,3,1.0,41121.0,30171.0,2.0,40298.58,10950.0,1,1376.57
1409,,1994,980,293,1,1,1.0,36603.0,28385.0,27.0,26720.19,8218.0,0,720.61
1410,20201115.0,1995,982,522,1,3,1.0,,74326.0,18.0,,,0,1532.67
1411,,1996,905,501,10,3,1.0,90166.0,68325.0,28.0,64919.52,21841.0,0,1900.86
1412,,1998,943,149,1,3,1.0,27133.0,23490.0,33.0,18179.109999999997,3643.0,1,618.15
1413,20210922.0,1999,1010,683,6,2,1.0,134948.0,102004.0,100.0,0.0,32944.0,1,1309.52
1414,,2002,947,607,3,1,1.0,147391.0,106634.0,29.0,104647.61,40757.0,1,2856.96
1415,,2006,921,98,6,1,1.0,94423.0,73174.0,2.0,92534.54,21249.0,1,2092.83
1416,20241215.0,2009,922,357,8,1,1.0,134668.0,115211.0,8.0,123894.56000000001,19457.0,0,3838.25
1417,,2012,964,453,3,3,1.0,96402.0,76604.0,30.0,67481.4,19798.0,0,2000.65
1418,,2014,791,684,5,1,1.0,53249.0,38194.0,21.0,42066.71,15055.0,0,1262.04
1419,,2016,996,354,9,2,1.0,33994.0,30150.0,0.0,33994.0,3844.0,0,918.09
1420,,2017,1012,638,9,1,1.0,92050.0,66780.0,19.0,74560.5,25270.0,0,2578.41
1421,,2018,1006,152,10,1,1.0,118863.0,111798.0,33.0,79638.20999999999,7065.0,1,2686.66
1422,,2019,883,538,10,3,1.0,22042.0,19348.0,27.0,16090.66,2694.0,0,551.4
1423,20220526.0,2020,885,285,12,3,1.0,102218.0,84510.0,100.0,0.0,17708.0,0,3314.63
1424,20200406.0,2022,942,522,1,2,1.0,68639.0,52234.0,13.0,59715.93,16405.0,1,2008.44
1425,,2023,943,164,5,2,1.0,1000.0,42932.0,13.0,870.0,-41932.0,1,1715.14
1426,,2024,1004,510,11,1,1.0,95836.0,83932.0,9.0,87210.76000000001,11904.0,0,1614.4
1427,,2025,976,551,10,1,1.0,64234.0,51053.0,13.0,55883.58,13181.0,0,1035.79
1428,,2026,852,286,3,2,1.0,1000.0,50090.0,24.0,760.0,-49090.0,0,1337.15
1429,20210126.0,2027,601,201,4,1,1.0,60192.0,49085.0,16.0,50561.28,11107.0,0,747.0
1430,,2029,959,397,12,3,0.0,1000.0,102658.0,27.0,730.0,-101658.0,1,2040.25
1431,,2030,1019,26,10,2,1.0,125651.0,110636.0,9.0,114342.41,15015.0,1,1529.06
1432,,1476,973,14,5,1,1.0,72255.0,55762.0,100.0,0.0,16493.0,1,1306.08
1433,,2031,834,290,9,3,1.0,1000.0,106121.0,19.0,810.0,-105121.0,1,1637.5
1434,,2033,978,159,5,2,1.0,73163.0,67642.0,18.0,59993.66,5521.0,0,642.24
1435,,2036,1008,576,9,3,1.0,74497.0,70309.0,1.0,73752.03,4188.0,1,2518.6
1436,,2038,1006,671,5,1,1.0,95816.0,72833.0,16.0,80485.44,22983.0,0,2443.21
1437,,2039,1008,255,2,2,1.0,113603.0,87934.0,32.0,77250.04,25669.0,0,
1438,,2040,1012,51,12,1,1.0,49103.0,39916.0,10.0,44192.700000000004,9187.0,0,1573.64
1439,,2041,1000,276,10,1,1.0,75999.0,63183.0,0.0,75999.0,12816.0,1,2347.4
1440,,2042,894,357,1,2,1.0,98448.0,81344.0,15.0,83680.8,17104.0,1,2661.82
1441,,2043,932,620,6,3,1.0,22311.0,16529.0,6.0,20972.34,5782.0,0,505.0
1442,,2045,954,685,2,3,1.0,1000.0,111389.0,21.0,790.0,-110389.0,1,1381.68
1443,,2046,1023,333,4,2,1.0,27013.0,24896.0,30.0,18909.1,2117.0,1,641.71
1444,,2047,947,367,1,3,1.0,138424.0,102012.0,2.0,135655.52,36412.0,1,4397.73
1445,20220819.0,2048,934,404,9,1,1.0,118836.0,96999.0,0.0,118836.0,21837.0,1,4090.25
1446,,2049,791,686,2,3,1.0,77030.0,64369.0,26.0,57002.2,12661.0,1,
1447,,567,1014,670,4,3,1.0,102424.0,88849.0,35.0,66575.6,13575.0,0,
1448,,2050,970,391,2,2,1.0,1000.0,98205.0,17.0,830.0,-97205.0,1,3798.29
1449,,2051,948,194,10,1,1.0,94096.0,67530.0,19.0,76217.76000000001,26566.0,0,2561.12
1450,,2052,1008,105,12,3,1.0,40209.0,31217.0,10.0,36188.1,8992.0,0,1043.27
1451,,2053,986,53,1,1,1.0,1000.0,99665.0,19.0,810.0,-98665.0,0,1337.89
1452,,2054,972,231,9,3,0.0,125945.0,110931.0,29.0,89420.95,15014.0,1,2990.59
1453,,2055,996,55,9,2,1.0,50609.0,36452.0,30.0,35426.299999999996,14157.0,0,1142.9
1454,,2056,950,480,11,2,1.0,17211.0,16272.0,5.0,16350.449999999999,939.0,1,225.84
1455,,2057,852,133,10,1,1.0,73641.0,60765.0,14.0,63331.26,12876.0,1,1923.41
1456,,1704,932,610,10,2,1.0,76014.0,62804.0,6.0,71453.15999999999,13210.0,0,1314.82
1457,,2059,950,91,11,1,1.0,68446.0,51528.0,29.0,48596.659999999996,16918.0,1,929.82
1458,,2060,921,292,8,3,1.0,158367.0,118617.0,34.0,104522.21999999999,39750.0,0,3184.82
1459,20220208.0,2061,1016,687,2,3,0.0,96393.0,80687.0,21.0,76150.47,15706.0,0,2441.99
1460,,1609,1008,571,6,3,1.0,105141.0,97441.0,29.0,74650.11,7700.0,1,2359.49
1461,,2062,1023,588,6,3,1.0,1000.0,101894.0,32.0,679.9999999999999,-100894.0,0,1927.49
1462,20201015.0,2063,919,232,4,1,1.0,1000.0,34079.0,27.0,730.0,-33079.0,0,897.14
1463,,2064,825,291,1,2,1.0,115663.0,89737.0,4.0,111036.48,25926.0,0,4033.66
1464,,2067,980,498,10,3,1.0,22190.0,18928.0,29.0,15754.9,3262.0,0,762.29
1465,20240507.0,2068,951,268,1,3,1.0,65710.0,50902.0,14.0,56510.6,14808.0,0,1916.96
1466,,2070,1009,461,9,3,1.0,1000.0,16639.0,16.0,840.0,-15639.0,1,214.79
1467,,877,1002,439,10,3,1.0,127004.0,99455.0,27.0,92712.92,27549.0,0,3646.8
1468,,2073,942,109,11,1,1.0,108711.0,103289.0,5.0,103275.45,5422.0,0,1751.08
1469,20211026.0,62,959,149,8,2,1.0,1000.0,24788.0,3.0,970.0,-23788.0,1,470.46
1470,,2076,974,5,12,3,1.0,98949.0,93138.0,24.0,75201.24,5811.0,0,1210.96
1471,,2077,1004,612,1,1,1.0,1000.0,31411.0,27.0,730.0,-30411.0,0,355.93
1472,,493,922,564,11,3,1.0,35768.0,32722.0,8.0,32906.560000000005,3046.0,0,448.47
1473,,2081,910,123,4,2,0.0,45344.0,35632.0,30.0,31740.8,9712.0,0,1096.93
1474,,2083,974,688,12,1,1.0,133655.0,101657.0,3.0,129645.34999999999,31998.0,0,2454.6
1475,,2084,834,626,6,1,1.0,89692.0,66888.0,6.0,84310.48,22804.0,0,2094.12
1476,,2085,973,152,2,2,1.0,60061.0,48081.0,100.0,0.0,11980.0,0,1655.92
1477,,2086,862,354,8,2,1.0,133274.0,98591.0,18.0,109284.68000000001,34683.0,1,2341.61
1478,,2087,994,655,4,1,1.0,82556.0,60988.0,27.0,60265.88,21568.0,1,1076.66
1479,,2090,970,629,11,1,1.0,125369.0,91195.0,11.0,111578.41,34174.0,0,3782.01
1480,,2092,954,689,11,3,1.0,1000.0,88709.0,15.0,850.0,-87709.0,1,3275.22
1481,,2093,919,159,6,1,1.0,82032.0,62742.0,31.0,56602.079999999994,19290.0,1,
1482,,2094,932,359,3,3,1.0,54034.0,49046.0,22.0,42146.520000000004,4988.0,1,866.4
1483,,2095,994,463,4,2,1.0,82328.0,72109.0,23.0,63392.560000000005,10219.0,1,2820.56
1484,,2096,955,690,12,3,1.0,33708.0,30500.0,17.0,27977.64,3208.0,1,484.69
1485,,2097,993,359,10,3,1.0,1000.0,60578.0,6.0,940.0,-59578.0,1,1067.37
1486,,2098,996,163,10,1,1.0,1000.0,66000.0,26.0,740.0,-65000.0,0,2224.74
1487,20200420.0,2099,993,35,12,2,1.0,40396.0,32730.0,13.0,35144.52,7666.0,1,
1488,,2100,982,606,8,2,1.0,145615.0,105226.0,18.0,119404.3,40389.0,1,2723.05
1489,,2104,1017,75,1,2,1.0,67486.0,50277.0,5.0,64111.7,17209.0,1,2153.07
1490,,2105,975,280,10,2,1.0,59165.0,53125.0,29.0,42007.15,6040.0,0,1556.68
1491,,2107,914,475,10,1,1.0,126905.0,103576.0,11.0,112945.45,23329.0,0,
1492,,1762,1007,588,5,3,1.0,1000.0,24600.0,31.0,690.0,-23600.0,0,847.49
1493,,2108,883,691,4,2,1.0,42756.0,33614.0,17.0,35487.479999999996,9142.0,1,1051.99
1494,,2109,910,228,5,2,1.0,115898.0,87817.0,24.0,88082.48,28081.0,0,3883.07
1495,,2110,1013,49,11,1,1.0,1000.0,104664.0,32.0,679.9999999999999,-103664.0,1,2144.39
1496,,2111,1004,641,7,1,1.0,105068.0,82742.0,100.0,0.0,22326.0,0,1853.31
1497,,2114,910,102,3,2,1.0,138157.0,113710.0,14.000000000000002,118815.02,24447.0,1,3881.04
1498,,2115,959,224,1,3,1.0,36272.0,33997.0,24.0,27566.72,2275.0,1,705.75
1499,,2116,1015,291,2,1,1.0,110768.0,96887.0,11.0,98583.52,13881.0,0,3761.34
1500,20230625.0,2118,947,219,2,3,1.0,1000.0,94808.0,25.0,750.0,-93808.0,1,
1501,,2119,943,498,6,2,1.0,88876.0,74004.0,5.0,84432.2,14872.0,1,
1502,20230407.0,2121,983,228,3,2,1.0,1000.0,49065.0,25.0,750.0,-48065.0,1,856.93
1503,,2123,915,267,11,2,1.0,97647.0,80206.0,14.0,83976.42,17441.0,1,1777.46
1504,,2124,769,435,1,2,1.0,1000.0,26547.0,27.0,730.0,-25547.0,1,996.3
1505,,2125,1014,258,11,3,1.0,1000.0,112668.0,26.0,740.0,-111668.0,1,1715.09
1506,,2127,998,230,1,2,1.0,91010.0,73222.0,17.0,75538.3,17788.0,1,3065.48
1507,,2128,934,562,4,1,1.0,,72977.0,12.0,,,1,
1508,20231122.0,2129,976,692,6,1,1.0,85156.0,66341.0,23.0,65570.12,18815.0,0,
1509,,2130,1006,203,5,3,1.0,105116.0,96323.0,9.0,95655.56,8793.0,0,
1510,,2131,846,88,8,3,1.0,95404.0,81590.0,9.0,86817.64,13814.0,1,1394.69
1511,,2134,996,693,8,2,1.0,1000.0,106490.0,12.0,880.0,-105490.0,1,4165.88
1512,,2135,601,277,6,2,1.0,22444.0,17592.0,26.0,16608.56,4852.0,0,
1513,,2136,973,641,10,1,1.0,137999.0,107579.0,27.0,100739.27,30420.0,0,2473.54
1514,,2137,996,659,10,1,0.0,113466.0,84041.0,14.0,97580.76,29425.0,0,1908.18
1515,,2138,989,47,6,1,0.0,,59945.0,4.0,,,0,598.12
1516,20230405.0,2140,979,508,10,1,1.0,46790.0,33755.0,14.0,40239.4,13035.0,1,635.08
1517,,2141,769,124,7,1,1.0,52926.0,43998.0,3.0,51338.22,8928.0,1,515.26
1518,,2142,943,460,2,2,1.0,80046.0,67514.0,23.0,61635.42,12532.0,0,2115.22
1519,,2143,981,54,7,3,1.0,72489.0,60683.0,5.0,68864.55,11806.0,0,1172.19
1520,,2144,926,5,7,2,1.0,25625.0,18946.0,18.0,21012.5,6679.0,1,613.32
1521,,2145,1000,215,12,1,1.0,38151.0,28168.0,6.0,35861.939999999995,9983.0,1,990.76
1522,,2149,959,98,9,2,1.0,50519.0,44108.0,6.0,47487.86,6411.0,0,1295.36
1523,,2150,906,552,9,3,1.0,,109812.0,17.0,,,1,3879.77
1524,,2151,1018,336,11,2,1.0,1000.0,62059.0,34.0,659.9999999999999,-61059.0,0,1940.39
1525,,2152,943,549,11,3,1.0,73121.0,54625.0,4.0,70196.16,18496.0,0,1058.52
1526,,2154,971,636,8,3,1.0,88445.0,71820.0,27.0,64564.85,16625.0,0,990.6
1527,,2156,934,369,7,2,1.0,65316.0,49214.0,17.0,54212.28,16102.0,0,1218.52
1528,,2157,921,632,9,3,1.0,69922.0,57448.0,7.0,65027.46,12474.0,0,1175.94
1529,,2158,846,286,6,3,1.0,76671.0,55483.0,20.0,61336.8,21188.0,1,1713.81
1530,,2159,926,178,8,1,1.0,30702.0,28656.0,15.0,26096.7,2046.0,1,661.95
1531,20220421.0,2160,1015,575,5,1,1.0,91329.0,71332.0,19.0,73976.49,19997.0,0,2505.84
1532,,2161,1012,246,8,1,1.0,65797.0,53240.0,33.0,44083.99,12557.0,0,659.46
1533,,2162,951,239,2,2,1.0,94536.0,72865.0,28.0,68065.92,21671.0,1,1846.81
1534,20241223.0,2163,979,685,7,3,1.0,105975.0,88581.0,21.0,83720.25,17394.0,0,2565.8
1535,,2164,825,694,2,1,1.0,1000.0,71109.0,9.0,910.0,-70109.0,1,1953.14
1536,,2167,981,517,1,3,1.0,21761.0,15905.0,35.0,14144.65,5856.0,1,385.57
1537,20240112.0,2168,1022,76,10,3,1.0,60223.0,54176.0,31.0,41553.869999999995,6047.0,0,875.37
1538,,2173,986,471,2,1,1.0,1000.0,83967.0,7.0,929.9999999999999,-82967.0,1,3207.18
1539,,2174,981,29,3,3,1.0,1000.0,43287.0,7.0,929.9999999999999,-42287.0,0,1945.84
1540,,2175,951,185,7,3,1.0,108859.0,84375.0,24.0,82732.84,24484.0,0,3718.9
1541,,2176,1007,348,7,3,0.0,117210.0,94056.0,28.0,84391.2,23154.0,0,1978.22
1542,,2178,945,600,12,3,1.0,149932.0,112076.0,100.0,0.0,37856.0,0,1870.68
1543,,2181,894,644,4,3,1.0,65174.0,47505.0,10.0,58656.6,17669.0,1,2194.51
1544,,2184,1022,146,10,3,1.0,48458.0,35119.0,2.0,47488.84,13339.0,1,1177.57
1545,,2186,970,276,6,1,1.0,1000.0,112985.0,5.0,950.0,-111985.0,0,3257.43
1546,,2187,1012,315,5,1,1.0,153037.0,114500.0,15.0,130081.45,38537.0,0,1251.39
1547,,1346,1022,695,10,2,1.0,33746.0,28567.0,9.0,30708.86,5179.0,0,854.2
1548,,2189,922,524,5,2,1.0,22358.0,15987.0,26.0,16544.92,6371.0,1,670.6
1549,,2190,670,42,10,2,1.0,109718.0,82470.0,31.0,75705.42,27248.0,0,3390.55
1550,,2192,910,548,9,1,1.0,122058.0,104288.0,33.0,81778.85999999999,17770.0,1,2371.99
1551,,2193,971,576,4,1,0.0,1000.0,37588.0,29.0,710.0,-36588.0,0,545.76
1552,20230819.0,2493,948,696,5,3,1.0,1000.0,87227.0,0.0,1000.0,-86227.0,0,3323.1
1553,,2196,1015,623,3,3,1.0,1000.0,47779.0,29.0,710.0,-46779.0,0,1438.36
1554,,2197,670,697,12,3,1.0,112721.0,91357.0,3.0,109339.37,21364.0,1,905.82
1555,,2198,1022,471,6,1,1.0,30124.0,24473.0,33.0,20183.079999999998,5651.0,0,399.14
1556,,2200,921,698,4,2,1.0,1000.0,111977.0,10.0,900.0,-110977.0,1,4155.69
1557,,2201,921,324,1,2,1.0,128538.0,110602.0,26.0,95118.12,17936.0,0,2130.8
1558,,2202,1000,699,10,1,1.0,102966.0,75042.0,0.0,102966.0,27924.0,1,3156.4
1559,,2203,914,99,1,2,1.0,106409.0,90977.0,5.0,101088.54999999999,15432.0,0,2515.28
1560,,2204,954,39,7,1,1.0,70427.0,61549.0,10.0,63384.3,8878.0,1,2428.79
1561,,2205,994,700,3,2,1.0,108048.0,90203.0,13.0,94001.76,17845.0,1,1709.11
1562,,2207,846,281,3,1,1.0,1000.0,96889.0,2.0,980.0,-95889.0,0,2905.91
1563,,2208,964,622,11,1,1.0,117086.0,91746.0,10.0,105377.40000000001,25340.0,1,1497.26
1564,,2211,954,251,8,2,1.0,100629.0,88382.0,15.0,85534.65,12247.0,0,2184.0
1565,,2212,883,495,8,1,1.0,125086.0,108684.0,7.0,116329.98,16402.0,1,3011.15
1566,,2213,1017,701,9,3,1.0,86679.0,71580.0,19.0,70209.99,15099.0,1,1566.16
1567,,2214,1016,57,1,1,1.0,34231.0,32229.0,20.0,27384.800000000003,2002.0,0,504.36
1568,,2216,921,702,10,2,1.0,100853.0,95784.0,16.0,84716.52,5069.0,0,3241.04
1569,,760,979,538,4,2,1.0,38558.0,35382.0,11.0,34316.62,3176.0,0,372.66
1570,,2217,993,473,6,1,1.0,16183.0,15014.0,18.0,13270.060000000001,1169.0,1,511.79
1571,,2218,1012,14,7,1,1.0,51162.0,45399.0,0.0,51162.0,5763.0,0,674.53
1572,,2219,1006,703,2,1,1.0,138816.0,108936.0,2.0,136039.68,29880.0,0,1524.18
1573,,2222,998,46,2,3,1.0,125826.0,95763.0,31.0,86819.93999999999,30063.0,1,2537.76
1574,,2223,975,670,12,1,1.0,106168.0,89260.0,11.0,94489.52,16908.0,1,
1575,,2224,894,681,6,3,1.0,145765.0,117721.0,2.0,142849.7,28044.0,1,3310.9
1576,20240504.0,2225,964,438,6,3,1.0,34970.0,31466.0,35.0,22730.5,3504.0,0,1112.39
1577,,2227,1016,3,2,3,1.0,1000.0,48946.0,6.0,940.0,-47946.0,0,737.76
1578,,2229,1006,170,7,3,1.0,1000.0,98476.0,23.0,770.0,-97476.0,0,3468.0
1579,,2230,898,671,12,1,1.0,65333.0,47764.0,18.0,53573.060000000005,17569.0,0,707.24
1580,20201118.0,2231,972,704,6,3,1.0,134229.0,101396.0,25.0,100671.75,32833.0,1,1363.51
1581,,2232,976,358,6,3,1.0,149590.0,112677.0,33.0,100225.29999999999,36913.0,0,3670.76
1582,,2233,975,445,11,2,1.0,50798.0,42866.0,16.0,42670.32,7932.0,0,619.92
1583,,2234,980,256,7,3,1.0,46381.0,36689.0,10.0,41742.9,9692.0,1,1619.71
1584,,2235,1014,141,11,3,1.0,48629.0,42745.0,6.0,45711.259999999995,5884.0,0,962.11
1585,,2238,846,284,4,1,1.0,1000.0,95199.0,28.0,720.0,-94199.0,1,3187.02
1586,,2240,922,705,2,1,1.0,132861.0,109069.0,11.0,118246.29000000001,23792.0,1,1653.65
1587,,2241,959,706,3,1,1.0,52864.0,50246.0,32.0,35947.52,2618.0,1,1480.68
1588,,2243,932,193,3,1,1.0,92682.0,66666.0,19.0,75072.42,26016.0,1,1905.81
1589,,2246,978,134,12,3,1.0,73063.0,57929.0,15.0,62103.549999999996,15134.0,0,1077.69
1590,,2250,976,458,11,2,1.0,20656.0,18901.0,13.0,17970.72,1755.0,0,462.05
1591,20200718.0,2139,910,323,5,2,1.0,1000.0,95579.0,33.0,669.9999999999999,-94579.0,1,2474.08
1592,,3,934,707,12,2,1.0,1000.0,48246.0,12.0,880.0,-47246.0,1,1485.54
1593,,2251,898,250,12,3,1.0,1000.0,67411.0,9.0,910.0,-66411.0,1,1930.68
1594,,2253,1006,708,1,3,1.0,18843.0,16874.0,35.0,12247.95,1969.0,1,400.14
1595,,2254,934,405,4,1,1.0,82363.0,64665.0,8.0,75773.96,17698.0,1,2310.13
1596,,2255,867,169,12,3,1.0,39195.0,28685.0,27.0,28612.35,10510.0,1,
1597,,2257,791,502,4,2,1.0,1000.0,98139.0,32.0,679.9999999999999,-97139.0,0,1969.39
1598,,2259,894,211,3,3,1.0,39729.0,37210.0,9.0,36153.39,2519.0,0,814.05
1599,20200129.0,2260,980,400,5,3,1.0,76740.0,72325.0,14.0,65996.4,4415.0,1,
1600,,2262,942,397,10,2,1.0,101686.0,81692.0,0.0,101686.0,19994.0,1,2866.24
1601,,2267,894,674,11,1,1.0,146742.0,112705.0,10.0,132067.80000000002,34037.0,0,1530.81
1602,,2269,883,709,2,3,1.0,27133.0,25476.0,7.000000000000001,25233.69,1657.0,1,
1603,,2270,996,418,11,3,0.0,131517.0,106106.0,31.0,90746.73,25411.0,1,1561.46
1604,,2272,980,695,3,3,1.0,120800.0,113111.0,3.0,117176.0,7689.0,0,3312.9
1605,,2273,921,415,5,1,1.0,97341.0,70213.0,24.0,73979.16,27128.0,0,1219.32
1606,,411,942,71,2,2,1.0,123334.0,108653.0,29.0,87567.14,14681.0,0,3558.79
1607,,2278,1007,710,6,3,1.0,41241.0,29509.0,35.0,26806.65,11732.0,0,1156.58
1608,,2279,983,614,10,2,1.0,1000.0,112443.0,20.0,800.0,-111443.0,0,1194.76
1609,,2283,1000,224,10,1,1.0,153176.0,119959.0,20.0,122540.8,33217.0,1,2259.58
1610,,2284,862,468,7,1,1.0,71419.0,55101.0,5.0,67848.05,16318.0,1,2006.48
1611,20211221.0,2286,1014,516,11,3,1.0,95850.0,74326.0,26.0,70929.0,21524.0,1,1395.09
1612,,2287,986,220,7,2,1.0,85201.0,72897.0,8.0,78384.92,12304.0,1,2018.0
1613,,2288,1023,211,10,1,1.0,1000.0,47502.0,26.0,740.0,-46502.0,0,729.05
1614,,2289,914,711,3,2,1.0,128848.0,109631.0,13.0,112097.76,19217.0,1,2836.46
1615,,2292,947,357,1,1,1.0,70009.0,51858.0,25.0,52506.75,18151.0,0,658.47
1616,,2293,934,375,9,3,1.0,79564.0,67648.0,11.0,70811.96,11916.0,0,1675.04
1617,,2294,932,644,10,1,1.0,1000.0,31900.0,9.0,910.0,-30900.0,0,1325.52
1618,,2295,1023,185,6,2,1.0,114095.0,98155.0,17.0,94698.84999999999,15940.0,1,3087.6
1619,,2297,950,582,2,1,1.0,48628.0,40572.0,0.0,48628.0,8056.0,1,989.85
1620,,2298,1005,712,2,1,1.0,73686.0,60412.0,12.0,64843.68,13274.0,1,1721.7
1621,,2299,919,262,9,1,1.0,67663.0,55044.0,9.0,61573.33,12619.0,0,1706.56
1622,,2300,948,713,3,3,1.0,127343.0,92359.0,32.0,86593.23999999999,34984.0,1,3537.19
1623,,2303,894,649,4,1,1.0,71942.0,62979.0,100.0,0.0,8963.0,0,746.59
1624,,2304,1007,74,9,3,1.0,,111792.0,31.0,,,0,4353.25
1625,20240131.0,2306,943,435,3,2,1.0,,34239.0,17.0,,,1,582.46
1626,,2307,852,714,10,2,1.0,125702.0,98528.0,19.0,101818.62000000001,27174.0,1,
1627,,2308,986,615,11,3,1.0,106204.0,100222.0,2.0,104079.92,5982.0,1,1191.7
1628,,2309,950,710,3,2,1.0,68032.0,60996.0,7.0,63269.759999999995,7036.0,1,972.88
1629,,2310,996,238,4,1,1.0,85316.0,74223.0,16.0,71665.44,11093.0,1,1000.23
1630,20200906.0,2311,1004,524,5,1,1.0,60548.0,47210.0,18.0,49649.36,13338.0,0,1726.16
1631,,2312,970,660,6,1,1.0,63135.0,57641.0,16.0,53033.4,5494.0,0,884.62
1632,,2314,906,554,5,1,1.0,29726.0,27194.0,28.0,21402.719999999998,2532.0,1,697.48
1633,,2315,922,175,4,1,1.0,1000.0,116958.0,17.0,830.0,-115958.0,0,2210.13
1634,20241118.0,2316,883,715,8,3,1.0,134788.0,112168.0,17.0,111874.04,22620.0,1,3056.65
1635,,2317,1000,12,11,1,1.0,93023.0,87000.0,4.0,89302.08,6023.0,0,
1636,,2318,769,202,5,2,1.0,99522.0,75103.0,6.0,93550.68,24419.0,0,1807.48
1637,,2323,1016,140,6,2,1.0,38468.0,27767.0,10.0,34621.200000000004,10701.0,0,604.23
1638,20240126.0,2324,947,505,9,3,1.0,27573.0,25501.0,7.000000000000001,25642.89,2072.0,1,883.22
1639,,2326,894,172,8,3,1.0,1000.0,38130.0,29.0,710.0,-37130.0,0,1281.71
1640,,2328,922,533,10,2,1.0,42866.0,40767.0,13.0,37293.42,2099.0,0,
1641,,2329,943,353,1,3,1.0,31032.0,23833.0,23.0,23894.64,7199.0,0,319.77
1642,,2331,945,99,2,2,1.0,1000.0,82775.0,29.0,710.0,-81775.0,1,2704.14
1643,,2332,1004,185,10,3,1.0,94894.0,77474.0,26.0,70221.56,17420.0,0,2148.48
1644,,2335,945,304,4,1,1.0,1000.0,84036.0,100.0,0.0,-83036.0,0,3321.6
1645,,2336,954,697,5,2,1.0,34332.0,28100.0,15.0,29182.2,6232.0,0,731.81
1646,20210329.0,2337,1014,716,11,1,1.0,75745.0,67187.0,24.0,57566.2,8558.0,0,1800.84
1647,,2056,1011,361,10,1,0.0,1000.0,41589.0,0.0,1000.0,-40589.0,0,1759.61
1648,,2338,989,13,11,3,1.0,1000.0,59162.0,19.0,810.0,-58162.0,0,1189.13
1649,,436,980,532,7,3,0.0,1000.0,88000.0,33.0,669.9999999999999,-87000.0,0,1204.36
1650,,2342,894,651,3,1,1.0,128612.0,110245.0,21.0,101603.48000000001,18367.0,1,1098.59
1651,,2343,974,398,11,2,1.0,85328.0,72585.0,26.0,63142.72,12743.0,0,2620.42
1652,,1421,915,457,2,3,1.0,74989.0,55670.0,31.0,51742.409999999996,19319.0,1,1104.26
1653,,2344,910,510,5,2,1.0,109241.0,97546.0,10.0,98316.90000000001,11695.0,0,2092.61
1654,,1609,1022,23,10,1,1.0,54808.0,47319.0,21.0,43298.32,7489.0,1,1833.38
1655,,2345,986,443,10,1,1.0,53671.0,43708.0,13.0,46693.77,9963.0,1,1735.25
1656,,2346,950,368,9,3,1.0,42123.0,31148.0,17.0,34962.09,10975.0,1,724.81
1657,,2348,601,470,10,3,0.0,106404.0,93915.0,21.0,84059.16,12489.0,0,3288.87
1658,,2349,791,584,9,1,1.0,55932.0,45781.0,11.0,49779.48,10151.0,0,1453.54
1659,,2355,978,123,9,2,1.0,132884.0,103796.0,14.0,114280.24,29088.0,1,
1660,,2356,1004,275,3,3,0.0,114094.0,85874.0,2.0,111812.12,28220.0,0,1231.53
1661,,2357,1019,427,1,1,1.0,32213.0,23921.0,8.0,29635.960000000003,8292.0,1,688.3
1662,,1911,1009,497,11,3,1.0,129617.0,110727.0,9.0,117951.47,18890.0,1,4140.89
1663,,2359,982,395,7,3,1.0,1000.0,73823.0,22.0,780.0,-72823.0,1,1535.07
1664,,2361,791,346,8,1,1.0,126363.0,108301.0,20.0,101090.40000000001,18062.0,1,3014.3
1665,,2362,915,717,7,1,1.0,118815.0,87725.0,2.0,116438.7,31090.0,0,3475.69
1666,,2363,948,101,8,3,1.0,89406.0,73807.0,24.0,67948.56,15599.0,1,2655.9
1667,,2364,973,292,5,2,1.0,152457.0,110739.0,15.0,129588.45,41718.0,1,
1668,,2365,1018,512,3,1,1.0,29450.0,27244.0,25.0,22087.5,2206.0,1,396.44
1669,,613,959,544,2,1,1.0,68456.0,58248.0,7.0,63664.079999999994,10208.0,0,1105.78
1670,,2367,1023,77,2,3,1.0,66593.0,49489.0,16.0,55938.119999999995,17104.0,0,1320.33
1671,,2368,825,566,11,3,1.0,1000.0,80817.0,27.0,730.0,-79817.0,0,1178.97
1672,,1805,955,323,3,1,1.0,21061.0,16053.0,30.0,14742.699999999999,5008.0,1,243.2
1673,,2369,905,130,3,2,1.0,1000.0,15684.0,4.0,960.0,-14684.0,1,232.03
1674,,2370,883,208,9,2,1.0,1000.0,49711.0,14.000000000000002,860.0,-48711.0,1,1754.88
1675,,2372,994,693,11,3,1.0,1000.0,83579.0,9.0,910.0,-82579.0,1,2012.86
1676,,2374,1005,201,5,1,0.0,1000.0,97092.0,7.0,929.9999999999999,-96092.0,1,3850.87
1677,,2376,915,76,12,2,1.0,88409.0,65538.0,18.0,72495.38,22871.0,1,722.24
1678,20240502.0,2377,914,252,5,2,1.0,23836.0,21449.0,17.0,19783.879999999997,2387.0,0,684.89
1679,,2378,1008,718,10,3,1.0,92196.0,79388.0,18.0,75600.72,12808.0,0,1386.25
1680,,2379,1006,120,6,1,1.0,94993.0,78014.0,27.0,69344.89,16979.0,1,2429.8
1681,,2382,791,275,9,1,1.0,83270.0,60809.0,28.0,59954.399999999994,22461.0,0,906.47
1682,,2384,1016,17,7,1,1.0,127137.0,102867.0,8.0,116966.04000000001,24270.0,1,2542.65
1683,,2386,1007,102,6,3,1.0,,35041.0,30.0,,,1,694.77
1684,,1770,973,330,6,3,1.0,40298.0,35410.0,21.0,31835.420000000002,4888.0,1,622.52
1685,20211106.0,2387,1008,400,5,3,1.0,114046.0,89473.0,30.0,79832.2,24573.0,0,2729.94
1686,,2389,852,90,9,2,1.0,1000.0,88656.0,15.0,850.0,-87656.0,0,3075.15
1687,,2390,883,298,10,3,1.0,132472.0,94838.0,18.0,108627.04000000001,37634.0,0,2960.87
1688,,2391,1005,648,10,1,1.0,1000.0,71988.0,100.0,0.0,-70988.0,1,
1689,,2395,926,719,2,3,1.0,128596.0,95019.0,29.0,91303.15999999999,33577.0,1,3029.65
1690,,2398,1017,720,1,3,1.0,1000.0,42563.0,13.0,870.0,-41563.0,0,1790.54
1691,,2399,983,721,10,2,1.0,68664.0,51093.0,19.0,55617.840000000004,17571.0,0,1209.82
1692,,2400,994,722,3,2,1.0,,33380.0,24.0,,,1,1226.69
1693,,2403,862,90,10,1,1.0,106143.0,87509.0,100.0,0.0,18634.0,0,3433.83
1694,,2404,947,570,8,3,1.0,115712.0,98731.0,17.0,96040.95999999999,16981.0,1,2426.73
1695,,2405,978,299,4,3,1.0,97241.0,87553.0,11.0,86544.49,9688.0,0,2072.42
1696,,2408,852,497,6,1,1.0,1000.0,85052.0,20.0,800.0,-84052.0,1,3114.99
1697,20201223.0,2409,825,669,10,1,1.0,86309.0,67689.0,25.0,64731.75,18620.0,0,1346.03
1698,,1912,1018,191,8,3,1.0,40915.0,34327.0,3.0,39687.549999999996,6588.0,1,749.07
1699,,2410,945,723,9,2,1.0,107200.0,101486.0,16.0,90048.0,5714.0,1,1486.61
1700,20200827.0,2411,951,724,2,2,1.0,1000.0,36435.0,24.0,760.0,-35435.0,1,896.56
1701,,2412,947,400,8,2,0.0,50525.0,36440.0,3.0,49009.25,14085.0,1,426.71
1702,,2413,1007,704,4,3,1.0,28544.0,24543.0,34.0,18839.039999999997,4001.0,0,346.47
1703,,2418,950,294,4,1,1.0,1000.0,40566.0,26.0,740.0,-39566.0,0,686.25
1704,,2372,1021,258,6,3,1.0,,77054.0,12.0,,,0,3190.76
1705,,2420,947,719,5,3,1.0,46098.0,33038.0,5.0,43793.1,13060.0,0,958.38
1706,,2421,1008,79,6,2,1.0,34981.0,26370.0,12.0,30783.28,8611.0,1,507.18
1707,,2422,1004,552,5,3,1.0,95353.0,73882.0,31.0,65793.56999999999,21471.0,0,2650.46
1708,,2423,1005,342,9,1,1.0,40339.0,38309.0,12.0,35498.32,2030.0,0,749.12
1709,,2425,894,36,4,1,1.0,51417.0,38299.0,15.0,43704.45,13118.0,0,1435.06
1710,,2426,972,650,11,2,1.0,107529.0,83403.0,2.0,105378.42,24126.0,0,
1711,,2427,1004,725,10,2,1.0,41371.0,37753.0,11.0,36820.19,3618.0,0,1028.52
1712,20201227.0,2429,922,393,5,2,1.0,1000.0,73465.0,25.0,750.0,-72465.0,1,1798.41
1713,,2430,1011,97,6,1,1.0,58467.0,48533.0,0.0,58467.0,9934.0,0,1651.54
1714,,2432,1019,338,9,2,1.0,55073.0,42163.0,12.0,48464.24,12910.0,1,
1715,,2433,950,65,3,2,1.0,28076.0,26136.0,19.0,22741.56,1940.0,0,726.71
1716,,2434,964,165,4,1,1.0,80122.0,71819.0,11.0,71308.58,8303.0,1,1477.51
1717,,2435,947,164,2,1,1.0,39162.0,34376.0,21.0,30937.980000000003,4786.0,1,973.45
1718,20201125.0,2436,601,88,4,1,1.0,,109596.0,7.0,,,0,1780.0
1719,20220330.0,2437,1002,700,12,1,1.0,88271.0,80253.0,33.0,59141.56999999999,8018.0,1,1525.79
1720,20230108.0,2438,898,180,5,1,1.0,1000.0,93212.0,7.0,929.9999999999999,-92212.0,1,2569.84
1721,,2439,998,659,7,1,1.0,148791.0,108369.0,9.0,135399.81,40422.0,1,
1722,,2440,994,726,5,1,1.0,89905.0,72691.0,9.0,81813.55,17214.0,0,2047.96
1723,,2443,1008,141,9,3,1.0,38498.0,28659.0,5.0,36573.1,9839.0,1,1194.18
1724,,2444,974,559,6,3,1.0,57265.0,42590.0,20.0,45812.0,14675.0,0,
1725,20241014.0,1181,867,727,4,1,0.0,99873.0,87549.0,9.0,90884.43000000001,12324.0,1,3149.67
1726,20200605.0,2448,834,728,8,2,1.0,1000.0,112167.0,33.0,669.9999999999999,-111167.0,0,4016.24
1727,,2450,922,729,1,2,1.0,76850.0,63173.0,17.0,63785.5,13677.0,1,1687.37
1728,,1258,1009,730,9,1,1.0,104965.0,78991.0,25.0,78723.75,25974.0,0,3071.35
1729,,2456,996,61,1,1,1.0,43210.0,36202.0,16.0,36296.4,7008.0,1,1357.92
1730,,2167,905,731,2,2,1.0,121960.0,113928.0,9.0,110983.6,8032.0,0,1073.48
1731,,2457,976,28,11,2,1.0,71936.0,56446.0,5.0,68339.2,15490.0,1,2023.01
1732,,2460,1015,403,5,2,1.0,43743.0,40020.0,26.0,32369.82,3723.0,0,540.49
1733,,2461,1011,732,3,1,1.0,115114.0,89127.0,23.0,88637.78,25987.0,1,2075.36
1734,,2463,942,733,3,3,1.0,79512.0,62499.0,31.0,54863.28,17013.0,1,830.53
1735,,2465,1010,728,12,3,1.0,58138.0,49927.0,9.0,52905.58,8211.0,0,1831.28
1736,,2466,998,734,1,2,1.0,1000.0,119445.0,14.0,860.0,-118445.0,0,4676.14
1737,,2467,983,138,7,3,1.0,36941.0,27839.0,8.0,33985.72,9102.0,0,743.04
1738,,2468,976,193,2,1,1.0,118842.0,107588.0,32.0,80812.56,11254.0,1,3106.13
1739,,2469,934,61,12,3,1.0,1000.0,37416.0,23.0,770.0,-36416.0,0,1257.33
1740,,2470,1015,178,5,2,1.0,1000.0,102169.0,0.0,1000.0,-101169.0,1,2000.13
1741,,2471,1008,700,5,2,1.0,37213.0,30237.0,100.0,0.0,6976.0,1,1145.15
1742,,2472,791,570,6,2,1.0,1000.0,82720.0,29.0,710.0,-81720.0,0,1053.57
1743,,2473,1016,569,1,2,1.0,75545.0,60438.0,11.0,67235.05,15107.0,0,1775.22
1744,20231114.0,2475,905,468,11,1,1.0,1000.0,55535.0,25.0,750.0,-54535.0,1,946.9
1745,,2478,972,479,3,3,1.0,84343.0,68805.0,21.0,66630.97,15538.0,1,2518.3
1746,20241028.0,2207,996,161,7,2,1.0,98842.0,85521.0,1.0,97853.58,13321.0,1,918.82
1747,,2479,919,645,12,2,1.0,97989.0,73547.0,10.0,88190.1,24442.0,0,2816.71
1748,,2480,976,316,5,3,1.0,107815.0,81826.0,25.0,80861.25,25989.0,1,2780.72
1749,,2481,1006,404,6,3,1.0,112385.0,92479.0,14.0,96651.09999999999,19906.0,1,1117.09
1750,,2482,1006,735,7,2,0.0,1000.0,59260.0,35.0,650.0,-58260.0,0,1519.83
1751,,1543,862,692,2,2,1.0,138413.0,117115.0,25.0,103809.75,21298.0,0,2311.28
1752,,2485,914,5,8,1,1.0,132528.0,97341.0,17.0,109998.23999999999,35187.0,0,
1753,,2487,943,385,7,3,1.0,33151.0,27633.0,28.0,23868.719999999998,5518.0,1,636.1
1754,,2489,973,11,9,3,1.0,77309.0,60835.0,24.0,58754.840000000004,16474.0,0,
1755,,2490,1018,483,10,2,1.0,132650.0,110080.0,23.0,102140.5,22570.0,0,3396.66
1756,,2491,998,736,7,3,1.0,95370.0,69039.0,5.0,90601.5,26331.0,0,3162.73
1757,20240325.0,2492,1002,537,7,3,1.0,67717.0,49737.0,31.0,46724.729999999996,17980.0,0,959.97
1758,,2494,1016,343,3,3,1.0,1000.0,59443.0,7.0,929.9999999999999,-58443.0,1,1978.64
1759,,2496,791,634,1,3,1.0,62919.0,57389.0,30.0,44043.299999999996,5530.0,1,1939.96
1760,,2498,852,185,12,2,1.0,1000.0,46556.0,26.0,740.0,-45556.0,1,
1761,,2499,998,562,1,1,1.0,110525.0,92436.0,19.0,89525.25,18089.0,0,3607.66
1762,,425,894,737,8,1,1.0,65562.0,54453.0,18.0,53760.840000000004,11109.0,0,1160.83
1763,,1086,947,292,2,2,1.0,134319.0,100227.0,33.0,89993.73,34092.0,0,
1764,,2500,971,213,2,1,1.0,123776.0,89732.0,34.0,81692.15999999999,34044.0,1,3734.42
1765,,2501,1011,88,9,3,1.0,136632.0,105877.0,100.0,0.0,30755.0,1,3812.25
1766,,2503,791,480,12,2,1.0,82561.0,66504.0,30.0,57792.7,16057.0,1,2562.1
1767,,2504,921,738,9,1,1.0,98964.0,79158.0,18.0,81150.48000000001,19806.0,0,795.34
1768,,2505,919,27,1,3,1.0,94656.0,70998.0,4.0,90869.76,23658.0,1,810.43
1769,20230412.0,2506,932,739,8,3,1.0,67266.0,56954.0,30.0,47086.2,10312.0,1,1081.1
1770,,2509,1000,546,6,2,1.0,71007.0,51740.0,12.0,62486.16,19267.0,1,
1771,,2510,852,54,7,2,1.0,1000.0,27244.0,4.0,960.0,-26244.0,0,533.69
1772,,2512,989,18,8,3,1.0,105282.0,92878.0,28.0,75803.04,12404.0,0,3236.7
1773,,2514,1014,485,7,3,1.0,43030.0,39317.0,28.0,30981.6,3713.0,1,1347.77
1774,,2515,1011,217,12,3,1.0,92795.0,81284.0,30.0,64956.49999999999,11511.0,1,
1775,,2516,1014,11,6,3,1.0,69417.0,58155.0,2.0,68028.66,11262.0,0,563.02
1776,,20,1009,740,11,3,1.0,,48556.0,13.0,,,1,1453.61
1777,,2475,973,601,5,1,1.0,21464.0,16535.0,6.0,20176.16,4929.0,1,216.42
1778,,2519,1018,674,12,1,1.0,140079.0,101574.0,12.0,123269.52,38505.0,1,4614.75
1779,,2521,883,448,11,1,1.0,1000.0,118864.0,13.0,870.0,-117864.0,0,5627.29
1780,,2522,998,639,1,1,1.0,1000.0,53106.0,12.0,880.0,-52106.0,0,2087.44
1781,,2523,883,618,4,2,1.0,1000.0,67707.0,31.0,690.0,-66707.0,0,770.57
1782,,2527,883,124,1,1,1.0,92613.0,69143.0,25.0,69459.75,23470.0,0,1210.88
1783,,2528,971,504,6,3,1.0,1000.0,84720.0,33.0,669.9999999999999,-83720.0,1,3466.56
1784,,1315,894,350,1,1,1.0,1000.0,64171.0,100.0,0.0,-63171.0,1,988.32
1785,,2529,982,622,12,3,1.0,1000.0,51837.0,8.0,920.0,-50837.0,1,
1786,,2530,943,52,12,3,1.0,44453.0,38913.0,7.0,41341.29,5540.0,0,1135.71
1787,,2531,970,628,8,1,1.0,72261.0,54641.0,14.0,62144.46,17620.0,1,1196.6
1788,,2532,670,427,11,1,1.0,80879.0,76593.0,10.0,72791.1,4286.0,0,2155.73
1789,,1965,846,485,9,1,1.0,143323.0,115885.0,3.0,139023.31,27438.0,0,3792.6
1790,,2537,978,162,8,3,1.0,1000.0,79572.0,20.0,800.0,-78572.0,1,
1791,,2538,883,741,8,3,1.0,130676.0,104191.0,5.0,124142.2,26485.0,0,4046.1
1792,,1378,846,84,11,1,1.0,1000.0,37092.0,28.0,720.0,-36092.0,1,1144.94
1793,,2542,998,55,11,2,1.0,1000.0,113985.0,20.0,800.0,-112985.0,0,2516.9
1794,,2547,1000,252,7,3,1.0,1000.0,47164.0,28.000000000000004,720.0,-46164.0,1,1911.08
1795,,2549,978,379,11,2,1.0,148807.0,115865.0,29.0,105652.97,32942.0,1,
1796,,2550,1023,158,2,2,1.0,84423.0,65600.0,18.0,69226.86,18823.0,0,2541.28
1797,,2552,993,307,9,2,1.0,33353.0,26506.0,24.0,25348.28,6847.0,0,320.24
1798,20230406.0,2553,1006,742,11,3,1.0,20944.0,18160.0,35.0,13613.6,2784.0,0,503.0
1799,,2554,986,578,7,3,1.0,102101.0,78615.0,25.0,76575.75,23486.0,1,2583.89
1800,,2555,910,566,7,3,1.0,111270.0,99844.0,5.0,105706.5,11426.0,1,1937.64
1801,,2556,1014,202,8,2,1.0,21503.0,15449.0,15.0,18277.55,6054.0,0,
1802,,2557,954,382,4,2,1.0,1000.0,62658.0,16.0,840.0,-61658.0,1,1242.29
1803,,2558,945,9,8,2,1.0,1000.0,100837.0,19.0,810.0,-99837.0,1,4109.51
1804,20200716.0,2559,1021,703,4,2,1.0,1000.0,109904.0,24.0,760.0,-108904.0,0,4696.74
1805,,199,1016,676,7,1,1.0,43310.0,35004.0,20.0,34648.0,8306.0,0,1314.33
1806,,989,951,286,1,3,1.0,81193.0,59845.0,32.0,55211.24,21348.0,0,1454.86
1807,,2563,921,736,5,2,1.0,128428.0,98420.0,15.0,109163.8,30008.0,1,3317.68
1808,,2564,1002,675,12,3,1.0,153585.0,119643.0,25.0,115188.75,33942.0,0,3546.31
1809,,2566,601,66,8,2,1.0,88936.0,74535.0,31.0,61365.84,14401.0,1,834.81
1810,,2567,1015,448,2,2,1.0,24941.0,18021.0,13.0,21698.67,6920.0,0,869.96
1811,,2568,894,439,12,2,1.0,69337.0,53923.0,9.0,63096.670000000006,15414.0,1,
1812,,2569,846,519,5,1,1.0,110188.0,94309.0,17.0,91456.04,15879.0,1,1344.22
1813,,2570,867,731,4,2,1.0,1000.0,62409.0,20.0,800.0,-61409.0,0,1510.21
1814,,2571,973,548,6,3,1.0,54313.0,51356.0,7.0,50511.09,2957.0,1,628.01
1815,,2572,885,619,3,1,1.0,151682.0,111004.0,0.0,151682.0,40678.0,0,1736.65
1816,,2574,993,237,4,2,1.0,1000.0,27450.0,32.0,679.9999999999999,-26450.0,0,745.91
1817,,2575,885,554,5,1,1.0,117757.0,104636.0,5.0,111869.15,13121.0,1,2098.05
1818,,2576,955,221,4,3,1.0,130318.0,99107.0,33.0,87313.06,31211.0,0,2245.4
1819,,2577,989,229,2,3,1.0,20879.0,15687.0,22.0,16285.62,5192.0,0,617.8
1820,,1034,972,532,4,1,1.0,41961.0,31377.0,13.0,36506.07,10584.0,0,1100.57
1821,,2578,1009,106,5,2,1.0,1000.0,45030.0,7.000000000000001,929.9999999999999,-44030.0,0,1461.6
1822,,2579,834,329,1,1,1.0,105643.0,93713.0,24.0,80288.68000000001,11930.0,0,3377.36
1823,,986,1018,666,3,1,1.0,62352.0,47912.0,8.0,57363.840000000004,14440.0,1,1177.72
1824,,2580,994,192,7,2,0.0,45431.0,33410.0,9.0,41342.21,12021.0,1,1217.2
1825,,2582,1023,26,6,3,1.0,128158.0,98043.0,2.0,125594.84,30115.0,1,3014.09
1826,,2583,885,455,8,1,1.0,51057.0,46131.0,20.0,40845.600000000006,4926.0,1,474.1
1827,20240817.0,2584,959,500,9,1,1.0,100191.0,72092.0,13.0,87166.17,28099.0,1,1186.28
1828,,2585,979,507,3,2,1.0,157881.0,117799.0,18.0,129462.42000000001,40082.0,1,2253.37
1829,,2586,1004,743,8,2,1.0,138039.0,119597.0,24.0,104909.64,18442.0,1,1379.58
1830,,795,601,125,1,3,1.0,1000.0,18742.0,11.0,890.0,-17742.0,0,197.22
1831,,2587,993,190,11,1,1.0,1000.0,107024.0,24.0,760.0,-106024.0,0,
1832,,2588,942,744,10,3,1.0,81882.0,60794.0,27.0,59773.86,21088.0,1,1049.5
1833,,2591,1021,696,10,1,1.0,48164.0,41507.0,26.0,35641.36,6657.0,0,1359.25
1834,,2592,955,553,11,3,1.0,132290.0,95546.0,8.0,121706.8,36744.0,1,2729.25
1835,,2593,1006,644,4,1,1.0,1000.0,28637.0,30.0,700.0,-27637.0,1,356.06
1836,,2596,915,260,11,3,1.0,46079.0,37663.0,33.0,30872.929999999997,8416.0,1,1089.88
1837,,2597,885,418,11,2,1.0,139341.0,99955.0,28.0,100325.51999999999,39386.0,1,2560.0
1838,,2599,926,281,8,1,1.0,121452.0,114154.0,18.0,99590.64000000001,7298.0,0,3534.72
1839,,2600,1011,741,2,2,1.0,17083.0,16163.0,21.0,13495.57,920.0,0,384.52
1840,,2601,769,134,2,1,1.0,32728.0,24055.0,22.0,25527.84,8673.0,1,579.99
1841,,2604,915,109,10,1,1.0,119441.0,91877.0,3.0,115857.77,27564.0,0,4131.4
1842,,2605,926,324,7,3,1.0,56157.0,41212.0,9.0,51102.87,14945.0,0,655.04
1843,,2608,914,169,8,2,1.0,161622.0,116971.0,13.0,140611.13999999998,44651.0,1,2700.11
1844,,2609,970,379,3,2,1.0,1000.0,56845.0,9.0,910.0,-55845.0,1,1584.53
1845,,2612,996,220,1,2,1.0,75397.0,67121.0,28.0,54285.84,8276.0,0,2310.74
1846,,2614,996,308,2,2,1.0,1000.0,68745.0,10.0,900.0,-67745.0,0,2571.85
1847,,2615,978,232,6,3,1.0,1000.0,85752.0,14.0,860.0,-84752.0,0,2776.29
1848,,514,1011,661,1,2,1.0,35267.0,28279.0,17.0,29271.609999999997,6988.0,0,684.57
1849,,2616,1007,242,8,3,1.0,,97077.0,14.0,,,0,1295.45
1850,,2617,1004,557,4,1,1.0,56051.0,40121.0,21.0,44280.29,15930.0,1,1909.53
1851,,2618,1024,117,4,2,1.0,134952.0,115404.0,26.0,99864.48,19548.0,1,1888.96
1852,,2619,919,395,9,3,1.0,1000.0,92645.0,0.0,1000.0,-91645.0,1,2208.93
1853,,2621,970,542,9,1,1.0,1000.0,43236.0,14.0,860.0,-42236.0,0,748.74
1854,,2622,998,2,11,3,1.0,118184.0,94099.0,18.0,96910.88,24085.0,0,4125.4
1855,,2623,959,203,4,3,1.0,92210.0,83768.0,30.0,64546.99999999999,8442.0,1,2199.69
1856,,2624,972,726,5,3,1.0,1000.0,80809.0,18.0,820.0000000000001,-79809.0,1,1336.18
1857,,772,959,576,9,1,1.0,132224.0,114311.0,27.0,96523.52,17913.0,0,
1858,,2627,1017,483,4,2,1.0,149057.0,115013.0,22.0,116264.46,34044.0,1,1704.66
1859,20241013.0,2628,1017,668,8,1,1.0,1000.0,74065.0,15.0,850.0,-73065.0,0,2014.16
1860,,1005,990,58,1,2,1.0,1000.0,24437.0,8.0,920.0,-23437.0,0,913.72
1861,,2630,996,466,12,3,1.0,1000.0,97743.0,10.0,900.0,-96743.0,1,1716.57
1862,,2633,1007,612,12,1,1.0,28318.0,26215.0,19.0,22937.58,2103.0,0,846.91
1863,,2634,1022,619,11,1,1.0,76777.0,62971.0,14.0,66028.22,13806.0,0,2169.4
1864,,2635,954,745,6,3,1.0,1000.0,60016.0,33.0,669.9999999999999,-59016.0,1,2267.9
1865,,2637,983,618,3,1,1.0,22141.0,16589.0,3.0,21476.77,5552.0,0,
1866,,2640,1008,746,5,1,1.0,77862.0,61783.0,20.0,62289.600000000006,16079.0,1,1730.93
1867,,2642,990,442,6,3,0.0,144988.0,118972.0,17.0,120340.04,26016.0,0,4501.1
1868,,2643,1012,747,12,1,0.0,69688.0,54402.0,26.0,51569.12,15286.0,0,
1869,,2646,970,259,5,2,1.0,133338.0,102012.0,100.0,0.0,31326.0,1,2973.36
1870,,2647,973,561,5,2,1.0,26469.0,23077.0,5.0,25145.55,3392.0,0,491.66
1871,,2650,1016,74,11,3,1.0,67386.0,53544.0,19.0,54582.66,13842.0,1,1305.27
1872,,2556,994,748,6,2,1.0,49808.0,45203.0,14.000000000000002,42834.88,4605.0,1,824.65
1873,20200525.0,2652,993,77,9,2,1.0,108051.0,98628.0,8.0,99406.92,9423.0,1,1415.36
1874,,2653,932,27,6,3,1.0,80373.0,60497.0,8.0,73943.16,19876.0,0,2579.91
1875,,2654,1007,293,10,3,1.0,,45647.0,0.0,,,1,1245.3
1876,20230105.0,2657,947,42,4,3,1.0,118680.0,107158.0,21.0,93757.2,11522.0,0,2186.63
1877,,2658,1021,607,5,1,1.0,48932.0,37947.0,2.0,47953.36,10985.0,0,
1878,,2662,1022,389,1,2,1.0,1000.0,76961.0,31.0,690.0,-75961.0,0,
1879,,2663,994,749,3,3,1.0,1000.0,22602.0,9.0,910.0,-21602.0,0,810.64
1880,,2664,1009,624,3,1,1.0,131989.0,112466.0,19.0,106911.09000000001,19523.0,1,2056.44
1881,,2665,994,715,5,1,1.0,147123.0,115609.0,34.0,97101.18,31514.0,0,1826.3
1882,,2667,998,560,11,2,1.0,111147.0,93851.0,6.0,104478.18,17296.0,0,1010.89
1883,,2669,1013,526,11,2,1.0,62830.0,56204.0,20.0,50264.0,6626.0,1,1349.45
1884,,2672,846,690,7,2,1.0,1000.0,103704.0,27.0,730.0,-102704.0,0,1269.97
1885,,2673,1018,657,10,2,1.0,1000.0,16286.0,3.0,970.0,-15286.0,0,279.83
1886,,2674,981,271,3,3,0.0,1000.0,99761.0,33.0,669.9999999999999,-98761.0,0,3674.16
1887,,2676,975,314,12,2,1.0,39595.0,37186.0,20.0,31676.0,2409.0,1,639.68
1888,20210117.0,2677,846,42,10,2,1.0,1000.0,17012.0,3.0,970.0,-16012.0,1,485.43
1889,,2678,945,536,9,2,1.0,39221.0,35475.0,23.0,30200.170000000002,3746.0,0,441.16
1890,,2684,919,614,12,3,0.0,1000.0,108172.0,20.0,800.0,-107172.0,0,3399.45
1891,,2685,1005,58,2,3,0.0,96669.0,70201.0,5.0,91835.55,26468.0,1,1101.16
1892,,2686,1019,527,1,2,1.0,,118084.0,11.0,,,0,5020.09
1893,,2687,1000,255,4,3,1.0,119499.0,104991.0,13.0,103964.13,14508.0,1,3932.89
1894,,2688,942,426,1,3,1.0,25397.0,20149.0,21.0,20063.63,5248.0,0,605.4
1895,,2129,1011,625,8,3,1.0,1000.0,16191.0,35.0,650.0,-15191.0,0,640.92
1896,,2690,1012,236,5,3,1.0,58983.0,52167.0,7.0,54854.189999999995,6816.0,0,
1897,,2691,1011,372,10,2,1.0,39173.0,30482.0,9.0,35647.43,8691.0,0,813.14
1898,,2694,910,71,11,1,1.0,1000.0,92000.0,35.0,650.0,-91000.0,0,3087.68
1899,,2696,994,169,7,3,1.0,59777.0,53618.0,30.0,41843.899999999994,6159.0,1,1624.73
1900,,2697,986,39,2,1,1.0,122197.0,94581.0,30.0,85537.9,27616.0,0,2237.1
1901,20230627.0,2698,934,677,6,1,1.0,101929.0,96904.0,31.0,70331.01,5025.0,0,
1902,,2700,1016,582,8,3,1.0,35558.0,33803.0,18.0,29157.56,1755.0,0,618.5
1903,,2701,975,450,3,3,1.0,84768.0,79620.0,34.0,55946.87999999999,5148.0,1,
1904,,2703,862,48,11,1,1.0,1000.0,109711.0,30.0,700.0,-108711.0,1,2531.16
1905,,2705,980,461,10,2,0.0,,118885.0,21.0,,,1,3280.47
1906,,2707,885,19,5,1,1.0,75642.0,68448.0,35.0,49167.3,7194.0,1,1744.54
1907,,2710,769,401,9,3,1.0,1000.0,75212.0,35.0,650.0,-74212.0,0,
1908,,2711,932,494,10,3,1.0,88255.0,70400.0,0.0,88255.0,17855.0,0,709.59
1909,,2712,769,2,12,3,1.0,37591.0,31735.0,14.0,32328.26,5856.0,0,1063.15
1910,,2714,1012,726,12,1,1.0,152358.0,109912.0,100.0,0.0,42446.0,1,1349.61
1911,,2716,910,521,6,2,1.0,108926.0,94089.0,25.0,81694.5,14837.0,1,1089.13
1912,,2717,942,93,11,1,1.0,1000.0,77951.0,15.0,850.0,-76951.0,0,2037.63
1913,,2718,964,175,12,1,1.0,79361.0,67345.0,18.0,65076.020000000004,12016.0,0,2332.93
1914,,2655,885,582,11,1,1.0,118440.0,103920.0,33.0,79354.79999999999,14520.0,1,2814.84
1915,,2722,883,31,4,1,1.0,43536.0,36833.0,4.0,41794.56,6703.0,0,527.28
1916,,2723,1022,750,10,1,1.0,49357.0,37761.0,23.0,38004.89,11596.0,0,
1917,,2724,906,702,7,2,1.0,1000.0,81292.0,27.0,730.0,-80292.0,1,1798.25
1918,,2725,906,721,10,3,1.0,19858.0,18739.0,0.0,19858.0,1119.0,1,552.62
1919,,1708,983,191,6,1,1.0,126667.0,100389.0,7.0,117800.31,26278.0,1,3934.23
1920,,2726,975,443,5,1,1.0,126888.0,99555.0,3.0,123081.36,27333.0,1,
1921,,2727,932,479,1,1,1.0,1000.0,47498.0,9.0,910.0,-46498.0,0,1075.2
1922,,2729,1023,477,8,2,1.0,1000.0,94759.0,9.0,910.0,-93759.0,1,3755.29
1923,,1142,1015,226,9,2,1.0,23098.0,17847.0,13.0,20095.26,5251.0,1,246.07
1924,,2730,964,718,11,1,1.0,39343.0,29308.0,17.0,32654.69,10035.0,0,860.68
1925,,2731,994,255,7,3,1.0,55909.0,44186.0,34.0,36899.939999999995,11723.0,1,1813.25
1926,,2733,979,336,4,2,1.0,22281.0,17107.0,2.0,21835.38,5174.0,1,
1927,20201228.0,2734,947,237,10,1,1.0,108538.0,83490.0,2.0,106367.24,25048.0,0,1122.05
1928,,2735,1004,37,9,3,1.0,149095.0,113321.0,22.0,116294.1,35774.0,0,4820.25
1929,,2738,1018,751,12,3,1.0,125775.0,109418.0,35.0,81753.75,16357.0,0,1899.71
1930,,2739,1021,314,10,3,1.0,149023.0,114278.0,18.0,122198.86000000002,34745.0,0,4062.5
1931,,2740,948,534,10,1,1.0,90281.0,68335.0,25.0,67710.75,21946.0,1,768.13
1932,,2741,983,1,6,1,1.0,81022.0,59921.0,34.0,53474.52,21101.0,0,2441.23
1933,,2742,1004,580,10,3,1.0,27314.0,22646.0,34.0,18027.239999999998,4668.0,1,597.81
1934,,2743,982,158,5,1,1.0,1000.0,91555.0,15.0,850.0,-90555.0,0,3507.87
1935,,2744,954,187,12,1,1.0,148621.0,116501.0,11.0,132272.69,32120.0,0,5147.41
1936,,2745,1022,301,4,1,1.0,83202.0,73386.0,11.0,74049.78,9816.0,1,2787.62
1937,20200608.0,122,1015,28,8,3,1.0,1000.0,109056.0,19.0,810.0,-108056.0,1,2330.96
1938,,2746,1023,13,6,3,1.0,1000.0,112249.0,32.0,679.9999999999999,-111249.0,1,1530.09
1939,,2749,910,631,7,3,1.0,82711.0,65347.0,9.0,75267.01000000001,17364.0,1,2488.19
1940,,2751,825,376,4,1,1.0,63353.0,48420.0,17.0,52582.99,14933.0,1,942.91
1941,,2752,1014,139,10,1,1.0,32013.0,29017.0,35.0,20808.45,2996.0,0,1083.39
1942,,2755,996,166,6,2,1.0,69635.0,51143.0,20.0,55708.0,18492.0,0,1497.53
1943,,2756,980,567,4,3,1.0,56765.0,49175.0,22.0,44276.700000000004,7590.0,0,1885.81
1944,,2757,846,752,4,2,1.0,22737.0,16848.0,11.0,20235.93,5889.0,1,497.42
1945,,2758,1007,434,2,3,1.0,31171.0,24586.0,12.0,27430.48,6585.0,0,840.59
1946,,2759,1011,363,2,3,1.0,1000.0,95204.0,15.0,850.0,-94204.0,0,2905.33
1947,20220412.0,2703,1007,461,12,2,1.0,60817.0,52303.0,21.0,48045.43,8514.0,1,1350.89
1948,,1179,1017,366,4,3,1.0,76152.0,67788.0,12.0,67013.76,8364.0,0,2067.22
1949,,2761,1018,179,8,2,1.0,1000.0,98862.0,2.0,980.0,-97862.0,1,1011.23
1950,,2763,972,265,9,1,1.0,128628.0,111541.0,17.0,106761.23999999999,17087.0,0,4464.23
1951,20230209.0,2764,1002,192,11,1,1.0,38472.0,35395.0,100.0,0.0,3077.0,0,1100.38
1952,,2765,986,174,1,3,1.0,127085.0,113086.0,30.0,88959.5,13999.0,0,
1953,,2766,1002,443,7,1,1.0,28375.0,24283.0,13.0,24686.25,4092.0,1,491.66
1954,,2768,894,114,1,2,1.0,88980.0,75274.0,11.0,79192.2,13706.0,1,1903.13
1955,,2632,670,57,10,2,1.0,1000.0,59091.0,3.0,970.0,-58091.0,0,832.27
1956,,2769,905,719,4,2,1.0,106607.0,90150.0,30.0,74624.9,16457.0,0,1420.8
1957,,2770,1012,72,7,1,1.0,17366.0,16031.0,27.0,12677.18,1335.0,1,386.05
1958,,2771,955,575,11,3,1.0,74653.0,69012.0,29.0,53003.63,5641.0,0,931.15
1959,,2773,989,588,9,1,1.0,31882.0,26676.0,33.0,21360.94,5206.0,0,425.19
1960,,2774,945,448,7,1,1.0,122591.0,115955.0,34.0,80910.05999999998,6636.0,0,2895.17
1961,,2776,1002,753,2,1,1.0,81792.0,72934.0,16.0,68705.28,8858.0,1,
1962,20221119.0,2779,1000,168,1,1,0.0,1000.0,116461.0,24.0,760.0,-115461.0,1,2321.65
1963,,2780,894,426,5,1,1.0,64308.0,51067.0,23.0,49517.16,13241.0,0,575.44
1964,,2781,945,387,11,1,1.0,1000.0,51088.0,35.0,650.0,-50088.0,0,568.69
1965,20211015.0,857,915,523,7,1,1.0,1000.0,24265.0,24.0,760.0,-23265.0,1,644.32
1966,,2783,998,374,1,2,1.0,49011.0,41607.0,14.0,42149.46,7404.0,1,788.5
1967,,2784,1014,251,2,1,1.0,21269.0,15488.0,20.0,17015.2,5781.0,1,690.03
1968,20230307.0,2785,1018,580,12,2,1.0,58178.0,42783.0,5.0,55269.1,15395.0,1,1856.83
1969,,2265,951,591,11,2,1.0,1000.0,23458.0,30.0,700.0,-22458.0,0,287.36
1970,,2786,852,67,5,3,1.0,129628.0,107489.0,15.0,110183.8,22139.0,1,
1971,,2787,894,180,5,2,1.0,1000.0,26941.0,30.0,700.0,-25941.0,1,
1972,,990,926,358,4,1,1.0,128135.0,93085.0,25.0,96101.25,35050.0,1,3437.79
1973,20200601.0,2792,934,109,10,2,1.0,1000.0,93288.0,31.0,690.0,-92288.0,1,3728.95
1974,,2793,1008,57,11,1,1.0,1000.0,61982.0,9.0,910.0,-60982.0,0,1599.77
1975,,2795,670,753,6,3,1.0,111881.0,105938.0,28.000000000000004,80554.31999999999,5943.0,1,3837.58
1976,,2796,934,82,5,1,0.0,67023.0,50733.0,26.0,49597.02,16290.0,0,1933.76
1977,,2798,978,482,4,2,1.0,1000.0,85627.0,16.0,840.0,-84627.0,0,2348.11
1978,,2800,926,754,2,3,1.0,25057.0,23760.0,27.0,18291.61,1297.0,0,542.61
1979,,2802,932,645,8,3,1.0,82795.0,60757.0,19.0,67063.95000000001,22038.0,1,1394.75
1980,,2805,986,603,6,3,1.0,1000.0,115236.0,14.0,860.0,-114236.0,1,1391.42
1981,20230721.0,2806,1008,251,9,2,1.0,1000.0,25056.0,16.0,840.0,-24056.0,0,1025.58
1982,,2807,989,636,6,3,1.0,1000.0,44101.0,9.0,910.0,-43101.0,1,1267.97
1983,,2808,1011,265,11,3,1.0,1000.0,118066.0,100.0,0.0,-117066.0,0,4806.8
1984,,2809,978,542,8,1,1.0,143002.0,115345.0,0.0,143002.0,27657.0,1,1699.99
1985,,47,1021,282,3,1,1.0,103860.0,98796.0,18.0,85165.20000000001,5064.0,1,2631.15
1986,,2811,926,667,5,3,1.0,1000.0,28483.0,10.0,900.0,-27483.0,0,700.97
1987,,1020,994,678,4,2,1.0,107178.0,85271.0,31.0,73952.81999999999,21907.0,1,
1988,,2812,970,81,3,1,1.0,1000.0,18868.0,12.0,880.0,-17868.0,0,738.61
1989,,2814,1006,537,9,1,1.0,86397.0,66363.0,23.0,66525.69,20034.0,0,2524.78
1990,,2815,990,209,9,3,1.0,63763.0,53043.0,23.0,49097.51,10720.0,1,2039.87
1991,,1082,1021,275,2,3,1.0,132385.0,97192.0,9.0,120470.35,35193.0,0,1852.98
1992,,2817,1007,110,5,1,1.0,72183.0,55695.0,24.0,54859.08,16488.0,1,1155.87
1993,,2818,1013,4,10,1,1.0,36797.0,29610.0,26.0,27229.78,7187.0,0,689.16
1994,,2819,894,755,3,3,1.0,95023.0,80051.0,11.0,84570.47,14972.0,1,1125.77
1995,,2820,980,3,10,3,1.0,81559.0,70273.0,3.0,79112.23,11286.0,1,773.88
1996,,2822,834,1,11,2,1.0,34053.0,24438.0,2.0,33371.94,9615.0,0,1163.5
1997,,2824,943,515,5,3,1.0,117799.0,84718.0,12.0,103663.12,33081.0,1,1412.61
1998,20210429.0,2826,1024,114,12,2,1.0,33765.0,30316.0,10.0,30388.5,3449.0,0,
1999,,2828,981,131,9,3,1.0,22300.0,20836.0,11.0,19847.0,1464.0,1,231.11
2000,20210309.0,2830,950,756,2,1,1.0,1000.0,87734.0,11.0,890.0,-86734.0,0,
