id_venta,id_tiempo,id_cliente,id_vehiculo,id_vendedor,id_sucursal,id_tipo_pago,cantidad,precio_venta,costo_vehiculo,descuento,financiado,margen_ganancia
1.0,20201129,184.0,41,25.0,10,6.0,1.0,77096.7,44935.0,10,1,32161.699999999997
2.0,20201019,480.0,139,42.0,3,5.0,1.0,49918.7,56290.0,5,1,-6371.300000000003
3.0,20200816,135.0,47,47.0,15,5.0,1.0,62944.2,55009.0,15,1,7935.199999999997
4.0,20210508,370.0,260,24.0,11,15.0,1.0,59401.60000000001,30037.0,20,0,29364.600000000013
5.0,20230419,249.0,271,15.0,15,9.0,1.0,56498.39999999999,72590.0,5,0,-16091.600000000013
6.0,20231011,363.0,122,28.0,4,11.0,1.0,47478.0,56677.0,0,1,-9199.0
7.0,20210313,410.0,217,11.0,18,14.0,1.0,32567.75,36416.0,15,0,-3848.25
8.0,20241009,2.0,250,34.0,2,3.0,1.0,55552.0,79019.0,0,0,-23467.0
9.0,20230626,121.0,42,49.0,5,10.0,1.0,60938.0,47407.0,0,1,13531.0
10.0,20231108,136.0,225,39.0,4,11.0,1.0,83977.2,37564.0,10,0,46413.2
11.0,20200326,465.0,67,36.0,5,5.0,1.0,84815.1,75286.0,10,0,9529.100000000006
12.0,20241024,441.0,287,11.0,11,8.0,1.0,44416.3,31624.0,5,1,12792.300000000003
13.0,20240201,180.0,169,7.0,9,13.0,1.0,38303.1,31808.0,10,0,6495.0999999999985
14.0,20230209,60.0,267,27.0,4,3.0,1.0,74551.25,50572.0,5,0,23979.25
15.0,20240803,347.0,108,33.0,16,13.0,1.0,65075.0,44005.0,5,0,21070.0
16.0,20230215,102.0,234,12.0,1,4.0,1.0,77995.0,39671.0,0,0,38324.0
17.0,20201104,342.0,244,21.0,10,4.0,1.0,34065.45,58827.0,15,0,-24761.550000000003
18.0,20200229,33.0,216,15.0,13,7.0,1.0,75941.1,49569.0,10,0,26372.100000000006
19.0,20210531,371.0,14,49.0,7,14.0,1.0,56453.0,54844.0,0,0,1609.0
20.0,20210929,27.0,127,11.0,7,2.0,1.0,57568.0,37496.0,20,1,20072.0
21.0,20231219,347.0,155,7.0,11,3.0,1.0,65821.45,63158.0,15,1,2663.449999999997
22.0,20211227,334.0,166,21.0,13,13.0,1.0,70911.0,69998.0,10,1,913.0
23.0,20230207,360.0,209,43.0,8,9.0,1.0,48854.7,36098.0,10,0,12756.699999999997
24.0,20210911,170.0,99,19.0,17,1.0,1.0,58911.2,77486.0,20,1,-18574.800000000003
25.0,20240719,28.0,146,37.0,3,10.0,1.0,38228.4,61308.0,10,1,-23079.6
26.0,20200106,128.0,231,12.0,9,7.0,1.0,41504.65,70993.0,15,0,-29488.35
27.0,20221021,17.0,102,30.0,10,9.0,1.0,38992.05,33908.0,15,0,5084.050000000003
28.0,20220416,456.0,295,32.0,9,6.0,1.0,57582.9,72697.0,10,0,-15114.099999999999
29.0,20230704,169.0,233,13.0,18,8.0,1.0,78100.0,30075.0,0,1,48025.0
30.0,20250130,475.0,123,19.0,4,14.0,1.0,55454.85,37435.0,15,0,18019.85
31.0,20211021,283.0,175,49.0,16,14.0,1.0,66781.2,59264.0,5,0,7517.199999999997
32.0,20241118,197.0,196,30.0,4,11.0,1.0,87396.2,51757.0,5,1,35639.2
33.0,20231122,136.0,274,7.0,10,5.0,1.0,95354.0,74852.0,0,1,20502.0
34.0,20231019,151.0,290,17.0,8,9.0,1.0,42160.05,68217.0,5,1,-26056.949999999997
35.0,20230528,301.0,248,48.0,9,13.0,1.0,54845.1,73137.0,10,1,-18291.9
36.0,20240705,129.0,297,17.0,18,2.0,1.0,37111.85,43159.0,15,0,-6047.1500000000015
37.0,20230725,495.0,136,36.0,8,14.0,1.0,35785.0,54344.0,15,0,-18559.0
38.0,20210726,210.0,50,42.0,18,1.0,1.0,72579.6,78702.0,10,1,-6122.399999999994
39.0,20211103,121.0,98,14.0,5,13.0,1.0,94812.84999999999,45962.0,5,0,48850.84999999999
40.0,20240512,142.0,14,8.0,2,6.0,1.0,41912.8,41419.0,20,0,493.8000000000029
41.0,20221101,114.0,219,39.0,5,10.0,1.0,33408.4,39721.0,15,1,-6312.5999999999985
42.0,20240720,437.0,205,6.0,16,3.0,1.0,64008.8,40003.0,20,1,24005.800000000003
43.0,20230321,288.0,27,36.0,16,4.0,1.0,66333.15,40140.0,15,0,26193.149999999994
44.0,20220127,420.0,180,27.0,1,5.0,1.0,88819.2,71495.0,10,0,17324.199999999997
45.0,,44.0,140,19.0,4,1.0,1.0,65148.14999999999,79475.0,5,0,-14326.850000000013
46.0,20220730,29.0,149,48.0,8,15.0,1.0,69903.0,54917.0,0,0,14986.0
47.0,20240514,294.0,88,48.0,13,3.0,1.0,73592.0,58552.0,0,0,15040.0
48.0,20220818,262.0,132,21.0,19,8.0,1.0,64749.6,79443.0,10,0,-14693.400000000001
49.0,20221030,181.0,147,29.0,11,11.0,1.0,44969.2,72718.0,5,1,-27748.800000000003
50.0,20200615,225.0,199,43.0,13,10.0,1.0,75485.09999999999,66566.0,5,1,8919.099999999991
51.0,20210828,159.0,169,15.0,7,14.0,1.0,46813.0,50241.0,0,0,-3428.0
52.0,20240714,379.0,84,29.0,8,13.0,1.0,69834.3,74326.0,15,0,-4491.699999999997
53.0,20221117,348.0,83,49.0,4,3.0,1.0,81794.65,66342.0,15,1,15452.649999999994
54.0,20220707,419.0,192,19.0,11,10.0,1.0,89996.0,36493.0,0,0,53503.0
55.0,20230314,111.0,25,28.0,17,7.0,1.0,30665.45,65130.0,15,1,-34464.55
56.0,20240827,269.0,199,23.0,4,13.0,1.0,66353.55,78034.0,15,0,-11680.449999999997
57.0,20240625,94.0,103,42.0,7,6.0,1.0,65785.75,79367.0,15,0,-13581.25
58.0,20201207,459.0,266,19.0,4,12.0,1.0,47642.5,49252.0,15,1,-1609.5
59.0,20220129,446.0,263,3.0,12,6.0,1.0,73117.0,45466.0,15,0,27651.0
60.0,20250130,272.0,128,999.0,9,4.0,1.0,42717.0,66809.0,0,1,-24092.0
61.0,20220815,232.0,34,32.0,4,13.0,1.0,39756.0,63341.0,20,1,-23585.0
62.0,20210914,34.0,38,33.0,18,3.0,1.0,87910.15,38410.0,5,1,49500.149999999994
63.0,20240419,178.0,65,6.0,20,10.0,1.0,69892.95,70925.0,15,0,-1032.050000000003
64.0,20240406,456.0,233,21.0,20,6.0,1.0,45835.2,43370.0,20,0,2465.199999999997
65.0,20200217,239.0,149,30.0,7,2.0,1.0,47169.9,77259.0,15,0,-30089.1
66.0,20230207,111.0,241,4.0,13,5.0,1.0,58971.0,77677.0,0,1,-18706.0
67.0,20230609,282.0,286,39.0,11,6.0,1.0,77676.75,38980.0,5,1,38696.75
68.0,20230410,432.0,244,50.0,1,8.0,1.0,72427.05,75091.0,5,0,-2663.949999999997
69.0,20230918,397.0,10,9.0,20,8.0,1.0,68630.40000000001,62887.0,20,1,5743.400000000009
70.0,,236.0,286,37.0,18,14.0,1.0,52073.1,61444.0,10,0,-9370.900000000001
71.0,20200724,149.0,246,34.0,8,7.0,1.0,66112.2,78555.0,10,0,-12442.800000000003
72.0,20240313,395.0,103,3.0,2,14.0,1.0,74151.0,78410.0,10,0,-4259.0
73.0,20201225,291.0,253,48.0,15,10.0,1.0,70476.9,40649.0,15,0,29827.899999999994
74.0,20220811,45.0,4,24.0,19,5.0,1.0,78255.3,68172.0,5,0,10083.300000000003
75.0,20221217,459.0,114,49.0,16,12.0,1.0,63894.6,76002.0,10,1,-12107.400000000001
76.0,20231009,289.0,85,27.0,2,13.0,1.0,57775.5,63447.0,10,0,-5671.5
77.0,20231030,419.0,33,29.0,5,11.0,1.0,68316.0,41795.0,20,1,26521.0
78.0,20210226,61.0,12,43.0,9,2.0,1.0,45166.0,52685.0,0,0,-7519.0
79.0,20230212,345.0,112,18.0,5,8.0,1.0,92426.0,49776.0,0,0,42650.0
80.0,20210512,,77,27.0,5,5.0,1.0,86639.05,49709.0,5,1,36930.05
81.0,20210505,231.0,21,45.0,7,9.0,1.0,43992.9,31004.0,10,0,12988.900000000001
82.0,20201108,274.0,51,36.0,8,4.0,1.0,82465.2,66865.0,10,1,15600.199999999997
83.0,20231219,126.0,87,27.0,2,3.0,1.0,69337.0,33849.0,0,1,35488.0
84.0,20240727,31.0,7,10.0,6,6.0,1.0,56896.2,74173.0,10,0,-17276.800000000003
85.0,20210415,492.0,42,28.0,1,4.0,1.0,61383.2,33677.0,20,0,27706.199999999997
86.0,20220614,39.0,74,48.0,13,4.0,1.0,56740.0,65426.0,0,1,-8686.0
87.0,20211010,489.0,117,10.0,8,6.0,1.0,54357.0,70541.0,0,1,-16184.0
88.0,20240124,228.0,230,19.0,20,15.0,1.0,32879.2,66321.0,20,0,-33441.8
89.0,20200807,293.0,253,47.0,3,3.0,1.0,77662.8,61734.0,10,1,15928.800000000003
90.0,,431.0,70,16.0,11,14.0,1.0,83713.09999999999,56099.0,15,0,27614.09999999999
91.0,20221230,289.0,108,5.0,9,9.0,1.0,43231.85,49846.0,15,0,-6614.1500000000015
92.0,20200220,185.0,289,26.0,17,8.0,1.0,68467.0,44549.0,0,1,23918.0
93.0,20221122,44.0,267,42.0,2,3.0,1.0,43742.4,34402.0,20,1,9340.400000000001
94.0,20220726,491.0,15,12.0,9,2.0,1.0,43637.4,44076.0,10,0,-438.59999999999854
95.0,20230506,495.0,181,45.0,10,3.0,1.0,40508.0,37724.0,20,1,2784.0
96.0,20201208,326.0,231,32.0,18,2.0,1.0,78532.0,55162.0,20,1,23370.0
97.0,20220710,150.0,254,7.0,2,5.0,1.0,80019.0,65523.0,10,0,14496.0
98.0,20201004,444.0,220,19.0,9,13.0,1.0,59400.55,52991.0,15,0,6409.550000000003
99.0,20230406,444.0,202,24.0,3,1.0,1.0,87074.0,71525.0,0,0,15549.0
100.0,20230706,341.0,112,49.0,5,13.0,1.0,61943.75,65868.0,15,1,-3924.25
101.0,20231212,476.0,68,20.0,6,2.0,1.0,78549.0,54369.0,0,1,24180.0
102.0,20221222,304.0,217,25.0,11,10.0,1.0,41763.0,36712.0,0,0,5051.0
103.0,20240311,180.0,72,2.0,3,7.0,1.0,47835.9,46238.0,10,0,1597.9000000000015
104.0,20210620,407.0,37,2.0,18,4.0,1.0,58947.0,57581.0,0,0,1366.0
105.0,20240203,204.0,276,41.0,5,14.0,1.0,93909.4,43316.0,5,1,50593.399999999994
106.0,20211117,474.0,7,50.0,6,13.0,1.0,44191.5,77236.0,15,1,-33044.5
107.0,20210101,365.0,86,31.0,2,15.0,1.0,35168.0,63346.0,0,0,-28178.0
108.0,20230206,380.0,40,50.0,13,8.0,1.0,97526.0,33009.0,0,1,64517.0
109.0,20221221,402.0,280,25.0,1,4.0,1.0,65175.45,52703.0,15,0,12472.449999999997
110.0,20211013,73.0,191,17.0,14,8.0,1.0,33218.85,67212.0,15,1,-33993.15
111.0,20240907,104.0,161,20.0,4,14.0,1.0,81781.2,47367.0,10,1,34414.2
112.0,20230407,496.0,90,13.0,1,10.0,1.0,38663.1,39161.0,10,0,-497.90000000000146
113.0,20241214,34.0,22,12.0,14,3.0,1.0,79775.0,55082.0,0,0,24693.0
114.0,20210103,332.0,197,33.0,18,1.0,1.0,59792.4,53534.0,10,0,6258.4000000000015
115.0,20230308,416.0,82,21.0,6,10.0,1.0,55339.39999999999,55455.0,5,0,-115.6000000000131
116.0,20240504,415.0,120,4.0,5,2.0,1.0,70280.8,43203.0,20,0,27077.800000000003
117.0,20210107,192.0,224,1.0,10,10.0,1.0,74792.7,50107.0,10,0,24685.699999999997
118.0,20220616,114.0,178,47.0,3,12.0,1.0,43650.05,43741.0,15,0,-90.94999999999709
119.0,20211123,253.0,116,25.0,4,10.0,1.0,77894.40000000001,47113.0,20,0,30781.40000000001
120.0,20250130,221.0,52,999.0,9,10.0,1.0,56317.60000000001,77839.0,20,0,-21521.399999999987
121.0,20220129,185.0,103,17.0,13,15.0,1.0,46926.8,37569.0,15,1,9357.800000000003
122.0,20220319,135.0,78,16.0,17,15.0,1.0,88635.0,55369.0,0,0,33266.0
123.0,20221130,410.0,65,26.0,3,8.0,1.0,55955.0,46900.0,0,0,9055.0
124.0,20200320,268.0,299,18.0,16,7.0,1.0,70120.8,55103.0,10,0,15017.800000000003
125.0,20240808,244.0,144,14.0,14,1.0,1.0,66209.6,47656.0,20,1,18553.600000000006
126.0,20230501,34.0,30,2.0,15,8.0,1.0,84520.55,54140.0,5,0,30380.550000000003
127.0,20210531,283.0,15,9.0,14,10.0,1.0,47370.6,43548.0,10,0,3822.5999999999985
128.0,20210720,141.0,155,7.0,20,11.0,1.0,64615.5,54525.0,10,0,10090.5
129.0,20221104,365.0,164,46.0,2,5.0,1.0,79117.9,55445.0,5,0,23672.899999999994
130.0,20200419,93.0,287,19.0,11,14.0,1.0,50044.8,50125.0,20,0,-80.19999999999709
131.0,20220714,242.0,71,12.0,3,5.0,1.0,81745.59999999999,41819.0,5,0,39926.59999999999
132.0,20210408,392.0,220,13.0,12,12.0,1.0,74595.6,43068.0,10,1,31527.600000000006
133.0,20240212,258.0,267,15.0,7,1.0,1.0,67327.2,53543.0,20,0,13784.199999999997
134.0,20230917,365.0,56,44.0,16,2.0,1.0,41250.4,65866.0,20,1,-24615.6
135.0,,71.0,55,45.0,6,1.0,1.0,54356.0,56853.0,0,1,-2497.0
136.0,20200120,428.0,119,48.0,10,14.0,1.0,86309.4,32585.0,5,0,53724.399999999994
137.0,20220502,184.0,59,47.0,6,15.0,1.0,74458.40000000001,72522.0,20,0,1936.4000000000087
138.0,20230917,225.0,250,34.0,17,12.0,1.0,34019.5,50593.0,5,0,-16573.5
139.0,20240628,329.0,241,16.0,17,10.0,1.0,32554.15,48229.0,15,1,-15674.849999999999
140.0,,162.0,19,15.0,15,12.0,1.0,70109.1,43556.0,10,0,26553.100000000006
141.0,20210317,389.0,268,13.0,14,8.0,1.0,78173.59999999999,78661.0,5,0,-487.40000000000873
142.0,20220507,213.0,69,43.0,6,10.0,1.0,69270.2,75338.0,5,1,-6067.800000000003
143.0,20230225,497.0,263,35.0,12,8.0,1.0,43234.4,76817.0,20,0,-33582.6
144.0,20210501,214.0,28,29.0,10,9.0,1.0,72232.2,34065.0,10,0,38167.2
145.0,20200923,196.0,227,3.0,6,3.0,1.0,31904.0,74738.0,20,0,-42834.0
146.0,20210329,239.0,155,35.0,3,15.0,1.0,65662.09999999999,42050.0,5,0,23612.09999999999
147.0,20200330,151.0,124,50.0,18,5.0,1.0,49224.25,55288.0,5,1,-6063.75
148.0,20210613,50.0,218,12.0,2,7.0,1.0,48228.15,76980.0,15,0,-28751.85
149.0,20201006,162.0,300,2.0,15,12.0,1.0,45431.65,35669.0,15,0,9762.650000000001
150.0,20250130,152.0,6,48.0,13,15.0,1.0,59281.60000000001,67533.0,20,1,-8251.399999999987
151.0,20230622,95.0,282,9.0,19,2.0,1.0,78424.4,42937.0,5,1,35487.399999999994
152.0,20201225,316.0,87,23.0,11,11.0,1.0,63628.8,38801.0,20,1,24827.800000000003
153.0,20220809,424.0,260,26.0,18,9.0,1.0,74870.40000000001,65616.0,20,1,9254.400000000009
154.0,20220819,6.0,290,43.0,9,15.0,1.0,33251.15,45187.0,15,0,-11935.849999999999
155.0,20220619,333.0,279,32.0,8,3.0,1.0,56679.85,46487.0,5,1,10192.849999999999
156.0,20230713,109.0,118,9.0,14,9.0,1.0,45567.0,68718.0,0,0,-23151.0
157.0,20240123,86.0,10,43.0,14,11.0,1.0,80476.2,44376.0,10,0,36100.2
158.0,20221205,36.0,268,43.0,18,7.0,1.0,33802.2,69309.0,10,0,-35506.8
159.0,20220207,220.0,218,48.0,9,11.0,1.0,58691.95,65633.0,5,0,-6941.050000000003
160.0,20210920,,134,36.0,18,10.0,1.0,64063.8,57081.0,10,0,6982.800000000003
161.0,20230601,71.0,206,17.0,20,1.0,1.0,56024.35,39524.0,15,0,16500.35
162.0,20220410,336.0,266,50.0,1,10.0,1.0,74030.65,45679.0,5,0,28351.649999999994
163.0,20220211,36.0,100,33.0,3,10.0,1.0,60868.5,36977.0,15,0,23891.5
164.0,20220902,493.0,35,26.0,9,6.0,1.0,32073.3,65104.0,10,1,-33030.7
165.0,20221005,94.0,136,3.0,3,15.0,1.0,81009.25,37856.0,15,0,43153.25
166.0,20211028,392.0,245,44.0,15,6.0,1.0,55168.8,75760.0,20,0,-20591.199999999997
167.0,20210205,135.0,218,18.0,5,3.0,1.0,68824.65,41789.0,5,0,27035.649999999994
168.0,20220107,216.0,129,48.0,9,9.0,1.0,70667.2,44120.0,20,0,26547.199999999997
169.0,20241004,11.0,276,41.0,10,15.0,1.0,75217.0,54973.0,0,1,20244.0
170.0,20241204,161.0,267,26.0,9,8.0,1.0,62708.8,45376.0,20,1,17332.800000000003
171.0,20231129,269.0,118,35.0,12,9.0,1.0,35437.85,31872.0,5,0,3565.8499999999985
172.0,20210905,384.0,227,35.0,5,1.0,1.0,58901.6,30006.0,15,0,28895.6
173.0,20210120,408.0,128,48.0,17,14.0,1.0,50699.0,70981.0,0,1,-20282.0
174.0,20211201,327.0,78,10.0,15,7.0,1.0,73683.90000000001,38194.0,10,0,35489.90000000001
175.0,20240214,191.0,137,48.0,8,13.0,1.0,42992.0,30826.0,0,1,12166.0
176.0,20240614,107.0,282,28.0,7,5.0,1.0,73280.0,33413.0,20,1,39867.0
177.0,20240210,5.0,81,15.0,18,4.0,1.0,80962.0,40087.0,0,0,40875.0
178.0,20230114,69.0,251,10.0,18,6.0,1.0,80690.5,69235.0,15,1,11455.5
179.0,20240906,195.0,165,7.0,11,3.0,1.0,50877.25,70176.0,5,0,-19298.75
180.0,,249.0,251,999.0,3,13.0,1.0,82044.0,69711.0,0,0,12333.0
181.0,20240418,481.0,37,48.0,7,11.0,1.0,37932.8,55253.0,20,1,-17320.199999999997
182.0,20220107,341.0,173,35.0,14,8.0,1.0,52719.55,54361.0,15,0,-1641.449999999997
183.0,20240719,18.0,114,38.0,5,5.0,1.0,58308.0,60170.0,0,0,-1862.0
184.0,20221209,112.0,154,50.0,4,1.0,1.0,56067.3,58462.0,10,0,-2394.699999999997
185.0,20240409,258.0,259,6.0,16,3.0,1.0,34347.65,52031.0,15,0,-17683.35
186.0,20220621,334.0,295,23.0,20,1.0,1.0,54699.1,51019.0,5,1,3680.0999999999985
187.0,20231124,388.0,8,34.0,18,12.0,1.0,83497.0,43697.0,0,1,39800.0
188.0,20211008,270.0,139,25.0,4,8.0,1.0,46885.60000000001,73260.0,20,0,-26374.399999999987
189.0,20210406,257.0,251,17.0,17,3.0,1.0,45431.1,49813.0,10,0,-4381.9000000000015
190.0,20240426,45.0,160,46.0,7,3.0,1.0,63863.2,65478.0,20,0,-1614.800000000003
191.0,20200611,286.0,212,15.0,1,12.0,1.0,40040.95,38620.0,15,1,1420.949999999997
192.0,20241110,241.0,99,29.0,7,8.0,1.0,75046.2,78651.0,5,0,-3604.800000000003
193.0,20220515,312.0,234,50.0,10,5.0,1.0,37953.6,33230.0,20,0,4723.5999999999985
194.0,20200705,463.0,93,17.0,15,2.0,1.0,39713.7,31632.0,15,0,8081.699999999997
195.0,20200126,363.0,172,9.0,15,8.0,1.0,46991.4,50189.0,15,0,-3197.5999999999985
196.0,20200628,3.0,41,10.0,5,1.0,1.0,47113.0,33205.0,0,0,13908.0
197.0,20230316,345.0,166,14.0,9,12.0,1.0,34396.8,38817.0,20,0,-4420.199999999997
198.0,20240625,353.0,182,2.0,10,10.0,1.0,69221.45,45251.0,15,0,23970.449999999997
199.0,20240620,287.0,154,22.0,19,1.0,1.0,78350.3,55955.0,5,0,22395.300000000003
200.0,20230315,457.0,29,2.0,12,10.0,1.0,48228.15,74924.0,15,1,-26695.85
201.0,20210124,60.0,122,33.0,2,6.0,1.0,73475.7,54524.0,15,0,18951.699999999997
202.0,20210214,398.0,199,37.0,2,4.0,1.0,83945.7,60597.0,10,1,23348.699999999997
203.0,20200413,226.0,287,20.0,10,3.0,1.0,87691.0,76160.0,0,0,11531.0
204.0,20231102,55.0,229,30.0,15,11.0,1.0,72332.45,79528.0,15,0,-7195.550000000003
205.0,20240801,74.0,233,37.0,6,12.0,1.0,90428.0,60227.0,0,1,30201.0
206.0,20230427,406.0,281,43.0,14,10.0,1.0,53766.75,68729.0,15,1,-14962.25
207.0,20210204,228.0,195,35.0,1,4.0,1.0,69020.1,79478.0,10,1,-10457.899999999994
208.0,20230704,348.0,262,2.0,18,6.0,1.0,68930.75,30055.0,15,0,38875.75
209.0,20230630,109.0,214,9.0,16,3.0,1.0,37770.6,31029.0,15,0,6741.5999999999985
210.0,,231.0,4,24.0,2,3.0,1.0,47239.2,67771.0,20,0,-20531.800000000003
211.0,20240128,41.0,160,19.0,11,13.0,1.0,58092.0,60751.0,20,1,-2659.0
212.0,20240521,297.0,65,29.0,4,12.0,1.0,34133.5,46839.0,5,0,-12705.5
213.0,20240308,442.0,212,26.0,4,13.0,1.0,41861.60000000001,72091.0,20,1,-30229.399999999987
214.0,20240502,200.0,196,7.0,9,11.0,1.0,86690.34999999999,72733.0,5,0,13957.349999999991
215.0,20231221,100.0,7,6.0,7,2.0,1.0,51508.0,48566.0,0,0,2942.0
216.0,20220621,337.0,39,4.0,2,2.0,1.0,73038.8,48172.0,15,0,24866.800000000003
217.0,20210629,202.0,55,42.0,15,3.0,1.0,46280.7,77680.0,10,0,-31399.300000000003
218.0,20230819,264.0,116,22.0,2,4.0,1.0,58191.3,49846.0,5,0,8345.300000000003
219.0,20200203,339.0,44,42.0,16,1.0,1.0,45566.1,68859.0,10,1,-23292.9
220.0,20230719,22.0,275,42.0,16,1.0,1.0,30811.65,72849.0,15,0,-42037.35
221.0,20240909,50.0,255,37.0,13,13.0,1.0,75486.05,78360.0,5,0,-2873.949999999997
222.0,20200701,172.0,190,6.0,13,12.0,1.0,60108.8,71431.0,20,0,-11322.199999999997
223.0,20221221,414.0,231,36.0,10,2.0,1.0,60882.4,35768.0,20,1,25114.4
224.0,20240225,277.0,77,40.0,7,1.0,1.0,42944.8,53867.0,20,1,-10922.199999999997
225.0,,249.0,297,15.0,8,1.0,1.0,35212.1,44927.0,15,1,-9714.900000000001
226.0,20210326,476.0,100,30.0,9,15.0,1.0,35018.1,67268.0,10,0,-32249.9
227.0,20220521,327.0,243,3.0,8,9.0,1.0,62028.75,58458.0,15,0,3570.75
228.0,20220807,421.0,209,48.0,10,13.0,1.0,74902.75,61443.0,5,0,13459.75
229.0,20220120,405.0,17,24.0,12,3.0,1.0,54986.4,33592.0,20,0,21394.4
230.0,20220820,397.0,245,23.0,9,12.0,1.0,50173.60000000001,74579.0,20,0,-24405.399999999987
231.0,20220503,150.0,235,14.0,4,11.0,1.0,42467.2,40798.0,20,0,1669.199999999997
232.0,20210813,216.0,267,17.0,10,13.0,1.0,65015.0,59180.0,0,1,5835.0
233.0,20220707,490.0,79,21.0,6,9.0,1.0,56264.7,47066.0,5,0,9198.699999999997
234.0,20210922,13.0,280,31.0,15,1.0,1.0,80268.05,77745.0,15,0,2523.050000000003
235.0,20220202,183.0,143,10.0,11,1.0,1.0,60428.7,42743.0,10,1,17685.699999999997
236.0,20220418,229.0,84,49.0,17,11.0,1.0,89796.6,61104.0,10,0,28692.600000000006
237.0,20221004,364.0,22,42.0,9,15.0,1.0,42839.3,30160.0,5,1,12679.300000000003
238.0,20200409,253.0,244,18.0,5,5.0,1.0,58692.6,50950.0,10,0,7742.5999999999985
239.0,20221027,264.0,155,11.0,12,4.0,1.0,50769.89999999999,63958.0,5,0,-13188.100000000013
240.0,20250130,,68,999.0,20,4.0,1.0,88643.55,58962.0,5,1,29681.550000000003
241.0,20240325,158.0,10,3.0,2,2.0,1.0,73874.0,63651.0,0,0,10223.0
242.0,20240125,462.0,143,13.0,19,2.0,1.0,39419.3,34478.0,5,0,4941.300000000003
243.0,20211102,244.0,218,46.0,17,8.0,1.0,42229.0,60533.0,0,1,-18304.0
244.0,20200512,377.0,36,26.0,3,6.0,1.0,65790.34999999999,58708.0,5,1,7082.349999999991
245.0,20200301,207.0,140,32.0,15,2.0,1.0,85331.0,39658.0,0,0,45673.0
246.0,20241207,14.0,50,35.0,17,15.0,1.0,67129.0,62630.0,0,1,4499.0
247.0,20210623,193.0,156,11.0,16,8.0,1.0,57824.0,37168.0,20,0,20656.0
248.0,20230428,181.0,188,16.0,14,2.0,1.0,58420.0,52619.0,0,0,5801.0
249.0,20221026,87.0,264,45.0,11,13.0,1.0,54520.2,67378.0,10,1,-12857.800000000003
250.0,20210305,497.0,110,5.0,3,6.0,1.0,97779.0,78685.0,0,1,19094.0
251.0,20221205,155.0,129,35.0,7,4.0,1.0,60943.5,67804.0,10,0,-6860.5
252.0,20230817,383.0,137,32.0,1,15.0,1.0,47577.0,39827.0,0,1,7750.0
253.0,20221013,15.0,249,8.0,3,15.0,1.0,79018.0,53818.0,0,1,25200.0
254.0,20220830,414.0,112,24.0,19,11.0,1.0,86973.45,46666.0,5,0,40307.45
255.0,20210908,480.0,11,25.0,12,2.0,1.0,73030.3,50268.0,5,0,22762.300000000003
256.0,20231124,456.0,42,39.0,17,1.0,1.0,52102.0,75775.0,0,0,-23673.0
257.0,20200621,228.0,295,38.0,5,7.0,1.0,59715.0,59588.0,10,1,127.0
258.0,20200830,484.0,135,34.0,19,4.0,1.0,43841.55,54112.0,5,1,-10270.449999999997
259.0,20200122,401.0,111,24.0,9,8.0,1.0,94022.45,49018.0,5,0,45004.45
260.0,20220319,204.0,38,33.0,20,11.0,1.0,67265.1,53219.0,10,1,14046.100000000006
261.0,20230609,22.0,46,24.0,5,14.0,1.0,89215.2,32894.0,10,0,56321.2
262.0,20221006,85.0,28,23.0,4,2.0,1.0,60420.95,60614.0,5,1,-193.0500000000029
263.0,20230424,445.0,299,44.0,11,15.0,1.0,41180.0,74361.0,0,0,-33181.0
264.0,20210606,42.0,3,39.0,11,3.0,1.0,50865.85,72181.0,5,0,-21315.15
265.0,20200703,46.0,79,25.0,12,13.0,1.0,35103.3,73615.0,15,0,-38511.7
266.0,20230202,223.0,80,34.0,5,2.0,1.0,54686.0,61300.0,0,0,-6614.0
267.0,20211130,212.0,42,47.0,14,15.0,1.0,38435.1,32966.0,5,1,5469.0999999999985
268.0,20240729,310.0,7,9.0,13,1.0,1.0,55708.0,70418.0,5,0,-14710.0
269.0,20230312,333.0,76,38.0,16,14.0,1.0,54553.0,76045.0,15,1,-21492.0
270.0,,323.0,205,42.0,19,8.0,1.0,50124.8,31246.0,20,0,18878.800000000003
271.0,20230928,224.0,119,40.0,14,8.0,1.0,57553.85,76621.0,5,1,-19067.15
272.0,20220923,252.0,25,40.0,3,5.0,1.0,79087.5,32095.0,10,0,46992.5
273.0,20201111,395.0,235,19.0,7,11.0,1.0,82865.7,37737.0,10,1,45128.7
274.0,20220728,435.0,147,9.0,8,14.0,1.0,62864.8,71251.0,20,0,-8386.199999999997
275.0,20211205,16.0,44,26.0,5,1.0,1.0,31815.5,79754.0,15,1,-47938.5
276.0,20240330,461.0,227,33.0,5,11.0,1.0,57530.1,51921.0,5,1,5609.0999999999985
277.0,20210904,277.0,31,48.0,1,5.0,1.0,58012.0,49527.0,20,0,8485.0
278.0,20241120,267.0,51,44.0,7,5.0,1.0,52968.8,38523.0,20,0,14445.800000000003
279.0,20230316,226.0,235,27.0,18,5.0,1.0,45278.0,78922.0,0,0,-33644.0
280.0,,157.0,73,23.0,16,8.0,1.0,70945.6,41998.0,20,1,28947.600000000006
281.0,20231219,173.0,236,29.0,13,1.0,1.0,75198.40000000001,45258.0,20,0,29940.40000000001
282.0,20221003,159.0,244,39.0,19,14.0,1.0,89374.0,46075.0,0,1,43299.0
283.0,20200721,13.0,87,2.0,6,6.0,1.0,75499.34999999999,56691.0,5,0,18808.34999999999
284.0,20230208,193.0,122,27.0,14,10.0,1.0,71249.0,60462.0,0,1,10787.0
285.0,20220914,403.0,257,19.0,2,5.0,1.0,51684.0,66382.0,20,0,-14698.0
286.0,20240321,195.0,274,33.0,9,12.0,1.0,60748.65,77518.0,15,1,-16769.35
287.0,20231008,165.0,2,42.0,16,2.0,1.0,72981.90000000001,75645.0,10,0,-2663.0999999999913
288.0,20221006,308.0,99,32.0,20,15.0,1.0,70796.0,35896.0,20,1,34900.0
289.0,20200105,421.0,290,44.0,19,7.0,1.0,96182.0,47014.0,0,0,49168.0
290.0,20210207,433.0,23,15.0,11,3.0,1.0,42977.7,55680.0,10,1,-12702.300000000003
291.0,20200504,50.0,127,29.0,3,15.0,1.0,96836.0,45515.0,0,1,51321.0
292.0,20211126,356.0,222,25.0,14,11.0,1.0,75455.0,36280.0,0,0,39175.0
293.0,20230410,99.0,65,38.0,2,15.0,1.0,35217.6,45935.0,20,0,-10717.400000000001
294.0,20241010,159.0,75,43.0,7,10.0,1.0,75631.2,71979.0,20,0,3652.199999999997
295.0,20200531,215.0,113,12.0,11,6.0,1.0,85354.0,78141.0,0,0,7213.0
296.0,20210306,226.0,90,9.0,9,5.0,1.0,39558.15,31408.0,15,1,8150.1500000000015
297.0,20200419,339.0,74,19.0,8,11.0,1.0,89124.3,58150.0,10,0,30974.300000000003
298.0,20210228,496.0,86,18.0,17,4.0,1.0,56526.89999999999,76693.0,5,0,-20166.100000000013
299.0,20240705,112.0,44,30.0,17,8.0,1.0,58941.0,32696.0,10,1,26245.0
300.0,20250130,227.0,184,999.0,12,5.0,1.0,35707.5,37771.0,10,1,-2063.5
301.0,20211128,310.0,208,38.0,7,13.0,1.0,84095.0,77404.0,0,1,6691.0
302.0,20201110,395.0,72,38.0,14,6.0,1.0,49975.2,44777.0,20,0,5198.199999999997
303.0,20210211,312.0,97,39.0,18,2.0,1.0,67344.65,36836.0,15,1,30508.649999999994
304.0,20201121,338.0,168,14.0,3,10.0,1.0,66961.6,61342.0,20,0,5619.600000000006
305.0,20220430,258.0,205,45.0,3,4.0,1.0,79153.05,32561.0,5,0,46592.05
306.0,20201203,235.0,81,33.0,4,5.0,1.0,67667.55,79929.0,5,0,-12261.449999999997
307.0,20240913,38.0,6,31.0,18,1.0,1.0,32327.2,34471.0,20,1,-2143.7999999999993
308.0,20200409,274.0,226,20.0,17,13.0,1.0,76347.0,33129.0,15,0,43218.0
309.0,20220526,192.0,173,41.0,4,2.0,1.0,65157.64999999999,57242.0,5,1,7915.649999999987
310.0,20200713,89.0,113,35.0,20,10.0,1.0,76770.90000000001,49761.0,10,0,27009.90000000001
311.0,20240220,348.0,172,49.0,1,7.0,1.0,94785.29999999999,76178.0,5,0,18607.29999999999
312.0,20210225,192.0,20,15.0,2,9.0,1.0,86574.0,72179.0,0,0,14395.0
313.0,20201202,128.0,4,6.0,6,12.0,1.0,38962.35,38228.0,5,1,734.3499999999985
314.0,20240403,128.0,247,2.0,20,15.0,1.0,61302.6,57701.0,10,0,3601.5999999999985
315.0,,373.0,146,33.0,5,15.0,1.0,40652.1,60753.0,15,0,-20100.9
316.0,20200311,192.0,198,48.0,12,15.0,1.0,60319.8,76473.0,10,0,-16153.199999999997
317.0,20210601,358.0,127,13.0,13,12.0,1.0,85579.2,76636.0,10,0,8943.199999999997
318.0,20220206,454.0,74,19.0,3,3.0,1.0,39280.6,30103.0,5,1,9177.599999999999
319.0,20220920,486.0,94,22.0,13,11.0,1.0,40616.0,49210.0,0,1,-8594.0
320.0,20230604,,4,16.0,11,1.0,1.0,56829.6,69608.0,10,0,-12778.400000000001
321.0,20230527,2.0,144,48.0,11,8.0,1.0,83090.05,71816.0,15,0,11274.050000000003
322.0,20210309,179.0,74,31.0,15,3.0,1.0,70962.0,74109.0,0,1,-3147.0
323.0,20210402,15.0,244,42.0,11,5.0,1.0,39238.0,69366.0,0,1,-30128.0
324.0,20201023,175.0,296,1.0,5,14.0,1.0,78539.40000000001,53922.0,10,0,24617.40000000001
325.0,20241107,234.0,164,46.0,13,13.0,1.0,77088.7,49103.0,5,1,27985.699999999997
326.0,20220726,373.0,217,21.0,7,11.0,1.0,50829.75,48549.0,5,0,2280.75
327.0,20230430,248.0,5,12.0,2,7.0,1.0,90900.75,41024.0,5,0,49876.75
328.0,20230416,18.0,193,43.0,3,10.0,1.0,34114.4,37864.0,20,0,-3749.5999999999985
329.0,20230910,49.0,51,38.0,17,15.0,1.0,86345.0,65154.0,0,1,21191.0
330.0,20250130,93.0,63,20.0,2,11.0,1.0,77180.0,46827.0,15,1,30353.0
331.0,20200920,24.0,181,36.0,10,12.0,1.0,35427.2,42325.0,20,0,-6897.800000000003
332.0,20230521,134.0,218,21.0,17,4.0,1.0,71938.0,54388.0,0,1,17550.0
333.0,20230203,351.0,75,32.0,4,5.0,1.0,69037.6,36881.0,20,1,32156.600000000006
334.0,20220617,163.0,133,39.0,2,6.0,1.0,44643.7,78196.0,15,0,-33552.3
335.0,20221120,220.0,41,33.0,16,11.0,1.0,57053.60000000001,48733.0,20,0,8320.600000000013
336.0,20211123,316.0,22,25.0,12,15.0,1.0,65230.8,38737.0,5,0,26493.800000000003
337.0,20211217,440.0,2,20.0,12,15.0,1.0,36829.6,61999.0,5,0,-25169.4
338.0,20211225,221.0,4,43.0,6,12.0,1.0,53610.35,53887.0,15,1,-276.65000000000146
339.0,20200812,364.0,216,49.0,18,2.0,1.0,67051.0,57596.0,0,1,9455.0
340.0,20230926,7.0,5,50.0,5,14.0,1.0,64153.75,46236.0,15,1,17917.75
341.0,20220522,415.0,206,20.0,2,8.0,1.0,40959.0,43083.0,0,0,-2124.0
342.0,20210915,156.0,164,17.0,9,2.0,1.0,65936.0,48698.0,0,0,17238.0
343.0,20200721,395.0,191,42.0,20,2.0,1.0,66932.8,71258.0,20,0,-4325.199999999997
344.0,20230305,243.0,130,18.0,17,1.0,1.0,59336.05,61642.0,5,0,-2305.949999999997
345.0,20201216,351.0,206,15.0,1,4.0,1.0,73804.0,44274.0,0,1,29530.0
346.0,20230705,328.0,128,40.0,18,14.0,1.0,97025.0,35455.0,0,0,61570.0
347.0,20220908,495.0,196,47.0,13,2.0,1.0,62151.15,43364.0,15,1,18787.15
348.0,20230520,442.0,145,26.0,14,2.0,1.0,33762.85,39405.0,15,1,-5642.1500000000015
349.0,20230118,7.0,7,31.0,15,12.0,1.0,64698.3,79785.0,10,0,-15086.699999999997
350.0,,423.0,262,25.0,12,2.0,1.0,42425.1,55256.0,5,1,-12830.900000000001
351.0,20240718,490.0,23,18.0,10,15.0,1.0,44844.0,57868.0,0,0,-13024.0
352.0,20201010,77.0,58,28.0,13,13.0,1.0,81035.95,41919.0,5,1,39116.95
353.0,20220731,276.0,296,23.0,16,3.0,1.0,57274.4,53750.0,20,0,3524.4000000000015
354.0,20201102,125.0,14,16.0,5,13.0,1.0,35129.1,40366.0,5,0,-5236.9000000000015
355.0,20200707,271.0,57,15.0,15,9.0,1.0,67624.3,57762.0,15,0,9862.300000000003
356.0,20200227,109.0,40,7.0,14,4.0,1.0,69640.2,54345.0,10,1,15295.199999999997
357.0,20240319,109.0,138,26.0,10,7.0,1.0,87149.7,36108.0,10,0,51041.7
358.0,20220705,50.0,196,42.0,3,13.0,1.0,38152.95,60350.0,5,1,-22197.050000000003
359.0,20200519,439.0,39,21.0,3,5.0,1.0,73483.2,65857.0,20,1,7626.199999999997
360.0,,92.0,72,999.0,20,2.0,1.0,52535.1,56275.0,15,0,-3739.9000000000015
361.0,20210104,449.0,193,35.0,12,12.0,1.0,41127.0,73853.0,0,0,-32726.0
362.0,20240713,394.0,249,37.0,16,6.0,1.0,82588.55,40206.0,15,0,42382.55
363.0,20210210,109.0,73,28.0,9,6.0,1.0,41676.35,64391.0,15,0,-22714.65
364.0,20220711,402.0,102,44.0,5,14.0,1.0,91388.09999999999,60058.0,5,0,31330.09999999999
365.0,20211222,297.0,194,30.0,10,14.0,1.0,43830.4,31061.0,20,0,12769.400000000001
366.0,20221013,172.0,84,42.0,4,12.0,1.0,77172.8,70656.0,20,0,6516.800000000003
367.0,20210921,228.0,196,33.0,13,14.0,1.0,68957.09999999999,72261.0,15,0,-3303.9000000000087
368.0,20221125,466.0,163,25.0,2,3.0,1.0,51659.6,72233.0,15,1,-20573.4
369.0,20230829,65.0,48,41.0,1,15.0,1.0,57057.95,67473.0,5,1,-10415.050000000003
370.0,20221002,126.0,12,24.0,6,13.0,1.0,52170.0,48511.0,0,0,3659.0
371.0,20230526,321.0,93,48.0,20,1.0,1.0,60191.2,61713.0,20,1,-1521.800000000003
372.0,20210527,79.0,113,32.0,18,3.0,1.0,77333.8,52842.0,5,0,24491.800000000003
373.0,20221113,144.0,250,5.0,7,5.0,1.0,50508.0,55103.0,20,0,-4595.0
374.0,20210421,450.0,96,22.0,1,9.0,1.0,43015.0,50607.0,0,1,-7592.0
375.0,20201216,270.0,39,27.0,16,10.0,1.0,78846.3,33254.0,10,1,45592.3
376.0,20230213,122.0,207,49.0,14,13.0,1.0,80446.5,36233.0,10,0,44213.5
377.0,20200408,153.0,115,4.0,7,5.0,1.0,40768.0,41153.0,0,1,-385.0
378.0,20210624,406.0,65,50.0,16,13.0,1.0,65584.8,45762.0,10,0,19822.800000000003
379.0,20210324,428.0,7,30.0,19,15.0,1.0,79511.40000000001,43674.0,10,1,35837.40000000001
380.0,20210627,318.0,85,2.0,1,2.0,1.0,40612.0,37222.0,20,1,3390.0
381.0,20200815,78.0,190,28.0,20,4.0,1.0,46576.0,56390.0,0,1,-9814.0
382.0,20210114,137.0,208,39.0,7,9.0,1.0,69194.40000000001,41208.0,20,0,27986.40000000001
383.0,20241123,465.0,234,23.0,3,4.0,1.0,78840.9,47290.0,15,1,31550.899999999994
384.0,20200818,291.0,52,23.0,9,5.0,1.0,53505.60000000001,73477.0,20,0,-19971.399999999987
385.0,20230421,211.0,221,44.0,18,7.0,1.0,67562.25,71083.0,15,0,-3520.75
386.0,20220718,98.0,178,19.0,10,1.0,1.0,65822.65,39845.0,5,1,25977.649999999994
387.0,20240720,28.0,129,3.0,14,11.0,1.0,40708.2,78041.0,15,0,-37332.8
388.0,20240521,51.0,166,41.0,10,15.0,1.0,46520.5,43075.0,15,1,3445.5
389.0,20240326,356.0,211,35.0,8,14.0,1.0,73569.2,49817.0,15,1,23752.199999999997
390.0,20250130,237.0,171,10.0,19,4.0,1.0,79350.65,37958.0,5,0,41392.649999999994
391.0,20210111,369.0,79,8.0,17,14.0,1.0,85094.34999999999,31615.0,5,0,53479.34999999999
392.0,20220808,421.0,73,18.0,19,7.0,1.0,35320.9,73747.0,15,1,-38426.1
393.0,20230905,62.0,22,34.0,17,3.0,1.0,61028.1,53445.0,10,0,7583.0999999999985
394.0,20230924,236.0,242,47.0,13,2.0,1.0,75978.95,70466.0,15,0,5512.949999999997
395.0,20230729,390.0,33,45.0,1,10.0,1.0,59799.2,54531.0,20,1,5268.199999999997
396.0,20240831,225.0,271,44.0,14,4.0,1.0,46851.2,30343.0,20,0,16508.199999999997
397.0,20200519,183.0,292,19.0,18,14.0,1.0,70698.05,33373.0,5,0,37325.05
398.0,20221007,295.0,242,47.0,2,2.0,1.0,74557.6,51924.0,20,0,22633.600000000006
399.0,20240503,392.0,283,15.0,12,13.0,1.0,47272.95,63266.0,5,0,-15993.050000000003
400.0,20200707,,65,28.0,12,10.0,1.0,99391.0,70347.0,0,1,29044.0
401.0,20221010,383.0,225,5.0,13,12.0,1.0,67249.8,38501.0,10,0,28748.800000000003
402.0,20200908,228.0,137,34.0,9,6.0,1.0,63520.8,70754.0,5,1,-7233.199999999997
403.0,20230914,226.0,197,25.0,15,5.0,1.0,60209.0,55073.0,0,0,5136.0
404.0,20210728,14.0,223,30.0,19,13.0,1.0,65273.4,57776.0,10,1,7497.4000000000015
405.0,,278.0,141,2.0,9,1.0,1.0,50432.4,73304.0,10,0,-22871.6
406.0,20230402,285.0,161,8.0,6,6.0,1.0,49904.0,38337.0,0,0,11567.0
407.0,20200220,488.0,121,42.0,11,6.0,1.0,38697.6,45530.0,20,0,-6832.4000000000015
408.0,20240410,209.0,149,38.0,17,11.0,1.0,86175.0,76908.0,0,0,9267.0
409.0,20240209,115.0,269,48.0,12,15.0,1.0,43290.5,51540.0,15,1,-8249.5
410.0,20210103,259.0,292,33.0,4,15.0,1.0,47232.8,52385.0,15,1,-5152.199999999997
411.0,20200531,135.0,86,22.0,8,12.0,1.0,64349.1,75673.0,10,0,-11323.900000000001
412.0,20210420,323.0,94,33.0,13,5.0,1.0,55013.7,72559.0,15,1,-17545.300000000003
413.0,20230526,460.0,22,15.0,10,13.0,1.0,42769.0,40852.0,0,0,1917.0
414.0,20240106,73.0,277,9.0,19,12.0,1.0,96722.0,48470.0,0,0,48252.0
415.0,20240919,135.0,114,7.0,3,9.0,1.0,68609.0,78203.0,0,0,-9594.0
416.0,20200320,126.0,249,32.0,7,7.0,1.0,75703.5,77401.0,10,0,-1697.5
417.0,20220809,121.0,249,16.0,10,6.0,1.0,98105.0,37364.0,0,1,60741.0
418.0,20210703,66.0,149,28.0,11,8.0,1.0,75274.2,47144.0,5,1,28130.199999999997
419.0,20230101,158.0,57,4.0,11,4.0,1.0,81838.7,35914.0,5,0,45924.7
420.0,,368.0,212,999.0,17,5.0,1.0,96627.0,79487.0,0,1,17140.0
421.0,20240216,353.0,206,35.0,14,10.0,1.0,72218.55,76103.0,15,1,-3884.449999999997
422.0,20200205,160.0,104,45.0,14,8.0,1.0,83610.25,44565.0,15,0,39045.25
423.0,20220405,366.0,190,38.0,18,10.0,1.0,35063.35,35481.0,15,0,-417.65000000000146
424.0,20231222,390.0,173,42.0,18,8.0,1.0,67585.6,43711.0,20,0,23874.600000000006
425.0,20220328,376.0,66,34.0,14,1.0,1.0,83728.8,32559.0,10,1,51169.8
426.0,20220821,151.0,149,21.0,5,2.0,1.0,95757.0,51638.0,0,1,44119.0
427.0,20200607,356.0,81,50.0,14,10.0,1.0,84348.59999999999,48624.0,5,1,35724.59999999999
428.0,20200416,92.0,142,31.0,20,3.0,1.0,76734.40000000001,35985.0,20,0,40749.40000000001
429.0,20231124,242.0,194,10.0,7,13.0,1.0,81173.7,69674.0,10,0,11499.699999999997
430.0,20220125,223.0,218,38.0,15,15.0,1.0,43050.6,30699.0,10,0,12351.599999999999
431.0,20241118,140.0,30,2.0,18,14.0,1.0,87722.05,79147.0,5,1,8575.050000000003
432.0,20200620,62.0,100,13.0,13,3.0,1.0,82143.15,30928.0,15,1,51215.149999999994
433.0,20210321,353.0,61,41.0,3,11.0,1.0,74529.90000000001,41960.0,10,0,32569.90000000001
434.0,20220930,483.0,147,45.0,7,6.0,1.0,74324.0,47878.0,20,1,26446.0
435.0,20200824,268.0,292,14.0,9,9.0,1.0,67592.5,63014.0,5,0,4578.5
436.0,20220618,301.0,166,11.0,4,13.0,1.0,61967.2,52064.0,20,0,9903.199999999997
437.0,20230309,223.0,173,33.0,9,13.0,1.0,59765.45,57589.0,5,1,2176.449999999997
438.0,20200111,492.0,203,6.0,6,8.0,1.0,38253.65,50154.0,5,1,-11900.349999999999
439.0,20241218,352.0,199,32.0,14,10.0,1.0,87582.4,77865.0,5,0,9717.399999999994
440.0,20210618,175.0,256,20.0,6,7.0,1.0,51144.5,52255.0,15,1,-1110.5
441.0,20221025,265.0,208,28.0,13,6.0,1.0,66170.8,61859.0,15,0,4311.800000000003
442.0,20220731,498.0,41,19.0,15,6.0,1.0,92160.0,77685.0,0,0,14475.0
443.0,20200621,130.0,151,48.0,4,9.0,1.0,74044.0,32334.0,0,1,41710.0
444.0,20200215,253.0,269,41.0,4,3.0,1.0,67440.6,39617.0,10,0,27823.600000000006
445.0,20200111,41.0,277,26.0,6,7.0,1.0,76137.75,78946.0,5,1,-2808.25
446.0,20211210,67.0,10,1.0,18,14.0,1.0,48063.25,69009.0,15,1,-20945.75
447.0,20230302,256.0,293,10.0,11,7.0,1.0,46005.4,49925.0,15,0,-3919.5999999999985
448.0,20240426,499.0,64,27.0,13,6.0,1.0,85257.0,40427.0,0,0,44830.0
449.0,20210121,325.0,231,42.0,6,11.0,1.0,65410.0,79999.0,0,0,-14589.0
450.0,,318.0,210,33.0,12,6.0,1.0,92511.0,35961.0,5,1,56550.0
451.0,20231028,480.0,296,30.0,4,11.0,1.0,65478.05,62782.0,15,0,2696.050000000003
452.0,20240118,442.0,274,7.0,13,3.0,1.0,52932.6,32615.0,10,0,20317.6
453.0,20200223,468.0,38,3.0,15,4.0,1.0,51003.0,59142.0,10,0,-8139.0
454.0,20230620,158.0,66,24.0,10,15.0,1.0,69560.9,43871.0,5,0,25689.899999999994
455.0,20221018,301.0,247,50.0,8,8.0,1.0,38822.4,50270.0,20,0,-11447.599999999999
456.0,20230601,431.0,260,46.0,6,5.0,1.0,41424.8,46036.0,20,1,-4611.199999999997
457.0,20200723,376.0,125,29.0,3,9.0,1.0,69419.2,50896.0,20,1,18523.199999999997
458.0,20231020,292.0,234,35.0,17,9.0,1.0,53337.60000000001,63245.0,20,1,-9907.399999999987
459.0,20221024,388.0,84,49.0,18,5.0,1.0,72018.0,71804.0,10,0,214.0
460.0,20201023,351.0,81,17.0,20,5.0,1.0,70044.3,61049.0,10,0,8995.300000000003
461.0,20211029,162.0,207,2.0,7,9.0,1.0,38601.6,76159.0,20,0,-37557.4
462.0,20220616,317.0,167,4.0,20,15.0,1.0,89711.1,48359.0,10,1,41352.100000000006
463.0,20240501,384.0,294,50.0,9,8.0,1.0,80740.5,65821.0,5,1,14919.5
464.0,20210801,236.0,12,28.0,17,10.0,1.0,35055.0,64629.0,10,0,-29574.0
465.0,20221216,290.0,45,42.0,5,13.0,1.0,79291.4,59575.0,15,1,19716.399999999994
466.0,20240515,151.0,78,12.0,7,3.0,1.0,36000.8,67804.0,20,1,-31803.199999999997
467.0,20210225,446.0,139,29.0,15,13.0,1.0,31166.1,54583.0,15,0,-23416.9
468.0,20241022,497.0,184,1.0,17,2.0,1.0,46557.0,61324.0,10,1,-14767.0
469.0,20241109,34.0,9,31.0,17,12.0,1.0,39046.5,30607.0,10,1,8439.5
470.0,20240214,81.0,57,22.0,9,14.0,1.0,89841.5,54456.0,5,0,35385.5
471.0,20230906,194.0,215,31.0,20,9.0,1.0,82042.2,38808.0,10,0,43234.2
472.0,20230930,50.0,67,43.0,8,10.0,1.0,41095.2,36896.0,20,0,4199.199999999997
473.0,20241022,137.0,18,1.0,8,6.0,1.0,85259.65,32235.0,5,0,53024.649999999994
474.0,20240520,296.0,226,22.0,18,6.0,1.0,72754.9,61939.0,15,0,10815.899999999994
475.0,20221212,65.0,152,15.0,13,10.0,1.0,44618.65,63077.0,5,1,-18458.35
476.0,20220816,272.0,192,19.0,7,6.0,1.0,86686.55,57788.0,5,0,28898.550000000003
477.0,20240126,39.0,74,18.0,8,12.0,1.0,38137.6,68759.0,20,0,-30621.4
478.0,20220220,228.0,160,49.0,20,14.0,1.0,75318.3,65471.0,10,1,9847.300000000003
479.0,20200127,300.0,186,43.0,9,2.0,1.0,70550.84999999999,77451.0,15,1,-6900.150000000009
480.0,20250130,,288,999.0,4,12.0,1.0,73688.0,37064.0,0,0,36624.0
481.0,20211026,226.0,291,16.0,9,8.0,1.0,58432.5,77779.0,10,0,-19346.5
482.0,20241019,286.0,181,12.0,13,12.0,1.0,65370.95,35926.0,15,1,29444.949999999997
483.0,20200929,459.0,298,46.0,20,15.0,1.0,34793.05,36118.0,15,1,-1324.949999999997
484.0,20220428,418.0,281,16.0,7,9.0,1.0,51087.2,44800.0,20,0,6287.199999999997
485.0,20240711,96.0,190,46.0,18,14.0,1.0,40944.0,76034.0,20,1,-35090.0
486.0,20240112,360.0,255,10.0,2,5.0,1.0,62092.8,66634.0,20,1,-4541.199999999997
487.0,20240204,15.0,276,8.0,1,3.0,1.0,52827.6,68461.0,5,1,-15633.400000000001
488.0,20200704,389.0,46,46.0,4,3.0,1.0,42292.8,52498.0,10,0,-10205.199999999997
489.0,20201219,332.0,32,37.0,11,4.0,1.0,28244.0,30824.0,20,0,-2580.0
490.0,,500.0,91,12.0,10,8.0,1.0,91464.09999999999,50425.0,5,0,41039.09999999999
491.0,20230920,472.0,284,31.0,13,11.0,1.0,78335.1,42343.0,10,0,35992.100000000006
492.0,20210120,360.0,150,32.0,11,2.0,1.0,37652.4,62193.0,10,0,-24540.6
493.0,20240102,293.0,97,12.0,2,4.0,1.0,68697.84999999999,74638.0,15,1,-5940.150000000009
494.0,20220418,8.0,170,37.0,8,12.0,1.0,74239.0,39284.0,0,0,34955.0
495.0,,143.0,203,21.0,16,5.0,1.0,80007.95,40415.0,15,0,39592.95
496.0,20230614,292.0,285,49.0,2,6.0,1.0,42486.4,37301.0,15,0,5185.4000000000015
497.0,20211118,394.0,79,5.0,13,11.0,1.0,51548.25,33698.0,15,1,17850.25
498.0,20240423,432.0,30,1.0,4,10.0,1.0,44403.0,32518.0,0,0,11885.0
499.0,20241211,19.0,231,41.0,12,3.0,1.0,63141.3,59767.0,10,0,3374.300000000003
500.0,20200929,154.0,278,24.0,15,12.0,1.0,52147.2,57376.0,20,1,-5228.800000000003
501.0,20221125,112.0,192,14.0,10,7.0,1.0,61410.85,72745.0,5,0,-11334.150000000001
502.0,20211109,106.0,102,6.0,20,14.0,1.0,75000.0,50723.0,0,1,24277.0
503.0,20230224,104.0,299,35.0,5,9.0,1.0,38652.05,66823.0,15,0,-28170.949999999997
504.0,20200623,435.0,196,43.0,6,15.0,1.0,65232.0,68331.0,10,1,-3099.0
505.0,20231205,154.0,43,21.0,17,5.0,1.0,42825.6,46561.0,10,0,-3735.4000000000015
506.0,20200928,21.0,6,33.0,9,6.0,1.0,33622.2,55453.0,10,0,-21830.800000000003
507.0,20201115,137.0,66,47.0,8,10.0,1.0,74395.4,67480.0,15,0,6915.399999999994
508.0,20210812,341.0,47,46.0,11,12.0,1.0,48284.0,35204.0,20,0,13080.0
509.0,20210528,95.0,295,41.0,19,14.0,1.0,54777.6,40644.0,10,0,14133.599999999999
510.0,20250130,336.0,253,44.0,3,12.0,1.0,71283.6,78776.0,10,0,-7492.399999999994
511.0,20200220,416.0,280,10.0,13,14.0,1.0,53444.14999999999,60254.0,5,0,-6809.850000000013
512.0,20210124,446.0,95,20.0,1,8.0,1.0,38368.0,52106.0,20,0,-13738.0
513.0,20230511,486.0,245,20.0,10,3.0,1.0,28679.2,62145.0,20,1,-33465.8
514.0,20231221,414.0,190,13.0,9,10.0,1.0,69251.2,61207.0,20,1,8044.199999999997
515.0,20210402,251.0,165,50.0,7,11.0,1.0,85949.0,55531.0,0,1,30418.0
516.0,20201022,248.0,103,1.0,8,5.0,1.0,53511.0,63038.0,0,1,-9527.0
517.0,20200910,216.0,81,38.0,20,1.0,1.0,73158.3,42961.0,10,0,30197.300000000003
518.0,20211123,162.0,18,16.0,5,2.0,1.0,37543.65,34449.0,15,1,3094.6500000000015
519.0,20201108,206.0,230,3.0,1,14.0,1.0,67970.59999999999,74795.0,5,0,-6824.400000000009
520.0,20220324,388.0,213,6.0,16,4.0,1.0,69530.5,45040.0,5,0,24490.5
521.0,20210113,382.0,104,39.0,10,2.0,1.0,77628.0,37809.0,0,1,39819.0
522.0,20220726,478.0,156,14.0,1,7.0,1.0,44247.2,31560.0,20,0,12687.199999999997
523.0,20200604,246.0,26,14.0,6,5.0,1.0,83294.05,67231.0,15,0,16063.050000000003
524.0,20240206,18.0,16,45.0,18,12.0,1.0,76514.9,67996.0,5,1,8518.899999999994
525.0,20241123,194.0,212,16.0,9,10.0,1.0,41041.4,61402.0,15,1,-20360.6
526.0,20240420,360.0,189,26.0,12,5.0,1.0,53217.1,39548.0,5,0,13669.099999999999
527.0,20240813,254.0,171,9.0,20,7.0,1.0,44506.0,70964.0,0,0,-26458.0
528.0,20201114,267.0,85,27.0,13,14.0,1.0,65818.84999999999,55884.0,5,0,9934.849999999991
529.0,20220102,497.0,208,17.0,7,11.0,1.0,36493.9,49384.0,15,1,-12890.099999999999
530.0,20231103,176.0,245,50.0,9,8.0,1.0,37034.0,53035.0,0,1,-16001.0
531.0,20200521,389.0,49,1.0,15,9.0,1.0,67655.2,50303.0,5,0,17352.199999999997
532.0,20240507,199.0,90,32.0,5,12.0,1.0,76009.5,37187.0,5,0,38822.5
533.0,20200309,94.0,60,35.0,14,5.0,1.0,73998.45,54030.0,15,0,19968.449999999997
534.0,20230220,34.0,71,43.0,12,1.0,1.0,67238.15,73244.0,5,1,-6005.850000000006
535.0,20220305,383.0,269,31.0,7,9.0,1.0,70007.2,61482.0,20,0,8525.199999999997
536.0,20230526,342.0,85,13.0,2,14.0,1.0,60137.85,79307.0,5,0,-19169.15
537.0,20221113,315.0,16,39.0,15,8.0,1.0,45393.4,55773.0,15,0,-10379.599999999999
538.0,20210127,302.0,273,37.0,8,14.0,1.0,61787.7,68956.0,10,0,-7168.300000000003
539.0,20220206,136.0,186,41.0,10,4.0,1.0,70113.09999999999,37681.0,15,0,32432.09999999999
540.0,,291.0,37,999.0,9,4.0,1.0,79392.6,42381.0,10,1,37011.600000000006
541.0,20241230,322.0,72,48.0,18,11.0,1.0,56756.0,37042.0,20,1,19714.0
542.0,20200705,320.0,293,35.0,8,10.0,1.0,44604.8,68280.0,20,0,-23675.199999999997
543.0,20231230,249.0,85,15.0,19,8.0,1.0,53992.0,50217.0,15,1,3775.0
544.0,20211224,436.0,269,26.0,5,7.0,1.0,53497.8,43465.0,10,1,10032.800000000003
545.0,20220120,119.0,12,17.0,15,15.0,1.0,74213.1,58592.0,10,0,15621.100000000006
546.0,20201207,438.0,82,12.0,10,9.0,1.0,44766.0,59694.0,0,1,-14928.0
547.0,20211028,27.0,9,35.0,15,14.0,1.0,40978.25,64993.0,5,0,-24014.75
548.0,20201005,11.0,68,39.0,4,1.0,1.0,73389.6,41478.0,10,0,31911.600000000006
549.0,20210905,347.0,296,39.0,20,6.0,1.0,39811.0,43558.0,0,1,-3747.0
550.0,20200415,9.0,72,14.0,13,4.0,1.0,56865.85,46575.0,15,1,10290.849999999999
551.0,20240304,460.0,222,11.0,11,12.0,1.0,46480.0,34440.0,20,1,12040.0
552.0,20240816,112.0,178,3.0,15,7.0,1.0,83612.7,38080.0,10,0,45532.7
553.0,20200102,370.0,142,28.0,19,2.0,1.0,59297.1,42746.0,5,0,16551.1
554.0,20220607,248.0,41,50.0,11,8.0,1.0,50999.4,78635.0,10,1,-27635.6
555.0,20200615,256.0,55,26.0,18,4.0,1.0,76667.84999999999,36461.0,5,0,40206.84999999999
556.0,20230604,340.0,213,28.0,16,13.0,1.0,87982.34999999999,61884.0,5,1,26098.34999999999
557.0,20201204,304.0,277,44.0,5,15.0,1.0,33427.8,41637.0,10,1,-8209.199999999997
558.0,20230527,299.0,201,50.0,20,4.0,1.0,58769.1,34256.0,10,1,24513.1
559.0,20220708,341.0,206,38.0,5,3.0,1.0,77032.65,39746.0,5,0,37286.649999999994
560.0,,,210,5.0,6,7.0,1.0,55924.6,32217.0,5,0,23707.6
561.0,20210218,495.0,217,16.0,11,12.0,1.0,63563.55,36109.0,5,0,27454.550000000003
562.0,20200401,324.0,248,3.0,17,5.0,1.0,54543.6,64791.0,10,1,-10247.400000000001
563.0,20210330,495.0,162,1.0,19,14.0,1.0,80128.65,73806.0,15,1,6322.649999999994
564.0,20230817,25.0,157,44.0,11,4.0,1.0,60986.65,55495.0,15,1,5491.6500000000015
565.0,20210101,384.0,105,1.0,3,2.0,1.0,65346.3,65958.0,15,1,-611.6999999999971
566.0,20240330,428.0,48,34.0,6,11.0,1.0,35241.3,35663.0,10,1,-421.6999999999971
567.0,20230923,406.0,248,13.0,7,15.0,1.0,53256.6,72108.0,10,0,-18851.4
568.0,20210823,429.0,267,21.0,11,1.0,1.0,84911.0,77572.0,0,1,7339.0
569.0,20200820,494.0,39,6.0,10,2.0,1.0,33041.7,31489.0,10,0,1552.699999999997
570.0,20250130,64.0,142,6.0,13,3.0,1.0,41582.0,49499.0,0,1,-7917.0
571.0,20220415,302.0,278,14.0,19,1.0,1.0,61999.2,42132.0,20,0,19867.199999999997
572.0,20230820,374.0,199,40.0,19,10.0,1.0,80483.09999999999,56970.0,15,1,23513.09999999999
573.0,20220426,303.0,128,1.0,7,2.0,1.0,39341.7,55868.0,10,1,-16526.300000000003
574.0,20220606,371.0,141,28.0,8,8.0,1.0,86675.15,73637.0,5,1,13038.149999999994
575.0,20231110,31.0,148,42.0,3,14.0,1.0,62736.3,79979.0,10,1,-17242.699999999997
576.0,20200211,494.0,9,43.0,17,2.0,1.0,47441.60000000001,77267.0,20,0,-29825.399999999987
577.0,20231003,461.0,2,45.0,4,14.0,1.0,37823.2,42675.0,20,0,-4851.800000000003
578.0,20220424,195.0,242,27.0,3,9.0,1.0,80202.0,31076.0,0,1,49126.0
579.0,20220901,281.0,19,39.0,8,12.0,1.0,51601.5,36126.0,10,0,15475.5
580.0,20210129,357.0,52,48.0,12,3.0,1.0,91440.34999999999,52869.0,5,1,38571.34999999999
581.0,20200116,92.0,231,5.0,10,3.0,1.0,76124.7,71099.0,10,1,5025.699999999997
582.0,20220520,432.0,213,39.0,17,3.0,1.0,74337.6,66372.0,20,0,7965.600000000006
583.0,20230108,162.0,275,38.0,4,15.0,1.0,66467.7,75892.0,5,0,-9424.300000000003
584.0,20200526,26.0,48,41.0,7,7.0,1.0,72576.8,62145.0,20,1,10431.800000000003
585.0,,236.0,14,42.0,16,12.0,1.0,45105.05,75085.0,5,0,-29979.949999999997
586.0,20200223,345.0,76,31.0,10,1.0,1.0,37212.8,39868.0,20,1,-2655.199999999997
587.0,20240809,454.0,265,43.0,9,3.0,1.0,35825.6,57064.0,20,1,-21238.4
588.0,20230705,366.0,286,34.0,2,12.0,1.0,47295.9,33978.0,10,0,13317.900000000001
589.0,20241206,281.0,33,20.0,10,7.0,1.0,71792.45,56219.0,5,1,15573.449999999997
590.0,20210824,271.0,237,47.0,2,4.0,1.0,54045.0,79653.0,0,0,-25608.0
591.0,20210223,158.0,56,44.0,2,15.0,1.0,85033.55,69983.0,5,1,15050.550000000003
592.0,20210319,182.0,114,38.0,4,3.0,1.0,78692.15,77267.0,15,0,1425.1499999999942
593.0,20240513,21.0,255,2.0,1,7.0,1.0,93446.0,64371.0,0,0,29075.0
594.0,20241118,269.0,255,20.0,12,9.0,1.0,59968.0,54111.0,20,1,5857.0
595.0,20200315,116.0,72,27.0,15,12.0,1.0,45663.3,34816.0,10,1,10847.300000000003
596.0,20220302,482.0,220,25.0,7,3.0,1.0,82327.59999999999,32762.0,15,1,49565.59999999999
597.0,20210510,109.0,221,17.0,18,5.0,1.0,50254.4,61802.0,20,1,-11547.599999999999
598.0,20230302,230.0,271,45.0,2,10.0,1.0,43135.0,77438.0,0,0,-34303.0
599.0,20230303,94.0,294,37.0,18,2.0,1.0,40062.6,49369.0,10,1,-9306.400000000001
600.0,20250130,159.0,56,999.0,2,11.0,1.0,71690.0,66956.0,0,1,4734.0
601.0,20231124,214.0,117,23.0,18,10.0,1.0,62459.2,39078.0,20,0,23381.199999999997
602.0,20230316,412.0,137,7.0,7,6.0,1.0,95519.0,34771.0,0,1,60748.0
603.0,20200602,137.0,21,4.0,20,2.0,1.0,60285.1,63678.0,5,0,-3392.9000000000015
604.0,20210327,497.0,143,27.0,17,11.0,1.0,82395.0,41612.0,10,1,40783.0
605.0,20200216,226.0,207,11.0,16,7.0,1.0,78349.59999999999,78880.0,15,0,-530.4000000000087
606.0,20200101,135.0,68,11.0,3,7.0,1.0,70696.0,60617.0,0,1,10079.0
607.0,20210825,423.0,193,21.0,19,9.0,1.0,52340.0,50125.0,0,0,2215.0
608.0,20200728,142.0,204,41.0,6,11.0,1.0,43852.95,63645.0,5,1,-19792.050000000003
609.0,20231026,215.0,277,38.0,15,15.0,1.0,72514.0,45001.0,0,0,27513.0
610.0,20230109,207.0,2,44.0,11,8.0,1.0,57891.0,71233.0,0,0,-13342.0
611.0,20240112,77.0,234,22.0,1,10.0,1.0,82701.0,65830.0,10,0,16871.0
612.0,20230614,67.0,178,31.0,18,8.0,1.0,45377.1,41733.0,10,1,3644.0999999999985
613.0,20231029,315.0,295,34.0,16,11.0,1.0,45462.25,67801.0,5,1,-22338.75
614.0,20230430,453.0,234,12.0,11,7.0,1.0,81710.45,41528.0,5,1,40182.45
615.0,20211204,314.0,295,49.0,3,7.0,1.0,49482.64999999999,40775.0,5,1,8707.649999999987
616.0,20210404,302.0,55,21.0,13,1.0,1.0,92785.55,47226.0,5,1,45559.55
617.0,20210218,450.0,268,30.0,10,2.0,1.0,57812.25,43774.0,5,0,14038.25
618.0,20230223,454.0,163,40.0,12,1.0,1.0,68701.6,32306.0,20,0,36395.600000000006
619.0,20201010,245.0,286,29.0,11,8.0,1.0,34942.5,57268.0,10,0,-22325.5
620.0,20201115,458.0,187,9.0,3,13.0,1.0,88572.6,37776.0,10,1,50796.600000000006
621.0,20230416,332.0,163,20.0,14,10.0,1.0,41118.75,64195.0,15,1,-23076.25
622.0,20240908,354.0,212,35.0,3,2.0,1.0,92377.05,43706.0,5,1,48671.05
623.0,20221128,431.0,5,35.0,18,12.0,1.0,82025.0,43366.0,0,0,38659.0
624.0,20200418,93.0,137,36.0,17,9.0,1.0,38867.35,70541.0,5,0,-31673.65
625.0,20230804,331.0,227,7.0,19,5.0,1.0,69151.45,40170.0,5,1,28981.449999999997
626.0,20230315,74.0,277,26.0,15,6.0,1.0,69519.6,77499.0,10,0,-7979.399999999994
627.0,20201010,488.0,299,8.0,8,10.0,1.0,45359.2,33633.0,20,0,11726.199999999997
628.0,20210429,67.0,28,14.0,15,11.0,1.0,59801.60000000001,62043.0,20,1,-2241.399999999987
629.0,20230921,429.0,42,42.0,7,1.0,1.0,97527.0,40682.0,0,1,56845.0
630.0,,335.0,213,10.0,13,2.0,1.0,37836.9,37547.0,15,0,289.90000000000146
631.0,20230317,339.0,207,40.0,11,4.0,1.0,70024.7,38912.0,15,1,31112.699999999997
632.0,20240916,7.0,52,19.0,11,14.0,1.0,62860.8,67776.0,20,1,-4915.199999999997
633.0,20220304,496.0,292,23.0,5,5.0,1.0,40636.25,59735.0,5,1,-19098.75
634.0,20241031,483.0,64,47.0,6,10.0,1.0,38952.0,48214.0,0,0,-9262.0
635.0,20220625,441.0,4,28.0,13,10.0,1.0,52920.9,70379.0,10,1,-17458.1
636.0,20220928,89.0,223,29.0,1,3.0,1.0,41293.0,32538.0,15,0,8755.0
637.0,20200407,265.0,56,46.0,4,14.0,1.0,58216.5,56777.0,10,1,1439.5
638.0,20200903,142.0,101,17.0,15,9.0,1.0,58287.0,74326.0,0,1,-16039.0
639.0,20211107,412.0,224,27.0,2,11.0,1.0,28994.4,61129.0,20,1,-32134.6
640.0,20200327,,130,16.0,19,5.0,1.0,71020.0,34452.0,20,0,36568.0
641.0,20210810,302.0,34,7.0,10,1.0,1.0,71523.25,66473.0,15,0,5050.25
642.0,20200804,120.0,149,30.0,14,2.0,1.0,38948.7,47308.0,15,1,-8359.300000000003
643.0,20221231,341.0,293,35.0,18,3.0,1.0,78757.84999999999,31468.0,5,0,47289.84999999999
644.0,20230504,451.0,6,13.0,11,7.0,1.0,66084.0,57445.0,0,0,8639.0
645.0,20240606,479.0,217,46.0,9,10.0,1.0,32536.3,71640.0,15,1,-39103.7
646.0,20230606,23.0,115,25.0,2,7.0,1.0,76942.0,49192.0,0,1,27750.0
647.0,20241207,78.0,198,26.0,1,7.0,1.0,41035.25,65829.0,5,0,-24793.75
648.0,20210117,78.0,154,47.0,4,4.0,1.0,61698.0,76840.0,0,0,-15142.0
649.0,20220820,262.0,155,37.0,7,13.0,1.0,31507.8,72617.0,15,0,-41109.2
650.0,20240915,34.0,276,27.0,9,6.0,1.0,33080.0,39532.0,20,1,-6452.0
651.0,20240119,202.0,128,4.0,11,10.0,1.0,53628.45,35917.0,5,1,17711.449999999997
652.0,20230512,245.0,243,38.0,14,1.0,1.0,43595.65,50603.0,15,0,-7007.3499999999985
653.0,20220930,305.0,193,20.0,14,13.0,1.0,73711.15,51422.0,15,1,22289.149999999994
654.0,20230719,293.0,15,19.0,6,6.0,1.0,72788.8,38572.0,20,0,34216.8
655.0,20231223,28.0,151,7.0,11,2.0,1.0,85056.0,38803.0,0,1,46253.0
656.0,20240111,258.0,56,1.0,3,7.0,1.0,83087.1,42837.0,10,0,40250.100000000006
657.0,20221118,218.0,129,23.0,13,3.0,1.0,74527.2,68583.0,10,1,5944.199999999997
658.0,20240425,356.0,17,13.0,7,9.0,1.0,35635.2,78481.0,20,0,-42845.8
659.0,20230527,252.0,151,46.0,6,13.0,1.0,67912.45,54871.0,15,0,13041.449999999997
660.0,20250130,131.0,118,999.0,10,8.0,1.0,78831.55,45041.0,15,0,33790.55
661.0,20210508,264.0,185,36.0,16,11.0,1.0,31457.6,75117.0,20,1,-43659.4
662.0,20231226,492.0,80,15.0,15,5.0,1.0,50323.39999999999,36858.0,5,1,13465.399999999987
663.0,20200131,426.0,78,10.0,6,3.0,1.0,94475.59999999999,43768.0,5,1,50707.59999999999
664.0,20230206,33.0,261,6.0,10,5.0,1.0,79737.3,35479.0,10,0,44258.3
665.0,20240229,44.0,71,1.0,1,10.0,1.0,40810.2,30239.0,15,0,10571.199999999997
666.0,20240430,11.0,38,21.0,10,10.0,1.0,84718.65,44732.0,15,1,39986.649999999994
667.0,20200303,189.0,194,34.0,18,6.0,1.0,40272.0,64600.0,20,0,-24328.0
668.0,20201012,433.0,65,20.0,18,2.0,1.0,61908.9,64208.0,15,1,-2299.0999999999985
669.0,20220611,498.0,71,39.0,18,5.0,1.0,82884.65,74104.0,5,1,8780.649999999994
670.0,20240827,245.0,188,10.0,14,1.0,1.0,44722.4,32973.0,20,1,11749.400000000001
671.0,20231111,33.0,88,6.0,11,5.0,1.0,63787.4,66699.0,15,1,-2911.5999999999985
672.0,20240303,215.0,31,12.0,15,6.0,1.0,44331.75,70004.0,5,0,-25672.25
673.0,20220426,226.0,221,19.0,17,10.0,1.0,32540.8,72837.0,20,0,-40296.2
674.0,20210330,212.0,212,3.0,3,11.0,1.0,46524.35,35416.0,5,1,11108.349999999999
675.0,,110.0,173,36.0,14,15.0,1.0,67076.8,32550.0,20,1,34526.8
676.0,20220115,281.0,71,40.0,2,7.0,1.0,77122.9,48133.0,5,1,28989.899999999994
677.0,20240707,423.0,22,44.0,17,5.0,1.0,55524.55,36561.0,15,0,18963.550000000003
678.0,20200610,360.0,120,1.0,15,6.0,1.0,46943.0,38862.0,0,1,8081.0
679.0,20210417,477.0,17,46.0,5,11.0,1.0,90346.0,42534.0,0,1,47812.0
680.0,20230901,148.0,2,35.0,20,6.0,1.0,54553.60000000001,32988.0,20,0,21565.600000000013
681.0,20230124,280.0,76,37.0,19,7.0,1.0,61467.75,61909.0,15,0,-441.25
682.0,20201125,357.0,112,22.0,16,11.0,1.0,54657.9,30182.0,10,0,24475.9
683.0,20240218,109.0,55,22.0,5,13.0,1.0,81036.0,67531.0,0,0,13505.0
684.0,20211115,457.0,212,1.0,15,13.0,1.0,48582.4,55167.0,20,0,-6584.5999999999985
685.0,20210607,231.0,160,23.0,1,8.0,1.0,74165.9,41742.0,15,0,32423.899999999994
686.0,20231106,65.0,116,34.0,20,6.0,1.0,69694.40000000001,72404.0,20,1,-2709.5999999999913
687.0,20230126,58.0,42,31.0,2,7.0,1.0,55092.8,66438.0,20,0,-11345.199999999997
688.0,20210531,298.0,50,15.0,7,2.0,1.0,64010.7,41641.0,10,1,22369.699999999997
689.0,20220105,336.0,296,9.0,2,14.0,1.0,46190.9,71552.0,5,0,-25361.1
690.0,20250130,191.0,25,30.0,20,10.0,1.0,46057.60000000001,33764.0,20,1,12293.600000000013
691.0,20230308,37.0,153,25.0,18,2.0,1.0,48686.55,47279.0,5,0,1407.550000000003
692.0,20220312,8.0,21,20.0,2,4.0,1.0,52831.8,53727.0,10,0,-895.1999999999971
693.0,20210629,116.0,86,27.0,10,11.0,1.0,38757.15,37698.0,5,1,1059.1500000000015
694.0,20221224,263.0,76,12.0,8,4.0,1.0,54344.75,66680.0,5,1,-12335.25
695.0,20210212,487.0,271,30.0,19,6.0,1.0,57555.75,77694.0,5,0,-20138.25
696.0,20230505,439.0,107,6.0,1,3.0,1.0,63083.7,31450.0,10,0,31633.699999999997
697.0,20240611,196.0,233,35.0,10,15.0,1.0,40878.5,55218.0,5,0,-14339.5
698.0,20240203,155.0,113,10.0,4,9.0,1.0,70463.3,74974.0,15,1,-4510.699999999997
699.0,20210331,144.0,91,34.0,7,15.0,1.0,57447.25,37368.0,15,0,20079.25
700.0,,221.0,240,21.0,18,1.0,1.0,91301.65,58791.0,5,1,32510.649999999994
701.0,20230628,350.0,100,13.0,3,6.0,1.0,62706.6,56083.0,10,0,6623.5999999999985
702.0,20210811,201.0,177,39.0,15,6.0,1.0,65397.3,39881.0,15,0,25516.300000000003
703.0,20240826,401.0,45,39.0,15,14.0,1.0,94022.45,66125.0,5,1,27897.449999999997
704.0,20210305,252.0,286,29.0,13,4.0,1.0,81771.25,46926.0,5,1,34845.25
705.0,20240902,365.0,178,42.0,6,15.0,1.0,50751.8,33746.0,15,1,17005.800000000003
706.0,20201223,332.0,54,43.0,18,7.0,1.0,77808.0,37997.0,0,0,39811.0
707.0,20230305,205.0,142,47.0,3,13.0,1.0,70409.7,71039.0,10,1,-629.3000000000029
708.0,20201005,292.0,281,1.0,6,12.0,1.0,51621.0,31190.0,0,1,20431.0
709.0,20230828,104.0,233,50.0,16,7.0,1.0,93536.0,62148.0,0,0,31388.0
710.0,20200904,296.0,293,8.0,17,10.0,1.0,37023.0,42345.0,0,1,-5322.0
711.0,20210925,179.0,246,20.0,10,15.0,1.0,55065.0,55928.0,0,0,-863.0
712.0,20200813,456.0,209,12.0,13,15.0,1.0,66750.40000000001,68591.0,20,0,-1840.5999999999913
713.0,20221210,357.0,239,16.0,14,10.0,1.0,52256.8,40557.0,20,0,11699.800000000003
714.0,20210806,314.0,153,16.0,4,4.0,1.0,60085.60000000001,50011.0,20,0,10074.600000000013
715.0,20240408,136.0,257,45.0,1,1.0,1.0,35521.5,40334.0,15,0,-4812.5
716.0,20240812,437.0,300,10.0,14,1.0,1.0,68531.09999999999,48228.0,5,0,20303.09999999999
717.0,20210615,55.0,271,17.0,14,12.0,1.0,86938.2,66397.0,10,1,20541.199999999997
718.0,20230920,38.0,209,7.0,9,8.0,1.0,37600.0,49185.0,20,0,-11585.0
719.0,20201113,346.0,144,20.0,15,4.0,1.0,31376.8,48746.0,20,0,-17369.2
720.0,,,144,999.0,6,1.0,1.0,87548.2,77830.0,5,1,9718.199999999997
721.0,20240317,206.0,102,28.0,15,14.0,1.0,77701.5,58034.0,10,1,19667.5
722.0,20200705,89.0,298,19.0,5,8.0,1.0,77873.4,47750.0,5,0,30123.399999999994
723.0,20201111,68.0,280,25.0,20,13.0,1.0,64414.7,36938.0,15,0,27476.699999999997
724.0,20200406,447.0,176,7.0,7,2.0,1.0,60883.2,46325.0,20,0,14558.199999999997
725.0,20200727,121.0,38,39.0,4,3.0,1.0,55196.89999999999,39899.0,5,1,15297.899999999987
726.0,20240224,253.0,94,42.0,13,12.0,1.0,46544.0,54620.0,0,0,-8076.0
727.0,20221014,104.0,266,40.0,12,5.0,1.0,28540.8,40892.0,20,0,-12351.2
728.0,20240715,219.0,95,23.0,1,10.0,1.0,42813.65,67174.0,5,1,-24360.35
729.0,20220602,372.0,211,40.0,15,7.0,1.0,51014.0,58566.0,0,1,-7552.0
730.0,20230107,264.0,276,24.0,5,3.0,1.0,39597.25,35485.0,15,0,4112.25
731.0,20240830,206.0,285,41.0,13,6.0,1.0,30232.0,30062.0,20,1,170.0
732.0,20200403,199.0,223,12.0,5,5.0,1.0,83596.2,58581.0,5,0,25015.199999999997
733.0,20240219,408.0,229,28.0,18,12.0,1.0,40153.65,43052.0,5,0,-2898.3499999999985
734.0,20230913,179.0,97,36.0,17,13.0,1.0,74467.2,46008.0,20,0,28459.199999999997
735.0,20220720,231.0,125,35.0,3,2.0,1.0,89290.5,56706.0,5,0,32584.5
736.0,20221006,495.0,103,46.0,20,7.0,1.0,83311.0,60217.0,0,0,23094.0
737.0,20230915,323.0,39,35.0,4,8.0,1.0,76506.34999999999,62975.0,5,0,13531.349999999991
738.0,20230710,367.0,197,15.0,20,11.0,1.0,55188.0,43378.0,0,0,11810.0
739.0,20231105,454.0,211,44.0,1,10.0,1.0,57487.2,31415.0,20,1,26072.199999999997
740.0,20241128,489.0,125,21.0,10,1.0,1.0,53961.3,37000.0,10,0,16961.300000000003
741.0,20211106,455.0,205,36.0,17,8.0,1.0,52649.1,46558.0,10,0,6091.0999999999985
742.0,20200205,122.0,77,50.0,13,15.0,1.0,51843.6,74542.0,10,1,-22698.4
743.0,20241224,134.0,27,49.0,2,12.0,1.0,87667.0,72122.0,0,1,15545.0
744.0,20201007,152.0,176,40.0,5,6.0,1.0,37646.5,54761.0,15,0,-17114.5
745.0,20201215,438.0,151,15.0,10,2.0,1.0,66943.65,49895.0,5,0,17048.649999999994
746.0,20201117,251.0,53,50.0,3,7.0,1.0,42401.7,73149.0,10,0,-30747.300000000003
747.0,20221219,127.0,157,5.0,16,14.0,1.0,56475.0,62922.0,0,1,-6447.0
748.0,20211113,133.0,110,17.0,19,4.0,1.0,49603.45,37804.0,15,0,11799.449999999997
749.0,20200120,100.0,103,31.0,6,5.0,1.0,56046.4,63163.0,20,0,-7116.5999999999985
750.0,20250130,33.0,157,44.0,4,5.0,1.0,32534.6,63545.0,15,1,-31010.4
751.0,20200817,377.0,34,40.0,14,1.0,1.0,69620.8,71229.0,20,0,-1608.199999999997
752.0,20240814,117.0,210,24.0,17,13.0,1.0,81995.25,78242.0,15,1,3753.25
753.0,20211104,179.0,226,1.0,20,13.0,1.0,76897.0,42290.0,0,0,34607.0
754.0,20240220,106.0,94,22.0,8,13.0,1.0,58309.60000000001,35368.0,20,0,22941.600000000013
755.0,20231010,432.0,162,1.0,11,7.0,1.0,76156.0,35860.0,0,0,40296.0
756.0,20210803,295.0,243,7.0,19,6.0,1.0,37769.0,57957.0,0,0,-20188.0
757.0,20230707,366.0,106,23.0,20,6.0,1.0,54720.0,52851.0,20,1,1869.0
758.0,20240912,385.0,172,44.0,13,9.0,1.0,39554.2,37581.0,5,0,1973.199999999997
759.0,20211116,15.0,3,40.0,14,9.0,1.0,35550.9,46805.0,10,0,-11254.099999999999
760.0,20220717,500.0,1,7.0,7,2.0,1.0,50004.0,61890.0,20,0,-11886.0
761.0,20240829,163.0,254,49.0,20,14.0,1.0,86853.6,48233.0,10,0,38620.600000000006
762.0,20230828,70.0,218,32.0,10,12.0,1.0,43479.0,32301.0,10,0,11178.0
763.0,20210625,120.0,49,9.0,14,13.0,1.0,87623.25,71740.0,5,0,15883.25
764.0,20240518,35.0,237,14.0,16,4.0,1.0,64183.2,76352.0,20,0,-12168.800000000003
765.0,,248.0,279,32.0,6,5.0,1.0,48414.0,56664.0,0,0,-8250.0
766.0,20200424,356.0,27,35.0,2,15.0,1.0,46642.15,55000.0,5,0,-8357.849999999999
767.0,20200223,172.0,101,16.0,1,13.0,1.0,47185.2,69643.0,15,1,-22457.800000000003
768.0,20221012,98.0,277,46.0,4,2.0,1.0,37732.0,39341.0,20,1,-1609.0
769.0,20240326,494.0,209,22.0,3,2.0,1.0,42228.45,53628.0,5,0,-11399.550000000003
770.0,,341.0,193,42.0,5,11.0,1.0,42263.7,36184.0,15,1,6079.699999999997
771.0,20210314,424.0,55,36.0,10,8.0,1.0,71944.0,56516.0,15,0,15428.0
772.0,20230315,257.0,119,20.0,19,12.0,1.0,72373.6,70613.0,20,0,1760.6000000000058
773.0,20201210,483.0,143,28.0,8,2.0,1.0,40550.75,40336.0,5,1,214.75
774.0,20210531,352.0,2,1.0,15,2.0,1.0,52216.35,76813.0,15,0,-24596.65
775.0,20200413,489.0,254,17.0,10,1.0,1.0,45660.0,78041.0,20,1,-32381.0
776.0,20200207,498.0,126,10.0,12,4.0,1.0,64251.9,69592.0,10,0,-5340.0999999999985
777.0,20240717,36.0,16,36.0,5,3.0,1.0,51152.8,58307.0,20,0,-7154.199999999997
778.0,20201123,78.0,77,41.0,5,15.0,1.0,53468.85,75142.0,5,1,-21673.15
779.0,20220809,5.0,283,26.0,19,10.0,1.0,54788.39999999999,51454.0,5,1,3334.399999999987
780.0,20250130,210.0,125,999.0,6,2.0,1.0,87973.8,77409.0,5,1,10564.800000000003
781.0,20210429,136.0,133,7.0,8,1.0,1.0,89748.90000000001,57457.0,10,0,32291.90000000001
782.0,20231211,321.0,286,29.0,5,13.0,1.0,35406.75,79601.0,15,0,-44194.25
783.0,20240709,401.0,210,1.0,19,9.0,1.0,40915.8,73410.0,10,0,-32494.199999999997
784.0,20220329,155.0,28,23.0,14,11.0,1.0,78132.6,52038.0,10,0,26094.600000000006
785.0,20221217,46.0,282,38.0,10,9.0,1.0,45271.8,58117.0,10,0,-12845.199999999997
786.0,20230605,12.0,23,8.0,3,12.0,1.0,42625.60000000001,79135.0,20,0,-36509.39999999999
787.0,20240310,123.0,84,8.0,1,2.0,1.0,29700.0,48089.0,20,0,-18389.0
788.0,20221221,285.0,27,29.0,1,3.0,1.0,95375.0,53898.0,0,1,41477.0
789.0,20220912,286.0,29,9.0,17,8.0,1.0,80236.0,66210.0,0,0,14026.0
790.0,20210116,429.0,94,50.0,6,3.0,1.0,35965.0,32062.0,0,1,3903.0
791.0,20240813,197.0,200,48.0,5,3.0,1.0,68575.45,53899.0,15,1,14676.449999999997
792.0,20240725,5.0,81,20.0,3,1.0,1.0,61191.0,49191.0,10,0,12000.0
793.0,20220511,52.0,282,2.0,3,5.0,1.0,67488.95,50306.0,5,0,17182.949999999997
794.0,20201112,300.0,165,7.0,19,7.0,1.0,50349.0,38780.0,0,0,11569.0
795.0,20200907,237.0,150,30.0,3,6.0,1.0,49697.8,32403.0,15,0,17294.800000000003
796.0,20210615,247.0,158,4.0,11,13.0,1.0,57783.85,49773.0,15,0,8010.8499999999985
797.0,20220505,76.0,220,47.0,3,12.0,1.0,92121.5,61341.0,5,1,30780.5
798.0,20210213,458.0,265,34.0,1,10.0,1.0,44217.0,45421.0,15,0,-1204.0
799.0,20201028,168.0,165,38.0,9,14.0,1.0,54682.95,52216.0,5,0,2466.949999999997
800.0,20220516,,31,39.0,15,3.0,1.0,39915.0,79910.0,0,1,-39995.0
801.0,20241228,81.0,284,12.0,19,5.0,1.0,46157.65,30515.0,5,0,15642.650000000001
802.0,20210603,425.0,10,12.0,2,15.0,1.0,32135.4,74908.0,10,1,-42772.6
803.0,20220804,58.0,124,39.0,12,12.0,1.0,42978.95,33988.0,5,0,8990.949999999997
804.0,20210224,277.0,179,11.0,13,10.0,1.0,54960.15,57510.0,15,1,-2549.8499999999985
805.0,20220130,301.0,155,3.0,1,13.0,1.0,63683.1,32922.0,10,0,30761.1
806.0,20200820,17.0,81,42.0,3,10.0,1.0,55508.5,46035.0,5,0,9473.5
807.0,20200915,408.0,100,37.0,5,14.0,1.0,56670.3,68803.0,10,0,-12132.699999999997
808.0,20210108,451.0,69,11.0,15,10.0,1.0,59877.0,34931.0,10,0,24946.0
809.0,20220223,462.0,203,21.0,5,2.0,1.0,58201.75,77352.0,5,0,-19150.25
810.0,,218.0,82,15.0,4,6.0,1.0,45893.0,42520.0,0,0,3373.0
811.0,20230710,396.0,26,10.0,5,13.0,1.0,88938.0,69679.0,10,0,19259.0
812.0,20211127,57.0,253,23.0,18,8.0,1.0,79704.0,68637.0,20,0,11067.0
813.0,20210916,141.0,99,9.0,17,15.0,1.0,34369.1,41265.0,5,0,-6895.9000000000015
814.0,20230421,164.0,89,12.0,13,13.0,1.0,86579.1,73495.0,10,0,13084.100000000006
815.0,20230404,47.0,294,1.0,2,6.0,1.0,54448.45,75457.0,15,1,-21008.550000000003
816.0,20241011,429.0,44,6.0,6,1.0,1.0,43812.0,41641.0,0,0,2171.0
817.0,20201221,271.0,205,37.0,17,4.0,1.0,44380.8,48440.0,10,0,-4059.199999999997
818.0,20201231,218.0,7,19.0,4,8.0,1.0,69602.25,43110.0,15,0,26492.25
819.0,20210905,186.0,150,6.0,11,12.0,1.0,86689.4,51482.0,5,1,35207.399999999994
820.0,20241125,287.0,255,49.0,13,5.0,1.0,71196.8,62832.0,20,1,8364.800000000003
821.0,20220311,432.0,102,48.0,17,12.0,1.0,44896.5,52210.0,10,1,-7313.5
822.0,20200617,309.0,135,30.0,17,9.0,1.0,55129.3,44557.0,15,0,10572.300000000003
823.0,20200123,180.0,207,29.0,20,13.0,1.0,67140.0,63916.0,20,1,3224.0
824.0,20240801,233.0,18,31.0,8,7.0,1.0,58114.5,68806.0,15,0,-10691.5
825.0,20220822,62.0,216,33.0,17,13.0,1.0,65793.4,63297.0,15,1,2496.399999999994
826.0,20220311,213.0,162,26.0,9,4.0,1.0,36902.75,59845.0,5,0,-22942.25
827.0,20240811,206.0,91,6.0,11,14.0,1.0,56194.2,40087.0,10,0,16107.199999999997
828.0,20230617,301.0,121,25.0,19,6.0,1.0,68636.8,53513.0,20,0,15123.800000000003
829.0,20220216,133.0,76,8.0,13,11.0,1.0,68895.0,55320.0,10,0,13575.0
830.0,20230515,371.0,59,11.0,1,7.0,1.0,38673.6,33140.0,20,1,5533.5999999999985
831.0,20240626,152.0,260,39.0,1,8.0,1.0,59821.3,57456.0,15,1,2365.300000000003
832.0,20201231,17.0,90,44.0,6,1.0,1.0,54000.9,68984.0,10,0,-14983.099999999999
833.0,20200102,74.0,300,4.0,9,3.0,1.0,64017.9,41969.0,10,1,22048.9
834.0,20210524,433.0,257,46.0,9,9.0,1.0,80281.8,56221.0,10,1,24060.800000000003
835.0,20230523,211.0,207,48.0,19,9.0,1.0,47041.55,68107.0,15,1,-21065.449999999997
836.0,20230212,289.0,292,21.0,20,9.0,1.0,80368.34999999999,68666.0,15,0,11702.349999999991
837.0,20200516,96.0,269,26.0,7,5.0,1.0,62635.5,69526.0,10,1,-6890.5
838.0,20200308,358.0,117,41.0,19,10.0,1.0,55083.2,43377.0,20,0,11706.199999999997
839.0,20200913,427.0,78,7.0,16,15.0,1.0,76888.8,67370.0,20,0,9518.800000000003
840.0,,280.0,3,999.0,14,13.0,1.0,55593.0,70349.0,10,1,-14756.0
841.0,20200507,408.0,116,11.0,16,4.0,1.0,57391.15,33396.0,15,1,23995.15
842.0,20221007,340.0,37,29.0,6,7.0,1.0,54547.0,42443.0,0,0,12104.0
843.0,20210607,213.0,165,18.0,8,1.0,1.0,53339.2,35886.0,20,0,17453.199999999997
844.0,20240108,182.0,232,19.0,16,5.0,1.0,69638.40000000001,33073.0,10,0,36565.40000000001
845.0,20201106,142.0,13,45.0,18,7.0,1.0,53425.8,63668.0,10,1,-10242.199999999997
846.0,20230506,47.0,214,3.0,17,3.0,1.0,67973.0,31354.0,0,0,36619.0
847.0,20200816,307.0,75,26.0,18,10.0,1.0,48606.4,66277.0,15,1,-17670.6
848.0,20240307,409.0,4,29.0,2,2.0,1.0,64606.4,77605.0,20,0,-12998.599999999999
849.0,20200113,296.0,93,9.0,13,4.0,1.0,71475.65,39035.0,15,0,32440.649999999994
850.0,20241026,476.0,203,40.0,3,4.0,1.0,74508.8,64793.0,20,1,9715.800000000003
851.0,20200411,61.0,12,37.0,20,10.0,1.0,52509.60000000001,67252.0,20,0,-14742.399999999987
852.0,20240111,496.0,140,6.0,10,9.0,1.0,64358.4,48449.0,20,1,15909.400000000001
853.0,20210926,272.0,86,27.0,14,9.0,1.0,68710.59999999999,50637.0,15,1,18073.59999999999
854.0,20240714,230.0,33,47.0,3,2.0,1.0,31757.4,74623.0,10,0,-42865.6
855.0,,226.0,39,44.0,9,6.0,1.0,50660.0,76507.0,15,1,-25847.0
856.0,20200410,377.0,110,36.0,16,13.0,1.0,71058.09999999999,76758.0,5,0,-5699.900000000009
857.0,20210815,356.0,52,44.0,7,5.0,1.0,49222.0,45852.0,0,1,3370.0
858.0,20231105,69.0,193,10.0,6,3.0,1.0,75760.0,45516.0,0,0,30244.0
859.0,20231114,1.0,143,21.0,5,6.0,1.0,65952.8,68731.0,5,0,-2778.199999999997
860.0,20200919,475.0,36,10.0,10,8.0,1.0,73678.84999999999,55778.0,15,0,17900.84999999999
861.0,20230714,481.0,245,40.0,2,5.0,1.0,87269.0,54802.0,0,0,32467.0
862.0,20240706,243.0,223,3.0,1,9.0,1.0,65070.9,54330.0,10,0,10740.900000000001
863.0,20230421,484.0,137,5.0,19,12.0,1.0,64646.4,68474.0,20,0,-3827.5999999999985
864.0,20210530,8.0,111,40.0,18,1.0,1.0,45285.0,36608.0,0,0,8677.0
865.0,20210223,231.0,156,50.0,17,8.0,1.0,67139.2,60218.0,20,0,6921.199999999997
866.0,20230630,30.0,40,49.0,18,5.0,1.0,59428.8,67680.0,20,0,-8251.199999999997
867.0,20210722,453.0,62,23.0,1,6.0,1.0,37125.45,56265.0,15,0,-19139.550000000003
868.0,20220429,205.0,131,44.0,11,7.0,1.0,57829.5,64326.0,10,1,-6496.5
869.0,20210517,90.0,242,3.0,1,7.0,1.0,59759.75,65023.0,5,1,-5263.25
870.0,20250130,415.0,24,5.0,9,14.0,1.0,39145.6,34532.0,20,0,4613.5999999999985
871.0,20230804,140.0,200,1.0,13,11.0,1.0,55285.25,43411.0,5,0,11874.25
872.0,20201110,455.0,129,2.0,5,1.0,1.0,93949.29999999999,69352.0,5,1,24597.29999999999
873.0,20230314,341.0,188,34.0,1,7.0,1.0,45792.85,40418.0,5,1,5374.8499999999985
874.0,20200707,87.0,85,38.0,1,13.0,1.0,64688.8,42613.0,20,0,22075.800000000003
875.0,20201106,47.0,186,31.0,15,15.0,1.0,41562.5,45438.0,5,1,-3875.5
876.0,20240922,348.0,278,21.0,15,8.0,1.0,37644.7,47005.0,5,0,-9360.300000000003
877.0,20231104,299.0,190,34.0,18,8.0,1.0,44432.05,63130.0,15,1,-18697.949999999997
878.0,20200406,205.0,46,25.0,1,8.0,1.0,70754.40000000001,38769.0,20,1,31985.40000000001
879.0,20211226,76.0,262,47.0,11,12.0,1.0,57091.95,57572.0,15,1,-480.0500000000029
880.0,20210929,,175,18.0,17,6.0,1.0,34964.75,72186.0,15,0,-37221.25
881.0,20230619,54.0,53,3.0,11,8.0,1.0,33968.0,59095.0,20,1,-25127.0
882.0,20210323,119.0,211,14.0,10,13.0,1.0,82880.09999999999,58001.0,15,0,24879.09999999999
883.0,20210409,61.0,76,43.0,3,3.0,1.0,80447.40000000001,67023.0,10,1,13424.400000000009
884.0,20230120,378.0,127,12.0,13,5.0,1.0,87082.0,49112.0,0,0,37970.0
885.0,20231215,380.0,7,18.0,10,10.0,1.0,80698.5,72305.0,10,1,8393.5
886.0,20220715,416.0,208,36.0,1,8.0,1.0,98520.0,52798.0,0,0,45722.0
887.0,20241229,213.0,202,14.0,8,7.0,1.0,68685.09999999999,74567.0,15,1,-5881.900000000009
888.0,20241210,49.0,156,20.0,8,5.0,1.0,46404.65,40761.0,5,0,5643.6500000000015
889.0,20200223,27.0,112,17.0,6,4.0,1.0,36280.8,79671.0,20,1,-43390.2
890.0,20210719,381.0,131,15.0,1,7.0,1.0,72530.0,44987.0,0,1,27543.0
891.0,20220520,298.0,235,16.0,10,2.0,1.0,28423.2,75102.0,20,1,-46678.8
892.0,20240623,412.0,125,41.0,14,9.0,1.0,49997.0,46395.0,0,0,3602.0
893.0,20200309,315.0,28,48.0,12,1.0,1.0,37738.75,77283.0,5,1,-39544.25
894.0,20200714,258.0,87,17.0,2,14.0,1.0,56510.55,56794.0,15,0,-283.4499999999971
895.0,20210304,435.0,164,8.0,1,4.0,1.0,35331.2,54758.0,20,1,-19426.800000000003
896.0,20201220,90.0,125,40.0,6,5.0,1.0,43952.8,44193.0,20,0,-240.1999999999971
897.0,20210701,138.0,243,26.0,3,8.0,1.0,76255.2,56526.0,15,0,19729.199999999997
898.0,20200917,127.0,190,15.0,13,13.0,1.0,76433.6,47746.0,20,0,28687.600000000006
899.0,20230128,128.0,153,18.0,14,6.0,1.0,76968.8,75733.0,20,0,1235.800000000003
900.0,,296.0,202,999.0,18,2.0,1.0,71643.09999999999,69873.0,15,1,1770.0999999999913
901.0,20240207,264.0,107,46.0,18,5.0,1.0,42358.4,36253.0,20,1,6105.4000000000015
902.0,20210316,63.0,95,9.0,7,7.0,1.0,49257.60000000001,79194.0,20,1,-29936.399999999987
903.0,20200808,41.0,236,8.0,7,3.0,1.0,44722.8,66090.0,10,0,-21367.199999999997
904.0,20200630,59.0,42,7.0,16,12.0,1.0,62476.0,73639.0,0,0,-11163.0
905.0,20241129,253.0,206,8.0,2,10.0,1.0,74852.0,40587.0,20,1,34265.0
906.0,20200612,63.0,80,7.0,19,6.0,1.0,56379.65,75571.0,15,1,-19191.35
907.0,20211011,45.0,159,9.0,3,3.0,1.0,74481.25,66414.0,15,0,8067.25
908.0,20230806,476.0,220,37.0,20,3.0,1.0,54769.0,62723.0,0,1,-7954.0
909.0,20220923,39.0,222,1.0,6,12.0,1.0,56179.0,40958.0,0,0,15221.0
910.0,,278.0,292,43.0,11,6.0,1.0,64739.2,71200.0,20,1,-6460.800000000003
911.0,20240803,95.0,186,18.0,2,7.0,1.0,62777.60000000001,31478.0,20,0,31299.600000000013
912.0,20211220,441.0,2,13.0,1,14.0,1.0,42010.9,65146.0,5,1,-23135.1
913.0,20241227,76.0,143,39.0,3,13.0,1.0,52886.0,30084.0,0,0,22802.0
914.0,20200918,178.0,85,49.0,12,15.0,1.0,64710.4,71913.0,20,1,-7202.5999999999985
915.0,20200623,459.0,125,41.0,14,11.0,1.0,57132.8,60771.0,20,1,-3638.199999999997
916.0,20240525,114.0,286,36.0,13,6.0,1.0,71096.8,45699.0,20,0,25397.800000000003
917.0,20240328,11.0,291,30.0,2,5.0,1.0,74431.8,34369.0,10,0,40062.8
918.0,20210828,205.0,287,26.0,9,5.0,1.0,61700.4,31343.0,10,0,30357.4
919.0,20230514,441.0,73,22.0,5,2.0,1.0,58299.3,35243.0,10,0,23056.300000000003
920.0,20210106,145.0,8,22.0,7,15.0,1.0,80746.2,45673.0,5,0,35073.2
921.0,20230114,276.0,223,20.0,6,15.0,1.0,92474.9,49365.0,5,0,43109.899999999994
922.0,20200714,124.0,114,12.0,2,11.0,1.0,54220.0,40282.0,20,1,13938.0
923.0,20240105,330.0,44,10.0,11,12.0,1.0,69722.1,68126.0,10,0,1596.1000000000058
924.0,20220210,379.0,74,50.0,13,5.0,1.0,34364.65,45357.0,15,0,-10992.349999999999
925.0,20240809,228.0,54,9.0,6,12.0,1.0,51824.7,33828.0,10,1,17996.699999999997
926.0,20200909,29.0,36,9.0,14,9.0,1.0,68812.2,61314.0,10,0,7498.199999999997
927.0,20231210,71.0,43,37.0,8,12.0,1.0,96535.0,31895.0,0,1,64640.0
928.0,20240726,177.0,133,7.0,11,7.0,1.0,83544.3,34690.0,10,1,48854.3
929.0,20221113,150.0,250,31.0,13,5.0,1.0,63265.60000000001,53948.0,20,0,9317.600000000013
930.0,20250130,417.0,71,4.0,11,15.0,1.0,59487.25,55105.0,15,0,4382.25
931.0,20210810,484.0,138,19.0,1,15.0,1.0,84645.0,54330.0,10,0,30315.0
932.0,20211010,238.0,13,42.0,5,2.0,1.0,76590.95,74606.0,15,0,1984.949999999997
933.0,20240321,228.0,72,25.0,2,4.0,1.0,31257.05,39931.0,15,0,-8673.95
934.0,20201025,196.0,106,37.0,18,5.0,1.0,29259.2,38721.0,20,1,-9461.8
935.0,20200505,465.0,150,41.0,17,5.0,1.0,82761.95,44204.0,15,1,38557.95
936.0,20221123,198.0,53,41.0,2,15.0,1.0,61326.0,53085.0,10,1,8241.0
937.0,20240819,250.0,237,28.0,17,14.0,1.0,50127.05,36992.0,15,0,13135.050000000003
938.0,20220116,365.0,165,29.0,3,4.0,1.0,66814.45,72180.0,5,0,-5365.550000000003
939.0,20240603,390.0,240,50.0,18,9.0,1.0,56729.7,57873.0,10,1,-1143.300000000003
940.0,20240802,237.0,114,7.0,17,4.0,1.0,92330.0,38243.0,0,0,54087.0
941.0,20220625,242.0,244,50.0,16,15.0,1.0,80435.0,38406.0,0,1,42029.0
942.0,20240429,73.0,111,25.0,14,7.0,1.0,80068.3,76649.0,15,0,3419.300000000003
943.0,20230401,21.0,9,13.0,12,2.0,1.0,71734.5,54894.0,10,1,16840.5
944.0,20200303,7.0,26,46.0,4,9.0,1.0,81012.0,78838.0,0,1,2174.0
945.0,,293.0,285,26.0,6,7.0,1.0,70612.55,35849.0,5,0,34763.55
946.0,20240718,199.0,72,9.0,9,1.0,1.0,53986.6,65305.0,5,1,-11318.400000000001
947.0,20230510,26.0,13,21.0,7,12.0,1.0,92666.8,56256.0,5,0,36410.8
948.0,20230703,30.0,121,18.0,17,11.0,1.0,46369.0,32939.0,0,0,13430.0
949.0,20240930,473.0,214,20.0,17,1.0,1.0,56808.0,71627.0,10,0,-14819.0
950.0,20220829,425.0,126,20.0,5,7.0,1.0,48617.1,63019.0,10,1,-14401.900000000001
951.0,20220402,388.0,254,42.0,12,3.0,1.0,55575.2,65700.0,20,1,-10124.800000000003
952.0,20220810,223.0,203,22.0,11,3.0,1.0,43221.65,68255.0,15,1,-25033.35
953.0,20230423,254.0,273,38.0,13,14.0,1.0,84108.6,37167.0,10,0,46941.600000000006
954.0,20230808,48.0,29,41.0,6,1.0,1.0,73008.45,76137.0,5,0,-3128.550000000003
955.0,20201210,53.0,19,14.0,8,15.0,1.0,45620.0,41872.0,0,1,3748.0
956.0,20230920,328.0,217,6.0,1,10.0,1.0,48502.8,71619.0,10,0,-23116.199999999997
957.0,20241124,466.0,253,28.0,3,9.0,1.0,78359.8,51646.0,5,0,26713.800000000003
958.0,20221210,260.0,281,43.0,11,8.0,1.0,68920.0,49642.0,0,0,19278.0
959.0,20220807,149.0,125,12.0,2,3.0,1.0,55914.0,50027.0,0,1,5887.0
960.0,20250130,,229,999.0,1,9.0,1.0,70838.1,52633.0,10,1,18205.100000000006
961.0,20240621,347.0,49,49.0,8,12.0,1.0,52355.0,69100.0,0,1,-16745.0
962.0,20210822,181.0,136,34.0,17,6.0,1.0,38349.0,75344.0,0,1,-36995.0
963.0,20220228,21.0,156,13.0,6,2.0,1.0,62754.14999999999,38894.0,5,0,23860.149999999987
964.0,20210507,426.0,52,37.0,6,1.0,1.0,57670.7,58971.0,5,0,-1300.300000000003
965.0,20221025,487.0,169,15.0,4,6.0,1.0,87679.0,74348.0,0,0,13331.0
966.0,20240111,30.0,24,30.0,12,6.0,1.0,59302.8,38684.0,10,0,20618.800000000003
967.0,20231010,322.0,224,2.0,16,15.0,1.0,56700.1,68355.0,15,0,-11654.900000000001
968.0,20231023,401.0,219,5.0,4,8.0,1.0,38480.35,40198.0,15,0,-1717.6500000000015
969.0,20230210,14.0,150,9.0,2,10.0,1.0,55827.0,47967.0,0,0,7860.0
970.0,20240603,159.0,204,5.0,15,7.0,1.0,63904.8,56744.0,20,0,7160.800000000003
971.0,20240618,455.0,52,35.0,5,4.0,1.0,43190.8,50349.0,5,1,-7158.199999999997
972.0,20200217,101.0,213,31.0,17,6.0,1.0,62253.5,30827.0,5,1,31426.5
973.0,20240623,52.0,138,50.0,17,11.0,1.0,31878.0,60066.0,10,1,-28188.0
974.0,20200806,216.0,59,16.0,4,3.0,1.0,54602.3,58782.0,15,0,-4179.699999999997
975.0,20200520,398.0,187,9.0,10,5.0,1.0,75585.6,61314.0,10,1,14271.600000000006
976.0,20221225,454.0,152,33.0,4,12.0,1.0,67124.5,71039.0,15,1,-3914.5
977.0,20220402,135.0,290,35.0,8,12.0,1.0,81775.05,66617.0,5,0,15158.050000000003
978.0,20210729,177.0,30,29.0,5,8.0,1.0,59714.0,33268.0,0,0,26446.0
979.0,20230123,275.0,172,32.0,11,14.0,1.0,32917.95,69339.0,15,0,-36421.05
980.0,,183.0,253,29.0,20,7.0,1.0,36816.0,36168.0,20,1,648.0
981.0,20200823,250.0,298,32.0,1,7.0,1.0,84507.25,72139.0,5,0,12368.25
982.0,20231124,216.0,138,34.0,20,7.0,1.0,43418.8,74076.0,5,0,-30657.199999999997
983.0,20210102,281.0,79,48.0,6,15.0,1.0,80912.0,69334.0,0,0,11578.0
984.0,20240508,362.0,120,7.0,18,1.0,1.0,68504.0,77404.0,20,1,-8900.0
985.0,20220507,411.0,220,31.0,20,7.0,1.0,60048.0,79103.0,20,1,-19055.0
986.0,20220423,111.0,70,45.0,6,11.0,1.0,73746.59999999999,38690.0,5,1,35056.59999999999
987.0,20230930,161.0,138,27.0,12,12.0,1.0,40826.4,48318.0,20,0,-7491.5999999999985
988.0,20220228,173.0,180,44.0,5,14.0,1.0,89448.0,50384.0,0,0,39064.0
989.0,20210419,37.0,93,12.0,13,9.0,1.0,69363.4,55049.0,15,1,14314.399999999994
990.0,,428.0,119,13.0,6,4.0,1.0,53404.65,54808.0,15,0,-1403.3499999999985
991.0,20211127,190.0,223,2.0,20,14.0,1.0,96851.0,55147.0,0,0,41704.0
992.0,20240409,499.0,217,34.0,9,10.0,1.0,30348.8,51504.0,20,1,-21155.2
993.0,20230411,261.0,206,7.0,15,1.0,1.0,51922.0,67970.0,0,0,-16048.0
994.0,20231106,465.0,230,47.0,1,2.0,1.0,47898.35,77703.0,15,0,-29804.65
995.0,20240816,289.0,223,22.0,14,12.0,1.0,51265.8,72317.0,10,0,-21051.199999999997
996.0,20221125,223.0,154,33.0,14,11.0,1.0,60430.5,76250.0,10,0,-15819.5
997.0,20241113,209.0,10,49.0,11,15.0,1.0,63233.2,54731.0,15,0,8502.199999999997
998.0,20230105,389.0,27,48.0,9,2.0,1.0,70301.9,71213.0,5,1,-911.1000000000058
999.0,20221109,348.0,229,29.0,5,10.0,1.0,49677.60000000001,74250.0,20,0,-24572.399999999987
1000.0,20220811,417.0,140,2.0,7,7.0,1.0,72482.40000000001,53209.0,20,1,19273.40000000001
1001.0,20230810,13.0,42,40.0,16,12.0,1.0,55780.0,34982.0,0,0,20798.0
1002.0,20210616,18.0,124,28.0,6,8.0,1.0,57410.0,46121.0,0,0,11289.0
1003.0,20240204,41.0,40,26.0,11,5.0,1.0,67788.34999999999,36671.0,15,0,31117.34999999999
1004.0,20240111,262.0,299,34.0,13,3.0,1.0,56214.35,38727.0,5,0,17487.35
1005.0,20220919,93.0,143,25.0,3,5.0,1.0,49500.6,33591.0,15,1,15909.599999999999
1006.0,20220427,303.0,154,15.0,6,5.0,1.0,30679.05,36757.0,15,0,-6077.950000000001
1007.0,20241130,47.0,264,8.0,20,10.0,1.0,39012.0,52889.0,20,1,-13877.0
1008.0,20221227,156.0,57,46.0,8,2.0,1.0,66157.2,36363.0,10,0,29794.199999999997
1009.0,20210206,66.0,295,6.0,16,4.0,1.0,45140.0,50604.0,0,1,-5464.0
1010.0,20211016,186.0,31,40.0,4,8.0,1.0,69423.75,74021.0,15,0,-4597.25
1011.0,20200802,122.0,95,47.0,14,15.0,1.0,32817.65,40007.0,15,0,-7189.3499999999985
1012.0,20200303,316.0,64,42.0,16,9.0,1.0,72648.4,35486.0,5,0,37162.399999999994
1013.0,20210604,410.0,181,22.0,2,13.0,1.0,35149.05,39553.0,5,0,-4403.949999999997
1014.0,20210623,75.0,263,27.0,6,8.0,1.0,31347.15,66203.0,15,0,-34855.85
1015.0,20240130,175.0,300,9.0,13,15.0,1.0,79917.0,36145.0,15,1,43772.0
1016.0,20210314,467.0,66,49.0,9,9.0,1.0,35597.0,55047.0,0,1,-19450.0
1017.0,20210316,370.0,158,23.0,15,11.0,1.0,55160.0,45293.0,0,0,9867.0
1018.0,20221215,114.0,262,11.0,18,4.0,1.0,56133.6,40931.0,5,1,15202.599999999999
1019.0,20210418,224.0,210,31.0,9,6.0,1.0,63111.35,44339.0,5,1,18772.35
1020.0,20250130,460.0,251,999.0,10,14.0,1.0,81252.0,34218.0,0,0,47034.0
1021.0,20240906,172.0,184,48.0,1,2.0,1.0,42984.5,57968.0,15,0,-14983.5
1022.0,20210716,44.0,269,45.0,2,1.0,1.0,67697.0,56883.0,5,1,10814.0
1023.0,20220919,3.0,270,10.0,1,14.0,1.0,56085.3,47862.0,10,0,8223.300000000003
1024.0,20230214,207.0,106,6.0,5,4.0,1.0,64127.0,56789.0,0,0,7338.0
1025.0,20240827,448.0,94,36.0,10,6.0,1.0,52497.0,63554.0,0,1,-11057.0
1026.0,20230919,458.0,79,35.0,4,10.0,1.0,67194.2,43500.0,15,1,23694.199999999997
1027.0,20240826,180.0,167,37.0,16,10.0,1.0,59265.9,65195.0,10,0,-5929.0999999999985
1028.0,20230920,28.0,185,15.0,11,2.0,1.0,87517.8,38065.0,10,0,49452.8
1029.0,20241028,89.0,115,43.0,12,3.0,1.0,73903.2,51548.0,20,1,22355.199999999997
1030.0,20200727,283.0,51,1.0,8,5.0,1.0,39088.1,56905.0,15,0,-17816.9
1031.0,20230531,228.0,64,8.0,10,14.0,1.0,57564.55,44205.0,15,1,13359.550000000003
1032.0,20220630,179.0,236,48.0,4,7.0,1.0,52787.7,50486.0,5,1,2301.699999999997
1033.0,20200601,220.0,209,23.0,9,5.0,1.0,46597.5,65280.0,5,1,-18682.5
1034.0,20240504,439.0,208,4.0,1,11.0,1.0,58725.65,47565.0,15,0,11160.650000000001
1035.0,,79.0,213,44.0,19,2.0,1.0,56812.5,55581.0,10,1,1231.5
1036.0,20210727,82.0,76,14.0,9,5.0,1.0,76229.0,71233.0,0,1,4996.0
1037.0,20210616,396.0,10,50.0,17,7.0,1.0,59948.8,77335.0,5,1,-17386.199999999997
1038.0,20230916,134.0,57,31.0,16,11.0,1.0,58056.7,30106.0,15,0,27950.699999999997
1039.0,20200401,122.0,248,20.0,17,4.0,1.0,67218.2,48477.0,5,1,18741.199999999997
1040.0,20211119,,43,1.0,19,14.0,1.0,87172.0,46395.0,0,0,40777.0
1041.0,20240201,350.0,294,5.0,6,3.0,1.0,47853.9,60301.0,10,0,-12447.099999999999
1042.0,20220111,2.0,262,40.0,8,8.0,1.0,67195.4,54120.0,5,0,13075.399999999994
1043.0,20230305,44.0,177,37.0,18,10.0,1.0,94695.0,39865.0,0,0,54830.0
1044.0,20230112,389.0,14,22.0,5,13.0,1.0,37838.5,49887.0,5,0,-12048.5
1045.0,20240921,303.0,60,42.0,9,2.0,1.0,51351.05,30615.0,15,0,20736.050000000003
1046.0,20211206,122.0,232,29.0,18,7.0,1.0,53409.0,65575.0,0,0,-12166.0
1047.0,20220802,84.0,154,19.0,13,3.0,1.0,52780.8,67757.0,20,0,-14976.199999999997
1048.0,20240520,86.0,297,14.0,19,9.0,1.0,50859.75,58434.0,15,1,-7574.25
1049.0,20220102,227.0,106,6.0,6,2.0,1.0,69936.15,60699.0,5,0,9237.149999999994
1050.0,,96.0,148,25.0,20,14.0,1.0,41763.9,39378.0,15,1,2385.9000000000015
1051.0,20241030,499.0,67,46.0,5,5.0,1.0,36828.0,50022.0,10,0,-13194.0
1052.0,20211113,173.0,267,27.0,1,13.0,1.0,87570.0,64695.0,0,0,22875.0
1053.0,20230304,488.0,118,14.0,3,9.0,1.0,79994.34999999999,32240.0,15,1,47754.34999999999
1054.0,20200110,255.0,186,35.0,1,1.0,1.0,56691.9,37527.0,10,1,19164.9
1055.0,20220411,270.0,82,45.0,9,7.0,1.0,58050.7,34379.0,5,0,23671.699999999997
1056.0,20230319,379.0,293,35.0,16,6.0,1.0,30904.0,56099.0,20,0,-25195.0
1057.0,20220117,122.0,133,41.0,18,1.0,1.0,52556.0,34946.0,0,0,17610.0
1058.0,20221101,434.0,67,37.0,19,3.0,1.0,35832.0,76204.0,20,0,-40372.0
1059.0,20201120,494.0,228,36.0,4,7.0,1.0,76581.4,49838.0,5,1,26743.399999999994
1060.0,20230521,474.0,231,40.0,10,14.0,1.0,65142.3,42535.0,15,1,22607.300000000003
1061.0,20230516,463.0,25,4.0,14,2.0,1.0,77887.2,68088.0,15,0,9799.199999999997
1062.0,20220813,245.0,71,4.0,2,4.0,1.0,50134.0,69295.0,0,0,-19161.0
1063.0,20240628,236.0,169,40.0,20,5.0,1.0,90428.59999999999,38249.0,5,1,52179.59999999999
1064.0,20230524,125.0,181,1.0,15,10.0,1.0,54739.0,78611.0,0,0,-23872.0
1065.0,20230511,326.0,160,16.0,2,3.0,1.0,78165.0,47026.0,0,0,31139.0
1066.0,20220724,187.0,295,31.0,6,4.0,1.0,69979.84999999999,74031.0,5,0,-4051.1500000000087
1067.0,20240103,51.0,128,41.0,10,14.0,1.0,38246.6,41712.0,15,1,-3465.4000000000015
1068.0,20201107,178.0,68,45.0,16,15.0,1.0,63015.3,51251.0,10,0,11764.300000000003
1069.0,20230616,37.0,120,45.0,1,12.0,1.0,80075.09999999999,52626.0,15,1,27449.09999999999
1070.0,20210501,440.0,89,43.0,14,6.0,1.0,79631.84999999999,37885.0,5,1,41746.84999999999
1071.0,20200331,235.0,161,33.0,7,2.0,1.0,49552.2,35068.0,10,0,14484.199999999997
1072.0,20221216,50.0,257,31.0,8,14.0,1.0,54259.2,37509.0,10,0,16750.199999999997
1073.0,20220705,24.0,275,41.0,16,3.0,1.0,77735.65,40229.0,5,0,37506.649999999994
1074.0,20210623,145.0,114,6.0,18,10.0,1.0,74817.0,48615.0,0,0,26202.0
1075.0,20230705,264.0,252,20.0,20,11.0,1.0,67007.2,53009.0,15,1,13998.199999999997
1076.0,20230427,478.0,220,45.0,7,13.0,1.0,75399.59999999999,31207.0,5,0,44192.59999999999
1077.0,20220402,145.0,30,37.0,10,11.0,1.0,48806.15,33788.0,15,1,15018.150000000001
1078.0,20221004,70.0,145,20.0,8,12.0,1.0,48666.6,35208.0,10,1,13458.599999999999
1079.0,20200109,290.0,263,50.0,5,3.0,1.0,43009.35,54745.0,5,1,-11735.650000000001
1080.0,,460.0,232,999.0,2,2.0,1.0,70781.2,66953.0,15,0,3828.199999999997
1081.0,20200131,364.0,151,19.0,16,3.0,1.0,41999.5,51389.0,5,0,-9389.5
1082.0,20240601,285.0,237,44.0,4,2.0,1.0,71913.6,34828.0,20,0,37085.600000000006
1083.0,20200509,210.0,257,36.0,5,1.0,1.0,70558.4,74337.0,5,1,-3778.600000000006
1084.0,20220717,102.0,44,37.0,2,2.0,1.0,58067.1,50435.0,10,0,7632.0999999999985
1085.0,20210315,270.0,200,47.0,16,14.0,1.0,84158.5,73345.0,15,1,10813.5
1086.0,20200513,298.0,118,28.0,13,12.0,1.0,28225.6,34640.0,20,1,-6414.4000000000015
1087.0,20220808,486.0,208,18.0,13,10.0,1.0,33708.6,55963.0,10,0,-22254.4
1088.0,20240714,326.0,127,31.0,15,4.0,1.0,39706.0,79380.0,0,0,-39674.0
1089.0,20230925,477.0,19,18.0,12,11.0,1.0,32515.2,49249.0,20,1,-16733.8
1090.0,20240109,209.0,14,26.0,19,2.0,1.0,64423.2,70448.0,20,0,-6024.800000000003
1091.0,20210618,121.0,80,43.0,11,12.0,1.0,59649.0,64475.0,0,0,-4826.0
1092.0,20241130,141.0,4,22.0,4,6.0,1.0,38889.9,69814.0,10,1,-30924.1
1093.0,20200915,420.0,249,38.0,18,10.0,1.0,82467.0,36491.0,0,1,45976.0
1094.0,20200628,89.0,29,40.0,18,14.0,1.0,45236.15,60125.0,5,1,-14888.849999999999
1095.0,20230710,285.0,294,8.0,2,7.0,1.0,35838.9,44290.0,10,0,-8451.099999999999
1096.0,20230529,36.0,110,27.0,8,4.0,1.0,65293.6,34137.0,15,0,31156.6
1097.0,20230409,321.0,76,25.0,13,5.0,1.0,35820.8,64973.0,20,0,-29152.199999999997
1098.0,20200219,433.0,133,15.0,4,10.0,1.0,33922.4,63246.0,20,1,-29323.6
1099.0,20220424,246.0,199,16.0,5,3.0,1.0,68080.75,36420.0,15,1,31660.75
1100.0,20230301,75.0,275,38.0,19,11.0,1.0,55116.55,77283.0,15,1,-22166.449999999997
1101.0,20210224,131.0,111,11.0,15,4.0,1.0,97773.0,55752.0,0,0,42021.0
1102.0,20211224,186.0,130,41.0,17,13.0,1.0,71781.3,60913.0,10,0,10868.300000000003
1103.0,20230703,2.0,282,26.0,16,12.0,1.0,40946.4,76954.0,10,1,-36007.6
1104.0,20211021,364.0,156,29.0,1,1.0,1.0,36216.85,75225.0,5,0,-39008.15
1105.0,20200119,2.0,105,40.0,8,4.0,1.0,57929.1,76495.0,5,0,-18565.9
1106.0,20210905,143.0,136,42.0,1,3.0,1.0,56956.8,51711.0,20,0,5245.800000000003
1107.0,20230915,88.0,163,45.0,6,13.0,1.0,71854.40000000001,51620.0,20,0,20234.40000000001
1108.0,20221103,429.0,30,50.0,4,11.0,1.0,32352.7,53863.0,15,0,-21510.3
1109.0,20201230,361.0,273,28.0,19,10.0,1.0,33685.1,63259.0,5,1,-29573.9
1110.0,20250130,492.0,181,38.0,3,12.0,1.0,67317.3,69294.0,10,0,-1976.699999999997
1111.0,20200116,498.0,200,13.0,6,15.0,1.0,76672.8,73207.0,20,1,3465.800000000003
1112.0,20241212,349.0,200,14.0,11,14.0,1.0,89679.05,71510.0,5,0,18169.050000000003
1113.0,20200813,494.0,240,30.0,10,14.0,1.0,73494.0,62534.0,0,0,10960.0
1114.0,20240721,425.0,119,41.0,11,10.0,1.0,41080.0,46981.0,20,0,-5901.0
1115.0,20220305,438.0,214,42.0,16,2.0,1.0,35674.4,74380.0,5,1,-38705.6
1116.0,20200627,321.0,77,22.0,19,13.0,1.0,69462.09999999999,56791.0,5,0,12671.099999999991
1117.0,20240610,202.0,170,32.0,5,10.0,1.0,88628.40000000001,39152.0,10,0,49476.40000000001
1118.0,20240417,364.0,77,18.0,10,3.0,1.0,62400.0,42750.0,0,0,19650.0
1119.0,20231006,340.0,225,19.0,1,1.0,1.0,70204.5,45522.0,10,1,24682.5
1120.0,,,109,9.0,10,10.0,1.0,59756.8,65319.0,20,1,-5562.199999999997
1121.0,20240502,211.0,290,2.0,15,10.0,1.0,71977.0,34067.0,0,0,37910.0
1122.0,20240326,237.0,20,12.0,16,11.0,1.0,70550.8,58601.0,5,0,11949.800000000003
1123.0,20220629,430.0,58,9.0,14,12.0,1.0,85742.1,41359.0,10,1,44383.100000000006
1124.0,20210613,162.0,75,37.0,1,7.0,1.0,71111.0,78974.0,15,1,-7863.0
1125.0,,71.0,214,30.0,15,9.0,1.0,46968.0,41592.0,20,1,5376.0
1126.0,20210610,227.0,28,10.0,17,2.0,1.0,51969.85,40162.0,15,1,11807.849999999999
1127.0,20241207,444.0,204,30.0,19,3.0,1.0,59336.1,50028.0,10,1,9308.099999999999
1128.0,20220815,122.0,296,24.0,1,11.0,1.0,65885.0,37766.0,0,0,28119.0
1129.0,20231017,424.0,297,3.0,2,8.0,1.0,78888.0,35455.0,0,0,43433.0
1130.0,20231013,378.0,179,39.0,6,12.0,1.0,32204.7,35367.0,10,0,-3162.2999999999993
1131.0,20210119,217.0,78,19.0,4,4.0,1.0,45582.1,56506.0,15,0,-10923.900000000001
1132.0,20230614,393.0,230,43.0,3,12.0,1.0,57402.2,52511.0,15,0,4891.199999999997
1133.0,20201024,140.0,146,17.0,19,8.0,1.0,60358.4,67023.0,20,1,-6664.5999999999985
1134.0,20241202,47.0,284,30.0,4,13.0,1.0,62004.0,67806.0,0,0,-5802.0
1135.0,20210916,440.0,69,31.0,4,7.0,1.0,91653.0,65917.0,0,1,25736.0
1136.0,20230623,479.0,42,12.0,9,15.0,1.0,30485.6,65083.0,20,0,-34597.4
1137.0,20231125,302.0,133,45.0,5,8.0,1.0,86129.1,70001.0,10,0,16128.100000000006
1138.0,20231215,358.0,57,24.0,12,3.0,1.0,82329.84999999999,77105.0,5,0,5224.849999999991
1139.0,20200518,483.0,16,14.0,10,9.0,1.0,54790.15,38554.0,15,0,16236.150000000001
1140.0,20250130,153.0,54,999.0,16,6.0,1.0,57233.60000000001,42190.0,20,0,15043.600000000013
1141.0,20230421,193.0,268,3.0,18,15.0,1.0,55436.0,73435.0,20,0,-17999.0
1142.0,20240601,275.0,125,34.0,1,8.0,1.0,38625.7,78876.0,15,0,-40250.3
1143.0,20240814,484.0,194,1.0,9,4.0,1.0,80523.90000000001,44843.0,10,0,35680.90000000001
1144.0,20201214,446.0,67,9.0,12,9.0,1.0,62803.8,52259.0,10,0,10544.800000000003
1145.0,20240603,473.0,176,36.0,4,10.0,1.0,46081.05,32534.0,15,0,13547.050000000003
1146.0,20221230,205.0,6,35.0,6,8.0,1.0,69394.0,42282.0,15,1,27112.0
1147.0,20241026,217.0,143,6.0,20,4.0,1.0,57105.60000000001,71692.0,20,0,-14586.399999999987
1148.0,20220406,124.0,183,30.0,4,8.0,1.0,36108.0,74148.0,0,1,-38040.0
1149.0,20201001,252.0,221,22.0,20,10.0,1.0,57495.0,67247.0,0,0,-9752.0
1150.0,20230603,187.0,177,42.0,17,11.0,1.0,81415.95,73826.0,5,1,7589.949999999997
1151.0,20240121,427.0,105,13.0,18,15.0,1.0,68612.0,31685.0,0,0,36927.0
1152.0,20210801,146.0,149,21.0,6,15.0,1.0,49898.4,32541.0,15,0,17357.4
1153.0,20220803,70.0,284,14.0,12,7.0,1.0,65226.4,62921.0,20,0,2305.4000000000015
1154.0,20230330,123.0,45,34.0,10,7.0,1.0,77616.9,68801.0,15,1,8815.899999999994
1155.0,20200420,97.0,19,15.0,7,5.0,1.0,70250.8,66804.0,15,1,3446.800000000003
1156.0,20200226,44.0,246,17.0,6,8.0,1.0,86230.0,43496.0,0,1,42734.0
1157.0,20230828,395.0,79,32.0,13,14.0,1.0,42711.0,43694.0,0,1,-983.0
1158.0,20200501,387.0,218,9.0,13,1.0,1.0,77804.75,69137.0,15,1,8667.75
1159.0,20241210,268.0,25,50.0,1,12.0,1.0,72269.6,44122.0,20,0,28147.600000000006
1160.0,20210309,320.0,3,18.0,5,10.0,1.0,89949.0,65503.0,0,0,24446.0
1161.0,20220618,401.0,254,17.0,5,6.0,1.0,38092.8,71609.0,20,1,-33516.2
1162.0,20221117,410.0,252,3.0,6,5.0,1.0,57623.0,51818.0,0,0,5805.0
1163.0,20221123,398.0,58,13.0,4,10.0,1.0,40612.5,54982.0,5,1,-14369.5
1164.0,20211123,401.0,90,44.0,9,14.0,1.0,32692.0,59627.0,20,1,-26935.0
1165.0,20240621,218.0,212,47.0,9,9.0,1.0,62609.75,68472.0,5,0,-5862.25
1166.0,20210121,448.0,133,16.0,7,14.0,1.0,33628.55,37438.0,15,0,-3809.449999999997
1167.0,20200924,354.0,64,49.0,10,8.0,1.0,50922.9,67753.0,10,1,-16830.1
1168.0,20231107,7.0,237,28.0,14,11.0,1.0,88484.0,37703.0,0,1,50781.0
1169.0,20230803,239.0,208,46.0,10,4.0,1.0,68679.15,35889.0,15,1,32790.149999999994
1170.0,,242.0,25,34.0,16,14.0,1.0,77837.6,59907.0,20,0,17930.600000000006
1171.0,20240626,346.0,60,49.0,3,5.0,1.0,77613.09999999999,55023.0,5,0,22590.09999999999
1172.0,20200626,471.0,255,12.0,4,13.0,1.0,57386.4,66720.0,20,0,-9333.599999999999
1173.0,20200810,84.0,208,27.0,19,13.0,1.0,89325.0,44090.0,0,0,45235.0
1174.0,20221004,382.0,250,18.0,2,12.0,1.0,78717.6,62683.0,10,0,16034.600000000006
1175.0,20230415,479.0,147,33.0,12,5.0,1.0,51762.45,60860.0,15,1,-9097.550000000003
1176.0,20200121,180.0,32,24.0,13,10.0,1.0,90388.0,38192.0,0,0,52196.0
1177.0,20200506,397.0,264,36.0,4,12.0,1.0,53210.7,61367.0,10,0,-8156.300000000003
1178.0,20200727,205.0,112,12.0,5,1.0,1.0,62222.14999999999,45130.0,5,0,17092.149999999987
1179.0,20230815,423.0,18,26.0,4,8.0,1.0,38309.6,79916.0,20,0,-41606.4
1180.0,20220929,238.0,191,45.0,12,11.0,1.0,72257.6,54217.0,20,0,18040.600000000006
1181.0,20231019,343.0,75,39.0,18,4.0,1.0,69483.0,38702.0,0,0,30781.0
1182.0,20220505,85.0,16,30.0,13,8.0,1.0,69341.0,72555.0,0,0,-3214.0
1183.0,20210827,296.0,1,37.0,5,4.0,1.0,36854.4,54977.0,20,0,-18122.6
1184.0,20200419,306.0,289,33.0,7,3.0,1.0,59117.0,72789.0,0,1,-13672.0
1185.0,20230403,414.0,180,43.0,9,2.0,1.0,64623.0,63095.0,0,1,1528.0
1186.0,20200717,266.0,159,43.0,16,15.0,1.0,34838.95,48310.0,15,1,-13471.050000000003
1187.0,20220307,363.0,140,33.0,15,7.0,1.0,63324.0,45322.0,10,0,18002.0
1188.0,20201119,98.0,47,14.0,20,12.0,1.0,34059.6,53249.0,10,1,-19189.4
1189.0,20221203,262.0,119,33.0,12,9.0,1.0,79959.0,36692.0,0,1,43267.0
1190.0,,215.0,109,6.0,19,13.0,1.0,85410.0,78146.0,10,1,7264.0
1191.0,20200724,373.0,36,35.0,7,14.0,1.0,47046.85,69464.0,5,0,-22417.15
1192.0,20230529,1.0,266,4.0,18,10.0,1.0,32963.2,60519.0,20,1,-27555.800000000003
1193.0,20240318,321.0,114,10.0,18,14.0,1.0,28408.0,61655.0,20,0,-33247.0
1194.0,20240820,434.0,79,50.0,6,4.0,1.0,49414.75,67780.0,15,0,-18365.25
1195.0,20230427,476.0,230,3.0,6,14.0,1.0,85653.90000000001,75252.0,10,0,10401.900000000009
1196.0,20240601,252.0,33,47.0,11,3.0,1.0,44587.3,33885.0,5,1,10702.300000000003
1197.0,20220409,340.0,199,14.0,3,13.0,1.0,41130.0,52529.0,10,0,-11399.0
1198.0,20200124,456.0,39,37.0,19,10.0,1.0,56558.7,47902.0,10,0,8656.699999999997
1199.0,20230624,18.0,286,43.0,9,6.0,1.0,84496.8,69871.0,15,0,14625.800000000003
1200.0,20250130,,274,999.0,2,2.0,1.0,40625.75,52635.0,15,1,-12009.25
1201.0,20240712,345.0,229,39.0,14,7.0,1.0,48920.0,65398.0,20,0,-16478.0
1202.0,20210102,403.0,81,10.0,5,4.0,1.0,87642.0,62587.0,10,1,25055.0
1203.0,20210120,200.0,159,15.0,5,12.0,1.0,57248.0,33707.0,0,0,23541.0
1204.0,20210627,212.0,77,2.0,4,12.0,1.0,47333.75,78769.0,5,0,-31435.25
1205.0,20241030,449.0,59,1.0,19,5.0,1.0,91792.8,70809.0,5,0,20983.800000000003
1206.0,20230802,238.0,145,20.0,7,6.0,1.0,42196.15,64942.0,5,1,-22745.85
1207.0,20210904,239.0,188,46.0,16,6.0,1.0,48798.4,58926.0,20,0,-10127.599999999999
1208.0,20200108,67.0,200,6.0,2,11.0,1.0,41244.0,38414.0,0,1,2830.0
1209.0,20230628,143.0,237,18.0,12,7.0,1.0,63836.0,38026.0,20,0,25810.0
1210.0,20221019,385.0,255,9.0,16,10.0,1.0,34892.5,63199.0,15,1,-28306.5
1211.0,20240621,471.0,110,14.0,15,7.0,1.0,30147.2,66487.0,20,0,-36339.8
1212.0,20230404,371.0,198,44.0,6,14.0,1.0,41918.75,76992.0,5,0,-35073.25
1213.0,20230913,443.0,219,49.0,19,7.0,1.0,77195.0,53602.0,0,0,23593.0
1214.0,20220828,119.0,175,25.0,9,13.0,1.0,45093.0,36427.0,0,1,8666.0
1215.0,,481.0,174,49.0,16,6.0,1.0,40936.0,70806.0,20,0,-29870.0
1216.0,20210101,205.0,291,50.0,20,7.0,1.0,44057.2,61819.0,15,0,-17761.800000000003
1217.0,20210619,312.0,49,17.0,10,10.0,1.0,44138.4,30014.0,20,1,14124.400000000001
1218.0,20220303,372.0,10,37.0,1,8.0,1.0,90661.34999999999,73350.0,5,0,17311.34999999999
1219.0,20230619,202.0,157,49.0,12,4.0,1.0,89978.3,47495.0,5,0,42483.3
1220.0,20210214,4.0,239,49.0,17,6.0,1.0,49301.60000000001,52303.0,20,1,-3001.399999999987
1221.0,20220227,442.0,255,48.0,14,10.0,1.0,70301.7,62295.0,10,0,8006.699999999997
1222.0,20241204,498.0,227,47.0,16,4.0,1.0,51208.8,45816.0,20,1,5392.800000000003
1223.0,20231127,122.0,4,39.0,20,15.0,1.0,42501.6,42352.0,10,0,149.59999999999854
1224.0,20210225,114.0,198,15.0,5,4.0,1.0,83374.2,78371.0,10,0,5003.199999999997
1225.0,20220612,332.0,112,6.0,2,1.0,1.0,37917.65,68970.0,15,1,-31052.35
1226.0,20221217,57.0,237,29.0,9,10.0,1.0,38678.3,57991.0,5,0,-19312.699999999997
1227.0,20241101,414.0,207,12.0,18,4.0,1.0,61371.2,35583.0,20,1,25788.199999999997
1228.0,20241220,237.0,107,41.0,1,1.0,1.0,73116.15,63097.0,15,1,10019.149999999994
1229.0,20230624,495.0,138,44.0,14,3.0,1.0,41618.55,60306.0,15,1,-18687.449999999997
1230.0,20250130,6.0,132,3.0,17,1.0,1.0,72109.75,78897.0,5,1,-6787.25
1231.0,20220103,18.0,217,15.0,5,14.0,1.0,31852.9,72531.0,15,1,-40678.1
1232.0,20200919,126.0,31,21.0,12,4.0,1.0,74928.0,71153.0,0,0,3775.0
1233.0,20230416,359.0,271,49.0,15,13.0,1.0,65162.4,48866.0,20,0,16296.400000000001
1234.0,20211120,426.0,81,24.0,4,15.0,1.0,52440.3,68461.0,10,0,-16020.699999999997
1235.0,20210813,480.0,257,2.0,19,7.0,1.0,48116.7,66333.0,10,1,-18216.300000000003
1236.0,20220201,14.0,108,41.0,11,10.0,1.0,81560.34999999999,58746.0,5,1,22814.34999999999
1237.0,20210627,61.0,128,20.0,11,15.0,1.0,53679.0,76576.0,0,0,-22897.0
1238.0,20231023,348.0,114,10.0,1,8.0,1.0,70650.3,70898.0,15,1,-247.6999999999971
1239.0,20210220,483.0,26,12.0,12,6.0,1.0,49424.1,48991.0,15,0,433.09999999999854
1240.0,20231025,213.0,4,31.0,2,8.0,1.0,65619.2,79750.0,20,1,-14130.800000000003
1241.0,20200330,321.0,125,7.0,18,3.0,1.0,50461.1,54153.0,15,1,-3691.9000000000015
1242.0,20220604,363.0,22,34.0,7,7.0,1.0,71535.0,64884.0,5,0,6651.0
1243.0,20240408,432.0,48,17.0,14,8.0,1.0,35806.4,48225.0,20,0,-12418.599999999999
1244.0,20220406,227.0,291,6.0,20,5.0,1.0,84018.95,55167.0,5,1,28851.949999999997
1245.0,20220224,483.0,193,10.0,18,9.0,1.0,66587.3,37978.0,15,1,28609.300000000003
1246.0,20231106,27.0,28,17.0,11,13.0,1.0,88338.6,64132.0,10,0,24206.600000000006
1247.0,20220122,205.0,181,15.0,20,7.0,1.0,51741.0,71887.0,0,1,-20146.0
1248.0,20240705,99.0,45,37.0,8,6.0,1.0,32574.55,38997.0,15,1,-6422.450000000001
1249.0,20220403,115.0,96,14.0,19,1.0,1.0,63212.0,62110.0,20,0,1102.0
1250.0,20230616,422.0,65,31.0,20,10.0,1.0,49906.9,56635.0,15,1,-6728.0999999999985
1251.0,20211125,58.0,248,36.0,5,13.0,1.0,70315.2,30710.0,5,0,39605.2
1252.0,20211229,229.0,65,13.0,13,6.0,1.0,46422.4,56950.0,20,1,-10527.599999999999
1253.0,20220522,129.0,72,48.0,4,10.0,1.0,55583.0,77449.0,0,1,-21866.0
1254.0,20200616,396.0,197,24.0,8,14.0,1.0,74506.75,67640.0,15,1,6866.75
1255.0,20200520,459.0,17,2.0,11,14.0,1.0,86388.0,64624.0,0,1,21764.0
1256.0,20200901,259.0,146,30.0,16,7.0,1.0,50121.0,30426.0,10,1,19695.0
1257.0,20220718,17.0,32,35.0,16,7.0,1.0,67051.2,67053.0,20,0,-1.8000000000029104
1258.0,20240120,310.0,178,42.0,16,5.0,1.0,39825.0,72628.0,0,1,-32803.0
1259.0,20230404,411.0,240,10.0,1,11.0,1.0,87374.34999999999,41791.0,5,0,45583.34999999999
1260.0,,478.0,263,999.0,3,1.0,1.0,73678.2,68511.0,5,1,5167.199999999997
1261.0,20220607,208.0,26,42.0,19,1.0,1.0,35609.05,36590.0,15,0,-980.9499999999971
1262.0,20200804,493.0,19,3.0,15,7.0,1.0,81764.9,67285.0,15,0,14479.899999999994
1263.0,20220202,370.0,67,36.0,8,7.0,1.0,59835.2,59565.0,20,0,270.1999999999971
1264.0,20230708,64.0,32,24.0,3,2.0,1.0,69193.25,37335.0,5,0,31858.25
1265.0,20230217,111.0,119,33.0,9,3.0,1.0,63074.25,38896.0,15,0,24178.25
1266.0,20211009,302.0,85,47.0,1,6.0,1.0,48446.6,58278.0,15,0,-9831.400000000001
1267.0,20201119,248.0,155,3.0,3,1.0,1.0,32009.6,75591.0,20,1,-43581.4
1268.0,20240504,404.0,96,2.0,15,15.0,1.0,74656.8,54744.0,20,0,19912.800000000003
1269.0,20240410,411.0,243,40.0,17,14.0,1.0,33599.2,30091.0,20,1,3508.199999999997
1270.0,20210910,489.0,40,19.0,13,14.0,1.0,53289.9,60019.0,10,0,-6729.0999999999985
1271.0,20220825,84.0,87,25.0,10,11.0,1.0,78673.0,46129.0,0,0,32544.0
1272.0,20200517,26.0,201,7.0,6,7.0,1.0,28023.2,41620.0,20,1,-13596.8
1273.0,20230817,224.0,112,45.0,20,10.0,1.0,99259.0,52317.0,0,0,46942.0
1274.0,20210319,281.0,92,8.0,20,14.0,1.0,75735.2,68200.0,20,0,7535.199999999997
1275.0,20230620,204.0,212,33.0,2,9.0,1.0,43831.2,59505.0,20,1,-15673.800000000003
1276.0,20210126,201.0,278,18.0,20,13.0,1.0,53604.7,73779.0,5,0,-20174.300000000003
1277.0,20220315,14.0,112,48.0,1,8.0,1.0,51430.0,65595.0,0,0,-14165.0
1278.0,20210911,81.0,124,46.0,5,1.0,1.0,44301.60000000001,31942.0,20,0,12359.600000000013
1279.0,20210109,256.0,150,30.0,20,7.0,1.0,72074.7,31223.0,10,1,40851.7
1280.0,20230129,,120,42.0,18,11.0,1.0,35509.6,73094.0,15,0,-37584.4
1281.0,20231219,378.0,119,13.0,19,8.0,1.0,79675.0,57943.0,0,1,21732.0
1282.0,20200529,438.0,153,35.0,14,10.0,1.0,56044.8,63067.0,10,0,-7022.199999999997
1283.0,20211202,143.0,97,39.0,12,2.0,1.0,46209.9,57097.0,5,0,-10887.099999999999
1284.0,20201013,220.0,34,13.0,16,9.0,1.0,62512.0,38802.0,0,0,23710.0
1285.0,20210508,448.0,62,7.0,3,1.0,1.0,33667.65,44251.0,15,0,-10583.349999999999
1286.0,20200218,498.0,261,10.0,2,9.0,1.0,95142.0,32453.0,0,0,62689.0
1287.0,20210312,135.0,273,42.0,5,12.0,1.0,74635.8,43737.0,5,1,30898.800000000003
1288.0,20240405,23.0,203,20.0,12,3.0,1.0,54183.25,45362.0,5,0,8821.25
1289.0,20240605,183.0,268,31.0,12,4.0,1.0,50960.8,78205.0,20,0,-27244.199999999997
1290.0,20250130,294.0,244,48.0,11,2.0,1.0,44728.8,46574.0,20,1,-1845.199999999997
1291.0,20230410,499.0,249,18.0,13,3.0,1.0,43031.25,51318.0,15,1,-8286.75
1292.0,20231011,129.0,72,44.0,6,6.0,1.0,47961.9,73039.0,10,1,-25077.1
1293.0,20240521,19.0,276,20.0,1,3.0,1.0,71556.3,39164.0,10,0,32392.300000000003
1294.0,20200617,188.0,219,45.0,10,2.0,1.0,43262.0,58403.0,0,0,-15141.0
1295.0,20210618,239.0,147,44.0,14,13.0,1.0,74303.3,54655.0,5,0,19648.300000000003
1296.0,20240728,238.0,240,6.0,10,6.0,1.0,62918.0,63531.0,0,0,-613.0
1297.0,20210224,238.0,124,9.0,1,2.0,1.0,54399.0,60736.0,0,0,-6337.0
1298.0,20240524,327.0,195,20.0,5,15.0,1.0,49830.4,32165.0,15,0,17665.4
1299.0,20230101,384.0,218,21.0,14,3.0,1.0,37641.4,78140.0,15,0,-40498.6
1300.0,20221106,320.0,298,4.0,19,9.0,1.0,59277.0,66382.0,0,1,-7105.0
1301.0,20210625,475.0,300,17.0,16,13.0,1.0,42705.60000000001,41851.0,20,1,854.6000000000131
1302.0,20230830,145.0,262,15.0,7,13.0,1.0,74443.84999999999,53921.0,15,1,20522.84999999999
1303.0,20220620,63.0,182,48.0,20,10.0,1.0,85164.65,67585.0,5,1,17579.649999999994
1304.0,20231105,343.0,112,30.0,17,15.0,1.0,70448.2,71590.0,5,0,-1141.800000000003
1305.0,,256.0,182,47.0,4,9.0,1.0,78428.2,42651.0,5,1,35777.2
1306.0,20200614,478.0,67,25.0,9,3.0,1.0,68183.2,31992.0,20,1,36191.2
1307.0,20230703,490.0,83,31.0,5,4.0,1.0,87378.3,77065.0,10,0,10313.300000000003
1308.0,20210131,386.0,111,49.0,13,15.0,1.0,39636.0,30781.0,10,0,8855.0
1309.0,20220902,198.0,244,2.0,7,10.0,1.0,68078.9,67210.0,5,0,868.8999999999942
1310.0,20220824,436.0,160,46.0,1,3.0,1.0,84891.05,71871.0,5,1,13020.050000000003
1311.0,20210208,245.0,166,30.0,20,3.0,1.0,83722.55,51486.0,5,1,32236.550000000003
1312.0,20211128,270.0,7,23.0,18,11.0,1.0,60781.60000000001,63635.0,20,1,-2853.399999999987
1313.0,20200321,301.0,225,35.0,17,5.0,1.0,44330.8,59184.0,5,0,-14853.199999999997
1314.0,20221227,340.0,198,29.0,13,6.0,1.0,71649.05,76849.0,15,1,-5199.949999999997
1315.0,20220602,385.0,149,11.0,15,12.0,1.0,44276.4,50776.0,10,1,-6499.5999999999985
1316.0,20240330,268.0,226,38.0,17,1.0,1.0,83168.7,34474.0,5,0,48694.7
1317.0,20231216,82.0,200,8.0,11,5.0,1.0,81838.7,66213.0,5,1,15625.699999999997
1318.0,20240208,11.0,209,38.0,13,15.0,1.0,71086.40000000001,46114.0,20,1,24972.40000000001
1319.0,20210924,309.0,23,47.0,15,15.0,1.0,82925.1,46221.0,10,1,36704.100000000006
1320.0,20250130,43.0,224,999.0,11,9.0,1.0,70918.9,30407.0,15,1,40511.899999999994
1321.0,20230326,277.0,186,11.0,9,14.0,1.0,65161.60000000001,43581.0,20,0,21580.600000000013
1322.0,20230824,431.0,63,43.0,15,12.0,1.0,53141.15,53010.0,15,1,131.15000000000146
1323.0,20200118,214.0,226,3.0,13,9.0,1.0,54199.8,58378.0,10,0,-4178.199999999997
1324.0,20220428,224.0,32,28.0,9,15.0,1.0,43680.0,53631.0,20,1,-9951.0
1325.0,20230119,240.0,32,16.0,8,12.0,1.0,35579.4,68283.0,5,1,-32703.6
1326.0,20211204,421.0,135,10.0,12,2.0,1.0,50361.3,62646.0,10,1,-12284.699999999997
1327.0,20230922,480.0,293,14.0,14,5.0,1.0,97602.0,56045.0,0,0,41557.0
1328.0,20221211,73.0,299,35.0,6,14.0,1.0,56325.6,60836.0,10,0,-4510.4000000000015
1329.0,20200920,303.0,47,43.0,5,2.0,1.0,71377.2,78575.0,10,0,-7197.800000000003
1330.0,,325.0,139,23.0,7,4.0,1.0,58653.0,57854.0,5,1,799.0
1331.0,20200130,345.0,161,4.0,10,13.0,1.0,74354.40000000001,39249.0,20,1,35105.40000000001
1332.0,20220830,483.0,139,22.0,18,11.0,1.0,39238.8,61733.0,5,0,-22494.199999999997
1333.0,20230528,132.0,244,22.0,13,5.0,1.0,44439.1,36378.0,5,0,8061.0999999999985
1334.0,20240829,72.0,128,31.0,11,3.0,1.0,74416.0,72207.0,20,0,2209.0
1335.0,20200403,114.0,178,3.0,3,1.0,1.0,36470.7,41846.0,10,0,-5375.300000000003
1336.0,20240110,129.0,289,10.0,1,9.0,1.0,94299.84999999999,79817.0,5,1,14482.849999999991
1337.0,20220702,25.0,97,9.0,2,15.0,1.0,84555.0,32843.0,10,1,51712.0
1338.0,20200904,212.0,149,19.0,14,8.0,1.0,69750.0,53180.0,10,0,16570.0
1339.0,20240217,388.0,198,21.0,8,5.0,1.0,69189.6,32737.0,20,1,36452.600000000006
1340.0,20220529,5.0,136,18.0,16,5.0,1.0,47559.85,38549.0,5,1,9010.849999999999
1341.0,20240106,242.0,287,41.0,20,11.0,1.0,42717.6,73986.0,10,0,-31268.4
1342.0,20220328,286.0,102,33.0,20,7.0,1.0,68021.25,60009.0,15,1,8012.25
1343.0,20240711,288.0,259,25.0,6,15.0,1.0,59845.25,71498.0,5,1,-11652.75
1344.0,20200724,82.0,85,26.0,9,15.0,1.0,45711.9,74560.0,10,0,-28848.1
1345.0,20240626,45.0,198,34.0,1,2.0,1.0,88628.34999999999,46699.0,5,0,41929.34999999999
1346.0,20240508,436.0,203,16.0,7,11.0,1.0,85084.84999999999,72297.0,5,1,12787.849999999991
1347.0,20201209,40.0,79,50.0,13,8.0,1.0,50883.0,42769.0,0,1,8114.0
1348.0,20220209,305.0,179,1.0,19,14.0,1.0,55025.1,50984.0,10,0,4041.0999999999985
1349.0,20200930,421.0,247,4.0,4,8.0,1.0,71776.3,58531.0,5,0,13245.300000000003
1350.0,,17.0,122,24.0,4,5.0,1.0,45992.0,43428.0,0,1,2564.0
1351.0,20240314,72.0,22,25.0,10,13.0,1.0,57696.0,66962.0,0,0,-9266.0
1352.0,20200324,58.0,4,50.0,6,10.0,1.0,67531.2,46815.0,20,1,20716.199999999997
1353.0,20220929,414.0,102,21.0,11,8.0,1.0,56125.0,59318.0,0,1,-3193.0
1354.0,20220719,129.0,117,32.0,11,11.0,1.0,40178.4,63419.0,20,0,-23240.6
1355.0,20200301,372.0,67,2.0,14,3.0,1.0,33132.6,46752.0,10,1,-13619.400000000001
1356.0,20230723,34.0,26,4.0,7,5.0,1.0,77918.40000000001,56577.0,20,0,21341.40000000001
1357.0,20220710,278.0,209,31.0,9,7.0,1.0,39123.0,52172.0,10,1,-13049.0
1358.0,20221225,248.0,3,10.0,5,5.0,1.0,52140.0,58863.0,20,0,-6723.0
1359.0,20210809,121.0,98,46.0,19,9.0,1.0,45813.6,70134.0,10,1,-24320.4
1360.0,20200425,,123,20.0,8,14.0,1.0,66019.0,40192.0,0,0,25827.0
1361.0,20210719,139.0,101,24.0,14,5.0,1.0,64329.3,64614.0,10,1,-284.6999999999971
1362.0,20221101,379.0,54,41.0,6,2.0,1.0,48535.2,72044.0,10,1,-23508.800000000003
1363.0,20241015,63.0,92,37.0,7,1.0,1.0,56181.0,43388.0,0,0,12793.0
1364.0,20240301,134.0,91,17.0,3,8.0,1.0,38305.6,78506.0,20,0,-40200.4
1365.0,20240624,197.0,138,29.0,20,14.0,1.0,59747.0,31735.0,0,0,28012.0
1366.0,20220911,359.0,225,1.0,7,3.0,1.0,35276.0,30145.0,20,0,5131.0
1367.0,20200622,213.0,41,3.0,13,5.0,1.0,54799.2,70532.0,10,1,-15732.800000000003
1368.0,20200228,329.0,35,45.0,16,6.0,1.0,70409.7,51211.0,10,0,19198.699999999997
1369.0,20240420,338.0,52,28.0,8,9.0,1.0,75278.55,48398.0,15,0,26880.550000000003
1370.0,20200731,218.0,9,9.0,5,9.0,1.0,54068.0,62794.0,0,0,-8726.0
1371.0,20220728,143.0,120,29.0,16,15.0,1.0,48451.89999999999,72002.0,5,0,-23550.100000000013
1372.0,20241201,287.0,283,18.0,6,3.0,1.0,86300.84999999999,41134.0,5,0,45166.84999999999
1373.0,20241225,131.0,138,27.0,3,6.0,1.0,77733.75,67378.0,5,0,10355.75
1374.0,20241217,36.0,146,26.0,17,7.0,1.0,38902.0,47768.0,0,1,-8866.0
1375.0,20240823,270.0,196,25.0,20,12.0,1.0,82917.5,76654.0,15,1,6263.5
1376.0,20231102,119.0,155,36.0,7,15.0,1.0,95164.0,69642.0,0,1,25522.0
1377.0,20210217,213.0,123,33.0,20,6.0,1.0,56680.0,49581.0,0,1,7099.0
1378.0,20201020,196.0,70,48.0,3,7.0,1.0,89502.3,78837.0,10,1,10665.300000000003
1379.0,20200421,408.0,64,45.0,8,3.0,1.0,57490.4,48720.0,20,1,8770.400000000001
1380.0,20250130,168.0,81,999.0,18,14.0,1.0,47620.8,40538.0,20,0,7082.800000000003
1381.0,20230107,197.0,151,20.0,9,6.0,1.0,33279.3,30386.0,10,1,2893.300000000003
1382.0,20230926,404.0,155,45.0,11,2.0,1.0,65495.05,79726.0,15,0,-14230.949999999997
1383.0,20210814,425.0,212,21.0,13,11.0,1.0,38716.3,78873.0,5,0,-40156.7
1384.0,20220429,342.0,47,44.0,4,9.0,1.0,52541.60000000001,78674.0,20,0,-26132.399999999987
1385.0,20200601,290.0,8,12.0,7,9.0,1.0,46889.14999999999,34702.0,5,1,12187.149999999987
1386.0,20211212,35.0,231,37.0,17,3.0,1.0,71733.2,67425.0,15,0,4308.199999999997
1387.0,20230314,105.0,41,25.0,13,14.0,1.0,42761.60000000001,61632.0,20,0,-18870.399999999987
1388.0,20240418,350.0,216,24.0,7,10.0,1.0,52664.8,57340.0,20,1,-4675.199999999997
1389.0,20200614,410.0,105,44.0,13,2.0,1.0,79744.8,75532.0,20,0,4212.800000000003
1390.0,20220227,7.0,35,2.0,3,7.0,1.0,64535.39999999999,40720.0,5,1,23815.399999999987
1391.0,20240901,316.0,213,43.0,20,4.0,1.0,57120.0,74818.0,15,1,-17698.0
1392.0,20220723,353.0,176,26.0,2,13.0,1.0,57433.0,71376.0,0,1,-13943.0
1393.0,20210518,204.0,37,32.0,4,7.0,1.0,56496.0,34838.0,0,0,21658.0
1394.0,20241103,212.0,291,21.0,10,7.0,1.0,86032.0,68037.0,0,0,17995.0
1395.0,,278.0,299,1.0,7,3.0,1.0,82451.7,39282.0,15,1,43169.7
1396.0,20241011,55.0,274,1.0,7,8.0,1.0,69409.3,71542.0,15,0,-2132.699999999997
1397.0,20230421,484.0,115,21.0,1,7.0,1.0,62020.25,36595.0,15,0,25425.25
1398.0,20201006,201.0,3,11.0,12,10.0,1.0,36366.95,73324.0,5,0,-36957.05
1399.0,20220712,66.0,168,2.0,11,4.0,1.0,71619.2,38005.0,20,0,33614.2
1400.0,,201.0,255,34.0,4,2.0,1.0,42485.60000000001,69608.0,20,1,-27122.399999999987
1401.0,20240818,56.0,130,19.0,20,3.0,1.0,52342.2,79525.0,10,0,-27182.800000000003
1402.0,20230301,379.0,230,50.0,19,10.0,1.0,58916.05,77704.0,15,0,-18787.949999999997
1403.0,20230202,147.0,123,8.0,8,6.0,1.0,60026.0,79290.0,0,1,-19264.0
1404.0,20210706,54.0,230,34.0,2,1.0,1.0,39448.8,69765.0,10,0,-30316.199999999997
1405.0,20220903,96.0,251,13.0,11,5.0,1.0,53794.8,41466.0,10,1,12328.800000000003
1406.0,20240215,162.0,154,49.0,2,7.0,1.0,61693.85,69553.0,15,0,-7859.1500000000015
1407.0,20231209,279.0,216,15.0,7,1.0,1.0,67155.5,69879.0,5,0,-2723.5
1408.0,20241013,488.0,104,5.0,11,9.0,1.0,81146.15,48277.0,5,0,32869.149999999994
1409.0,20220819,4.0,57,14.0,6,9.0,1.0,70043.4,57391.0,15,0,12652.399999999994
1410.0,20250130,212.0,144,44.0,13,15.0,1.0,73457.6,30063.0,20,0,43394.600000000006
1411.0,20241118,189.0,123,31.0,7,10.0,1.0,36834.0,44723.0,0,1,-7889.0
1412.0,20220302,417.0,224,19.0,18,1.0,1.0,37049.6,57382.0,20,0,-20332.4
1413.0,20200730,90.0,91,36.0,13,8.0,1.0,38108.3,43719.0,5,0,-5610.699999999997
1414.0,20210426,78.0,264,4.0,8,13.0,1.0,77279.45,46654.0,15,0,30625.449999999997
1415.0,20240206,498.0,2,28.0,4,13.0,1.0,33980.45,53068.0,15,0,-19087.550000000003
1416.0,20230707,405.0,10,5.0,13,8.0,1.0,33554.4,70911.0,20,0,-37356.6
1417.0,20201211,241.0,141,40.0,3,4.0,1.0,39998.0,60206.0,0,0,-20208.0
1418.0,20240323,384.0,174,5.0,11,13.0,1.0,58141.60000000001,59824.0,20,1,-1682.399999999987
1419.0,20220904,401.0,261,22.0,6,12.0,1.0,40733.15,30234.0,5,0,10499.150000000001
1420.0,20211227,384.0,87,49.0,8,5.0,1.0,68186.25,45709.0,5,0,22477.25
1421.0,20211116,80.0,131,43.0,1,10.0,1.0,88224.0,50927.0,0,0,37297.0
1422.0,20231225,65.0,27,17.0,3,5.0,1.0,72304.2,37026.0,10,1,35278.2
1423.0,20200114,259.0,151,31.0,13,9.0,1.0,49360.0,38853.0,0,0,10507.0
1424.0,20220507,265.0,300,29.0,5,9.0,1.0,32573.7,56355.0,10,0,-23781.3
1425.0,20200124,112.0,268,11.0,8,4.0,1.0,45736.8,46285.0,20,1,-548.1999999999971
1426.0,20240129,184.0,276,20.0,3,8.0,1.0,39039.3,31978.0,5,0,7061.300000000003
1427.0,20200213,439.0,274,50.0,15,6.0,1.0,82436.4,61409.0,15,1,21027.399999999994
1428.0,20211017,278.0,255,44.0,4,9.0,1.0,74599.4,40587.0,15,1,34012.399999999994
1429.0,20230821,158.0,285,8.0,18,3.0,1.0,40925.7,75497.0,10,0,-34571.3
1430.0,20221008,33.0,287,34.0,15,1.0,1.0,41698.45,48225.0,15,0,-6526.550000000003
1431.0,20201121,385.0,3,50.0,4,10.0,1.0,43032.1,39764.0,15,0,3268.0999999999985
1432.0,20230927,376.0,249,29.0,14,8.0,1.0,88244.0,42773.0,0,0,45471.0
1433.0,20240612,166.0,254,4.0,10,1.0,1.0,66160.0,37000.0,0,1,29160.0
1434.0,20231109,51.0,1,12.0,11,5.0,1.0,46510.1,58178.0,5,0,-11667.900000000001
1435.0,20200420,250.0,74,31.0,17,14.0,1.0,50289.3,34374.0,10,1,15915.300000000003
1436.0,20220225,457.0,56,9.0,20,8.0,1.0,31393.9,46866.0,15,0,-15472.099999999999
1437.0,20210506,336.0,59,36.0,17,9.0,1.0,96934.0,40922.0,0,0,56012.0
1438.0,20201116,96.0,152,24.0,15,10.0,1.0,33279.3,37808.0,10,1,-4528.699999999997
1439.0,20211116,253.0,299,2.0,13,11.0,1.0,40374.9,69105.0,10,1,-28730.1
1440.0,,,244,999.0,7,10.0,1.0,74460.0,59775.0,15,0,14685.0
1441.0,20200807,58.0,193,44.0,9,5.0,1.0,34684.8,39249.0,20,0,-4564.199999999997
1442.0,20221120,369.0,129,1.0,20,9.0,1.0,53560.0,37206.0,20,0,16354.0
1443.0,20200718,437.0,13,12.0,17,7.0,1.0,48760.25,44506.0,15,0,4254.25
1444.0,20230511,456.0,133,40.0,6,2.0,1.0,81644.9,55987.0,5,1,25657.899999999994
1445.0,20210912,77.0,222,19.0,17,4.0,1.0,53740.8,53227.0,20,0,513.8000000000029
1446.0,20210321,149.0,74,7.0,9,11.0,1.0,35745.6,60917.0,20,1,-25171.4
1447.0,20230422,399.0,259,41.0,9,3.0,1.0,59182.0,44368.0,0,0,14814.0
1448.0,20230724,196.0,224,14.0,8,8.0,1.0,45849.60000000001,60802.0,20,0,-14952.399999999987
1449.0,20200714,17.0,42,15.0,19,15.0,1.0,54300.6,79079.0,10,0,-24778.4
1450.0,20200104,16.0,221,7.0,16,9.0,1.0,62554.64999999999,46843.0,5,1,15711.649999999987
1451.0,20210624,127.0,280,15.0,5,3.0,1.0,39902.4,48514.0,10,0,-8611.599999999999
1452.0,20230407,231.0,174,46.0,10,14.0,1.0,59069.05,48479.0,15,0,10590.050000000003
1453.0,20210927,278.0,287,9.0,8,7.0,1.0,80977.0,67763.0,0,0,13214.0
1454.0,20240312,361.0,35,9.0,20,8.0,1.0,53519.2,67630.0,5,1,-14110.800000000003
1455.0,20230208,493.0,254,30.0,12,11.0,1.0,56849.89999999999,68234.0,5,1,-11384.100000000013
1456.0,20200720,282.0,259,38.0,11,11.0,1.0,67010.0,51090.0,0,0,15920.0
1457.0,20201114,366.0,90,8.0,17,12.0,1.0,79635.6,49491.0,10,1,30144.600000000006
1458.0,20231222,443.0,192,14.0,11,11.0,1.0,48342.4,38524.0,20,0,9818.400000000001
1459.0,20240317,1.0,44,10.0,14,15.0,1.0,94222.9,76398.0,5,1,17824.899999999994
1460.0,20240308,200.0,79,47.0,13,1.0,1.0,54565.75,64866.0,15,1,-10300.25
1461.0,20210401,335.0,37,22.0,19,10.0,1.0,42033.0,45501.0,0,0,-3468.0
1462.0,20200704,310.0,202,30.0,9,4.0,1.0,54434.7,35060.0,10,0,19374.699999999997
1463.0,20211028,101.0,84,6.0,12,5.0,1.0,45544.0,34010.0,20,1,11534.0
1464.0,20231120,245.0,66,24.0,8,3.0,1.0,31372.8,40263.0,20,0,-8890.2
1465.0,20240524,89.0,243,2.0,5,11.0,1.0,55758.35,54156.0,5,0,1602.3499999999985
1466.0,20220424,446.0,270,34.0,10,5.0,1.0,55678.5,72527.0,10,1,-16848.5
1467.0,20200810,78.0,26,8.0,12,1.0,1.0,70929.6,50348.0,20,0,20581.600000000006
1468.0,20220625,349.0,256,15.0,10,5.0,1.0,69198.40000000001,55172.0,20,0,14026.400000000009
1469.0,20230514,488.0,39,4.0,16,5.0,1.0,93069.0,66006.0,0,1,27063.0
1470.0,,130.0,289,37.0,8,10.0,1.0,51639.2,61903.0,20,1,-10263.800000000003
1471.0,20210624,153.0,226,16.0,12,13.0,1.0,63809.60000000001,69033.0,20,0,-5223.399999999987
1472.0,20211111,223.0,245,25.0,9,6.0,1.0,58025.25,44566.0,15,0,13459.25
1473.0,20210721,435.0,166,21.0,11,5.0,1.0,56894.55,45080.0,5,1,11814.550000000003
1474.0,20230502,337.0,29,26.0,16,7.0,1.0,75142.0,54145.0,0,0,20997.0
1475.0,20221027,392.0,239,27.0,17,13.0,1.0,79449.3,72023.0,10,1,7426.300000000003
1476.0,20210816,500.0,72,10.0,6,7.0,1.0,47651.05,70118.0,5,1,-22466.949999999997
1477.0,20221010,344.0,227,43.0,19,6.0,1.0,73771.2,35934.0,10,0,37837.2
1478.0,20210107,413.0,245,3.0,1,2.0,1.0,93874.25,75758.0,5,0,18116.25
1479.0,20240824,281.0,115,1.0,16,9.0,1.0,44634.6,35535.0,10,0,9099.599999999999
1480.0,20240525,287.0,217,24.0,2,4.0,1.0,55904.4,73693.0,10,1,-17788.6
1481.0,20200405,164.0,92,19.0,7,9.0,1.0,44912.0,59330.0,0,1,-14418.0
1482.0,20200701,9.0,156,41.0,14,4.0,1.0,38511.9,73982.0,10,1,-35470.1
1483.0,20220614,340.0,155,20.0,2,11.0,1.0,68243.40000000001,67400.0,10,0,843.4000000000087
1484.0,20210617,333.0,150,23.0,16,5.0,1.0,33100.0,78745.0,20,0,-45645.0
1485.0,,206.0,18,20.0,16,12.0,1.0,52985.6,78276.0,15,0,-25290.4
1486.0,20200421,297.0,257,12.0,10,2.0,1.0,60140.9,71071.0,15,1,-10930.099999999999
1487.0,20210727,210.0,179,23.0,13,6.0,1.0,64650.0,62805.0,0,0,1845.0
1488.0,20240417,332.0,173,22.0,9,2.0,1.0,47133.0,35405.0,10,1,11728.0
1489.0,20220628,496.0,189,2.0,17,4.0,1.0,59191.2,46665.0,20,1,12526.199999999997
1490.0,20220228,85.0,62,10.0,7,2.0,1.0,34499.2,75468.0,20,1,-40968.8
1491.0,20231128,221.0,38,33.0,1,1.0,1.0,48648.9,61538.0,15,1,-12889.099999999999
1492.0,20220618,201.0,109,9.0,8,5.0,1.0,54889.6,40378.0,15,0,14511.599999999999
1493.0,20231223,260.0,299,49.0,12,14.0,1.0,53636.8,57333.0,20,0,-3696.199999999997
1494.0,20210122,352.0,96,20.0,20,4.0,1.0,64503.0,61697.0,0,0,2806.0
1495.0,20230227,341.0,6,8.0,17,8.0,1.0,54252.8,44554.0,20,0,9698.800000000003
1496.0,20230204,126.0,7,12.0,2,11.0,1.0,48823.2,48986.0,20,1,-162.8000000000029
1497.0,20200317,492.0,173,2.0,11,10.0,1.0,32056.8,32173.0,20,0,-116.20000000000073
1498.0,20240325,445.0,215,34.0,8,4.0,1.0,78007.2,59001.0,20,1,19006.199999999997
1499.0,20221227,309.0,204,15.0,11,2.0,1.0,80179.2,63663.0,10,0,16516.199999999997
1500.0,20250130,402.0,233,999.0,8,9.0,1.0,63167.2,68840.0,20,1,-5672.800000000003
1501.0,20240830,160.0,294,42.0,16,15.0,1.0,45783.9,64291.0,10,0,-18507.1
1502.0,20231010,185.0,28,14.0,19,7.0,1.0,79976.0,53761.0,20,0,26215.0
1503.0,20220327,25.0,103,48.0,19,14.0,1.0,36646.25,55114.0,5,1,-18467.75
1504.0,20240919,150.0,44,5.0,4,14.0,1.0,76468.5,51918.0,10,0,24550.5
1505.0,20200421,415.0,189,49.0,1,7.0,1.0,43108.6,37171.0,15,1,5937.5999999999985
1506.0,20201130,87.0,148,40.0,5,7.0,1.0,47559.0,52094.0,0,1,-4535.0
1507.0,20231009,468.0,163,27.0,17,15.0,1.0,51476.7,40303.0,5,0,11173.699999999997
1508.0,20200801,241.0,165,6.0,4,4.0,1.0,35487.0,46657.0,0,1,-11170.0
1509.0,20230206,232.0,126,9.0,19,14.0,1.0,37212.45,32008.0,5,0,5204.449999999997
1510.0,20240229,216.0,130,42.0,5,2.0,1.0,69614.0,79341.0,0,0,-9727.0
1511.0,20240320,205.0,77,13.0,10,14.0,1.0,60710.4,79385.0,10,0,-18674.6
1512.0,20200419,221.0,54,44.0,2,2.0,1.0,59384.8,65607.0,20,0,-6222.199999999997
1513.0,20200711,8.0,157,49.0,20,11.0,1.0,77463.9,72796.0,15,0,4667.899999999994
1514.0,20230302,429.0,131,42.0,11,1.0,1.0,62072.1,37574.0,10,0,24498.1
1515.0,20241031,182.0,272,28.0,7,5.0,1.0,97018.0,55999.0,0,0,41019.0
1516.0,20200105,250.0,61,32.0,3,14.0,1.0,92742.8,45821.0,5,0,46921.8
1517.0,20241102,388.0,60,42.0,7,5.0,1.0,64040.45,76425.0,5,0,-12384.550000000003
1518.0,20230920,459.0,18,22.0,15,14.0,1.0,61473.6,72564.0,10,1,-11090.400000000001
1519.0,20200623,329.0,115,44.0,5,4.0,1.0,58267.8,52821.0,10,1,5446.800000000003
1520.0,20201012,,244,47.0,19,14.0,1.0,93911.29999999999,56542.0,5,1,37369.29999999999
1521.0,20220518,465.0,295,11.0,15,14.0,1.0,57456.8,53151.0,20,1,4305.800000000003
1522.0,20220701,28.0,119,8.0,9,1.0,1.0,57703.5,42933.0,10,0,14770.5
1523.0,20200428,157.0,8,36.0,4,13.0,1.0,78297.09999999999,66160.0,5,0,12137.099999999991
1524.0,20230813,252.0,238,27.0,2,15.0,1.0,71167.09999999999,44179.0,15,1,26988.09999999999
1525.0,20221006,47.0,48,44.0,7,10.0,1.0,67117.0,46049.0,0,1,21068.0
1526.0,20200917,5.0,276,12.0,16,5.0,1.0,32260.9,38492.0,15,0,-6231.0999999999985
1527.0,20230128,125.0,69,11.0,4,14.0,1.0,61330.4,70912.0,20,1,-9581.599999999999
1528.0,20210617,357.0,277,19.0,18,1.0,1.0,73924.2,75680.0,10,0,-1755.800000000003
1529.0,20241123,472.0,289,15.0,8,1.0,1.0,66697.2,78255.0,10,0,-11557.800000000003
1530.0,,199.0,222,46.0,10,5.0,1.0,74632.8,32634.0,20,0,41998.8
1531.0,20240221,406.0,209,34.0,14,2.0,1.0,64064.0,50726.0,0,0,13338.0
1532.0,20220912,342.0,286,17.0,1,13.0,1.0,82117.65,52164.0,15,0,29953.649999999994
1533.0,20230430,339.0,127,17.0,13,7.0,1.0,49624.2,53738.0,10,1,-4113.800000000003
1534.0,20240904,259.0,95,30.0,9,5.0,1.0,63800.8,78882.0,20,0,-15081.199999999997
1535.0,20241014,157.0,131,43.0,16,10.0,1.0,83091.75,72206.0,15,0,10885.75
1536.0,20230419,24.0,52,28.0,15,2.0,1.0,44075.2,59253.0,20,1,-15177.800000000003
1537.0,20230916,195.0,297,38.0,12,5.0,1.0,33042.6,37653.0,10,0,-4610.4000000000015
1538.0,20230714,247.0,29,21.0,10,4.0,1.0,64158.85,46780.0,15,1,17378.85
1539.0,20240211,479.0,210,44.0,19,8.0,1.0,34892.55,51886.0,5,0,-16993.449999999997
1540.0,,397.0,260,12.0,14,5.0,1.0,42826.4,31497.0,15,0,11329.400000000001
1541.0,20230415,395.0,204,7.0,9,2.0,1.0,59023.15,74614.0,15,1,-15590.849999999999
1542.0,20221208,298.0,177,4.0,2,2.0,1.0,66256.8,61223.0,5,1,5033.800000000003
1543.0,20210622,158.0,222,42.0,13,1.0,1.0,76626.05,35917.0,5,1,40709.05
1544.0,20230321,80.0,50,38.0,13,15.0,1.0,87653.7,69501.0,10,0,18152.699999999997
1545.0,20240606,107.0,154,47.0,11,3.0,1.0,76282.0,66037.0,0,0,10245.0
1546.0,20240211,417.0,102,36.0,8,9.0,1.0,54792.0,76068.0,20,0,-21276.0
1547.0,20200724,305.0,250,25.0,13,12.0,1.0,57635.1,31180.0,10,0,26455.1
1548.0,20230624,264.0,5,29.0,2,7.0,1.0,61664.5,46285.0,5,0,15379.5
1549.0,20230307,41.0,59,3.0,8,4.0,1.0,88255.0,36004.0,0,0,52251.0
1550.0,20201116,213.0,54,19.0,3,2.0,1.0,30321.6,73185.0,20,1,-42863.4
1551.0,20240824,81.0,107,22.0,11,8.0,1.0,95001.0,41211.0,0,1,53790.0
1552.0,20241001,437.0,125,39.0,7,6.0,1.0,66914.1,56622.0,10,0,10292.100000000006
1553.0,20241206,171.0,87,49.0,17,2.0,1.0,62756.0,47265.0,20,1,15491.0
1554.0,20200706,56.0,285,3.0,13,15.0,1.0,41550.3,66481.0,10,0,-24930.699999999997
1555.0,20210823,71.0,276,33.0,17,3.0,1.0,70963.2,58721.0,10,1,12242.199999999997
1556.0,20220421,341.0,276,43.0,14,12.0,1.0,49415.0,47345.0,0,0,2070.0
1557.0,20221220,63.0,8,24.0,9,11.0,1.0,60588.0,61015.0,15,0,-427.0
1558.0,20230628,24.0,82,11.0,19,8.0,1.0,77842.40000000001,30699.0,20,1,47143.40000000001
1559.0,20200715,425.0,300,4.0,6,12.0,1.0,85738.0,73985.0,0,0,11753.0
1560.0,20250130,77.0,207,999.0,12,7.0,1.0,79969.7,44842.0,15,0,35127.7
1561.0,20220106,224.0,204,10.0,7,1.0,1.0,53594.4,63648.0,20,0,-10053.599999999999
1562.0,20241010,199.0,287,19.0,14,12.0,1.0,28233.6,71924.0,20,1,-43690.4
1563.0,20240311,3.0,213,19.0,16,9.0,1.0,48501.3,74776.0,5,1,-26274.699999999997
1564.0,20210103,65.0,59,31.0,11,8.0,1.0,86211.90000000001,65744.0,10,1,20467.90000000001
1565.0,20230206,85.0,95,30.0,7,9.0,1.0,36271.2,33675.0,15,0,2596.199999999997
1566.0,20211109,177.0,137,3.0,1,7.0,1.0,29156.8,38334.0,20,0,-9177.2
1567.0,20220121,111.0,293,39.0,5,7.0,1.0,91504.0,67181.0,5,0,24323.0
1568.0,20200621,42.0,153,14.0,10,11.0,1.0,65627.1,55517.0,10,0,10110.100000000006
1569.0,20200117,355.0,299,16.0,18,5.0,1.0,71686.05,59343.0,5,0,12343.050000000003
1570.0,20240720,417.0,14,33.0,18,8.0,1.0,48512.7,50338.0,5,1,-1825.300000000003
1571.0,20200710,238.0,258,3.0,17,10.0,1.0,68612.8,66356.0,20,0,2256.800000000003
1572.0,20220213,256.0,54,37.0,17,13.0,1.0,39434.9,74931.0,15,0,-35496.1
1573.0,20200118,465.0,88,19.0,15,4.0,1.0,79408.0,34920.0,0,1,44488.0
1574.0,20210109,109.0,272,41.0,11,2.0,1.0,89287.65,57294.0,5,1,31993.649999999994
1575.0,,353.0,153,34.0,18,8.0,1.0,82500.0,62682.0,0,1,19818.0
1576.0,20210519,377.0,277,18.0,16,4.0,1.0,90098.0,37827.0,0,0,52271.0
1577.0,20200827,231.0,17,19.0,4,10.0,1.0,68053.6,30888.0,20,0,37165.600000000006
1578.0,20200330,163.0,135,9.0,20,7.0,1.0,72522.0,41708.0,0,1,30814.0
1579.0,20210117,134.0,209,23.0,20,10.0,1.0,71563.2,73673.0,15,0,-2109.800000000003
1580.0,20230819,31.0,284,31.0,19,7.0,1.0,89554.0,50015.0,0,1,39539.0
1581.0,20200421,421.0,223,22.0,13,2.0,1.0,53686.0,36971.0,15,0,16715.0
1582.0,20240314,438.0,162,50.0,4,8.0,1.0,45344.0,42995.0,0,0,2349.0
1583.0,20201014,207.0,76,42.0,9,15.0,1.0,53175.15,60040.0,15,0,-6864.8499999999985
1584.0,20230228,32.0,135,23.0,12,15.0,1.0,68925.34999999999,75948.0,5,1,-7022.650000000009
1585.0,20231022,345.0,51,15.0,9,8.0,1.0,52011.2,62440.0,20,0,-10428.800000000003
1586.0,20230506,256.0,202,43.0,1,10.0,1.0,74040.09999999999,66891.0,15,0,7149.099999999991
1587.0,20230810,89.0,63,38.0,2,6.0,1.0,55922.35,69612.0,15,0,-13689.650000000001
1588.0,20230603,186.0,76,14.0,1,11.0,1.0,72302.40000000001,60631.0,10,1,11671.400000000009
1589.0,20240420,277.0,64,17.0,5,8.0,1.0,46938.7,55785.0,15,1,-8846.300000000003
1590.0,20250130,439.0,206,22.0,9,13.0,1.0,81649.3,41750.0,15,1,39899.3
1591.0,20220715,252.0,256,18.0,4,12.0,1.0,70232.8,67074.0,20,1,3158.800000000003
1592.0,20200524,414.0,162,22.0,16,11.0,1.0,76050.34999999999,65611.0,15,0,10439.349999999991
1593.0,20241223,37.0,217,34.0,1,14.0,1.0,70035.2,31336.0,20,0,38699.2
1594.0,20231222,450.0,117,47.0,16,14.0,1.0,79167.3,44140.0,15,1,35027.3
1595.0,20230901,198.0,40,7.0,11,10.0,1.0,54508.8,31722.0,15,1,22786.800000000003
1596.0,20230818,59.0,104,41.0,12,8.0,1.0,90299.0,34879.0,0,1,55420.0
1597.0,20240131,278.0,46,28.0,9,8.0,1.0,35621.8,67948.0,15,0,-32326.199999999997
1598.0,20230419,369.0,1,48.0,12,11.0,1.0,55454.0,49929.0,15,0,5525.0
1599.0,20241006,392.0,11,7.0,10,14.0,1.0,36283.1,42177.0,15,1,-5893.9000000000015
1600.0,20220603,,279,4.0,2,7.0,1.0,48264.0,67931.0,0,1,-19667.0
1601.0,20230130,28.0,138,3.0,20,8.0,1.0,37628.1,43286.0,10,0,-5657.9000000000015
1602.0,20201228,442.0,251,40.0,9,8.0,1.0,40531.5,63078.0,10,0,-22546.5
1603.0,20200206,357.0,250,25.0,5,9.0,1.0,61410.85,55208.0,5,0,6202.8499999999985
1604.0,20241211,151.0,41,35.0,19,11.0,1.0,47592.0,36935.0,20,1,10657.0
1605.0,20221009,373.0,226,39.0,12,9.0,1.0,31144.8,47152.0,20,1,-16007.2
1606.0,20201130,361.0,219,49.0,13,1.0,1.0,53516.0,71856.0,15,0,-18340.0
1607.0,20200708,286.0,6,6.0,2,8.0,1.0,31898.7,48669.0,10,0,-16770.3
1608.0,20210621,92.0,136,9.0,19,15.0,1.0,59408.8,34933.0,20,0,24475.800000000003
1609.0,20200904,227.0,85,16.0,9,6.0,1.0,72441.0,43009.0,10,0,29432.0
1610.0,,399.0,189,30.0,20,3.0,1.0,46679.2,79682.0,5,1,-33002.8
1611.0,20240520,358.0,222,21.0,1,9.0,1.0,34432.75,54496.0,5,0,-20063.25
1612.0,20211222,244.0,226,2.0,12,9.0,1.0,73082.55,71290.0,5,0,1792.550000000003
1613.0,20240216,74.0,44,49.0,10,8.0,1.0,89357.0,36255.0,0,1,53102.0
1614.0,20240709,303.0,260,49.0,11,5.0,1.0,54522.9,70091.0,10,1,-15568.099999999999
1615.0,20230313,475.0,106,44.0,2,10.0,1.0,65487.3,43742.0,5,0,21745.300000000003
1616.0,20230826,39.0,73,49.0,17,4.0,1.0,66768.0,42159.0,0,1,24609.0
1617.0,20220731,334.0,298,34.0,17,2.0,1.0,63769.5,41017.0,10,0,22752.5
1618.0,20210311,491.0,16,46.0,4,14.0,1.0,68871.2,38803.0,20,0,30068.199999999997
1619.0,20240718,483.0,263,8.0,9,9.0,1.0,69632.84999999999,63594.0,15,1,6038.849999999991
1620.0,,47.0,183,999.0,7,13.0,1.0,43594.0,33752.0,0,0,9842.0
1621.0,20230323,126.0,86,36.0,15,6.0,1.0,41361.1,52548.0,5,1,-11186.900000000001
1622.0,20200111,499.0,116,42.0,2,2.0,1.0,57969.9,73417.0,10,1,-15447.099999999999
1623.0,20231225,444.0,81,24.0,12,3.0,1.0,68180.2,43415.0,15,1,24765.199999999997
1624.0,20210925,19.0,186,10.0,15,2.0,1.0,57892.05,68776.0,5,1,-10883.949999999997
1625.0,20220313,215.0,114,1.0,19,3.0,1.0,35385.5,69650.0,15,1,-34264.5
1626.0,20240411,23.0,201,11.0,10,11.0,1.0,65570.40000000001,63480.0,20,1,2090.4000000000087
1627.0,20220401,2.0,4,31.0,19,2.0,1.0,36433.55,52514.0,15,0,-16080.449999999997
1628.0,20220210,345.0,286,22.0,1,13.0,1.0,36237.6,61861.0,10,1,-25623.4
1629.0,20210204,74.0,33,38.0,20,6.0,1.0,37835.2,33259.0,15,0,4576.199999999997
1630.0,20240908,416.0,48,20.0,4,4.0,1.0,58801.3,72269.0,15,1,-13467.699999999997
1631.0,20231022,252.0,172,5.0,6,1.0,1.0,47220.0,57607.0,0,1,-10387.0
1632.0,20201006,230.0,59,43.0,18,13.0,1.0,95106.0,79862.0,0,0,15244.0
1633.0,20220817,146.0,285,38.0,3,15.0,1.0,38799.0,53133.0,0,0,-14334.0
1634.0,20240514,88.0,172,8.0,6,6.0,1.0,48572.55,30734.0,5,0,17838.550000000003
1635.0,20230406,310.0,113,26.0,4,14.0,1.0,36216.0,48973.0,0,1,-12757.0
1636.0,20200826,433.0,249,31.0,10,13.0,1.0,83971.8,37625.0,10,0,46346.8
1637.0,20211030,254.0,194,44.0,8,7.0,1.0,82546.05,47332.0,15,0,35214.05
1638.0,20240610,500.0,230,41.0,14,1.0,1.0,38594.7,65868.0,5,0,-27273.300000000003
1639.0,20220427,122.0,128,31.0,3,2.0,1.0,53824.0,42633.0,0,1,11191.0
1640.0,20240513,237.0,237,29.0,11,7.0,1.0,71244.0,48387.0,20,0,22857.0
1641.0,20241227,208.0,268,24.0,12,11.0,1.0,70893.90000000001,65848.0,10,0,5045.900000000009
1642.0,20231113,318.0,270,13.0,18,2.0,1.0,29781.6,54742.0,20,1,-24960.4
1643.0,20210220,69.0,118,31.0,14,15.0,1.0,63762.1,48758.0,5,0,15004.099999999999
1644.0,20200528,68.0,177,4.0,13,15.0,1.0,40896.05,35791.0,15,0,5105.050000000003
1645.0,20230602,7.0,129,34.0,14,11.0,1.0,38733.4,68512.0,5,0,-29778.6
1646.0,20240725,464.0,265,3.0,17,9.0,1.0,62619.5,57639.0,15,1,4980.5
1647.0,20200317,175.0,283,19.0,3,9.0,1.0,77064.95,48150.0,5,0,28914.949999999997
1648.0,20220414,281.0,230,40.0,14,9.0,1.0,52074.4,59628.0,20,0,-7553.5999999999985
1649.0,20240103,185.0,113,22.0,17,8.0,1.0,75510.40000000001,35611.0,20,1,39899.40000000001
1650.0,20250130,313.0,212,25.0,19,5.0,1.0,78557.84999999999,65476.0,15,1,13081.849999999991
1651.0,20210401,3.0,62,49.0,8,14.0,1.0,28176.0,77401.0,20,0,-49225.0
1652.0,20231021,16.0,282,47.0,4,2.0,1.0,58975.05,64341.0,5,1,-5365.949999999997
1653.0,20240525,86.0,34,5.0,13,6.0,1.0,58796.2,49744.0,15,1,9052.199999999997
1654.0,20210823,162.0,208,25.0,11,5.0,1.0,70427.7,34380.0,10,1,36047.7
1655.0,20241118,303.0,232,2.0,7,9.0,1.0,57180.8,55198.0,20,1,1982.800000000003
1656.0,20201009,312.0,239,29.0,14,13.0,1.0,40499.1,31287.0,15,1,9212.099999999999
1657.0,20220831,124.0,12,40.0,11,3.0,1.0,47700.9,42930.0,10,0,4770.9000000000015
1658.0,20230526,437.0,179,30.0,4,6.0,1.0,42932.0,33447.0,20,0,9485.0
1659.0,20210902,381.0,41,17.0,5,4.0,1.0,70417.6,37750.0,20,0,32667.600000000006
1660.0,20230411,194.0,199,8.0,14,1.0,1.0,55168.8,61387.0,20,1,-6218.199999999997
1661.0,20200422,145.0,232,30.0,3,8.0,1.0,55798.2,66747.0,10,0,-10948.800000000003
1662.0,20241229,126.0,87,32.0,4,12.0,1.0,68143.65,69931.0,15,1,-1787.3500000000058
1663.0,20220406,295.0,156,49.0,14,15.0,1.0,44536.95,56427.0,5,0,-11890.050000000003
1664.0,20210831,201.0,210,50.0,9,5.0,1.0,56052.85,55985.0,5,0,67.84999999999854
1665.0,,333.0,195,44.0,9,6.0,1.0,89079.59999999999,46353.0,5,0,42726.59999999999
1666.0,20231124,148.0,21,21.0,10,13.0,1.0,83439.45,38718.0,5,0,44721.45
1667.0,20220428,500.0,102,29.0,18,14.0,1.0,39082.05,31305.0,5,0,7777.050000000003
1668.0,20220529,468.0,40,28.0,5,12.0,1.0,59156.0,56734.0,0,1,2422.0
1669.0,20200913,32.0,134,17.0,11,14.0,1.0,71376.8,43772.0,20,0,27604.800000000003
1670.0,20200416,383.0,146,24.0,20,13.0,1.0,47614.5,74083.0,10,0,-26468.5
1671.0,20210925,138.0,12,8.0,11,4.0,1.0,36154.4,58811.0,20,0,-22656.6
1672.0,20230722,427.0,300,2.0,1,12.0,1.0,48374.95,62539.0,5,0,-14164.050000000003
1673.0,20200526,82.0,189,16.0,15,1.0,1.0,66442.40000000001,52616.0,20,0,13826.400000000009
1674.0,20240328,277.0,8,42.0,3,13.0,1.0,35794.0,43013.0,0,0,-7219.0
1675.0,20200311,175.0,240,38.0,12,8.0,1.0,57879.9,63264.0,10,1,-5384.0999999999985
1676.0,20231028,340.0,237,20.0,7,8.0,1.0,64063.25,61457.0,5,0,2606.25
1677.0,20231123,42.0,251,31.0,13,10.0,1.0,94188.7,35410.0,5,1,58778.7
1678.0,20231227,216.0,3,19.0,19,12.0,1.0,89843.40000000001,40376.0,10,1,49467.40000000001
1679.0,20220717,194.0,72,28.0,13,9.0,1.0,29999.2,37581.0,20,0,-7581.799999999999
1680.0,,,236,999.0,2,5.0,1.0,69857.25,64934.0,15,0,4923.25
1681.0,20201128,277.0,116,19.0,20,4.0,1.0,84869.0,68214.0,0,0,16655.0
1682.0,20240706,430.0,279,29.0,15,5.0,1.0,97453.0,55732.0,0,0,41721.0
1683.0,20230101,72.0,104,50.0,8,15.0,1.0,78156.0,55446.0,20,0,22710.0
1684.0,20220501,41.0,119,7.0,15,15.0,1.0,37188.35,36548.0,15,0,640.3499999999985
1685.0,20241220,66.0,232,20.0,14,4.0,1.0,62523.0,56896.0,10,0,5627.0
1686.0,20240223,219.0,163,15.0,3,14.0,1.0,59505.0,67522.0,0,1,-8017.0
1687.0,20210416,9.0,195,6.0,19,13.0,1.0,45656.8,39892.0,20,0,5764.800000000003
1688.0,20231119,65.0,28,16.0,7,15.0,1.0,76813.6,47239.0,20,0,29574.600000000006
1689.0,20220311,471.0,218,9.0,14,9.0,1.0,71678.45,31349.0,5,0,40329.45
1690.0,20231004,13.0,21,22.0,7,13.0,1.0,52996.8,58709.0,20,0,-5712.199999999997
1691.0,20220903,207.0,227,27.0,20,6.0,1.0,61275.0,49880.0,0,0,11395.0
1692.0,20200823,353.0,168,20.0,2,4.0,1.0,78068.8,64507.0,20,0,13561.800000000003
1693.0,20210925,234.0,147,43.0,18,2.0,1.0,59891.0,79607.0,15,0,-19716.0
1694.0,20201002,160.0,56,17.0,19,8.0,1.0,75891.4,41103.0,15,1,34788.399999999994
1695.0,20230305,251.0,3,49.0,17,11.0,1.0,35918.0,46541.0,0,0,-10623.0
1696.0,20211017,50.0,290,1.0,18,7.0,1.0,53109.75,71940.0,5,0,-18830.25
1697.0,20200414,7.0,283,48.0,18,15.0,1.0,61643.6,42787.0,5,1,18856.6
1698.0,20230623,440.0,240,50.0,3,11.0,1.0,86245.75,52832.0,5,0,33413.75
1699.0,20240927,158.0,299,24.0,2,3.0,1.0,32636.8,69911.0,20,0,-37274.2
1700.0,20200512,336.0,14,47.0,19,7.0,1.0,38082.55,71696.0,15,1,-33613.45
1701.0,20230416,322.0,50,20.0,6,5.0,1.0,66012.0,37929.0,0,0,28083.0
1702.0,20231105,90.0,253,43.0,16,3.0,1.0,57876.0,35264.0,20,1,22612.0
1703.0,20240526,420.0,218,46.0,7,8.0,1.0,86144.0,38369.0,0,1,47775.0
1704.0,20220619,177.0,138,16.0,16,3.0,1.0,53124.0,64908.0,20,0,-11784.0
1705.0,20221023,49.0,42,16.0,11,14.0,1.0,30607.65,42763.0,15,0,-12155.349999999999
1706.0,20200402,231.0,286,33.0,17,1.0,1.0,66257.0,62831.0,0,1,3426.0
1707.0,20220914,208.0,261,22.0,4,1.0,1.0,75331.25,48785.0,15,0,26546.25
1708.0,20240930,55.0,274,10.0,4,15.0,1.0,58967.05,67674.0,15,0,-8706.949999999997
1709.0,20220310,3.0,27,39.0,14,12.0,1.0,39709.60000000001,46927.0,20,0,-7217.399999999987
1710.0,,259.0,247,27.0,10,15.0,1.0,59811.95,33654.0,15,1,26157.949999999997
1711.0,20221122,15.0,164,37.0,15,2.0,1.0,66729.9,54074.0,5,1,12655.899999999994
1712.0,20200727,231.0,56,23.0,17,13.0,1.0,68355.3,54233.0,15,0,14122.300000000003
1713.0,20200106,239.0,65,34.0,15,13.0,1.0,35299.65,43469.0,15,1,-8169.3499999999985
1714.0,20240116,141.0,193,22.0,6,12.0,1.0,76832.0,56441.0,0,1,20391.0
1715.0,20210609,373.0,196,19.0,2,1.0,1.0,54412.2,41106.0,10,0,13306.199999999997
1716.0,20210324,412.0,9,49.0,9,6.0,1.0,43079.4,40821.0,10,0,2258.4000000000015
1717.0,20200102,261.0,289,40.0,7,10.0,1.0,60302.7,53564.0,10,1,6738.699999999997
1718.0,20200327,453.0,171,13.0,13,5.0,1.0,91356.75,65055.0,5,1,26301.75
1719.0,20230208,354.0,127,9.0,2,7.0,1.0,89615.0,39632.0,0,1,49983.0
1720.0,20230120,68.0,80,13.0,2,11.0,1.0,41437.1,75308.0,5,1,-33870.9
1721.0,20230402,32.0,166,19.0,9,15.0,1.0,62137.8,75634.0,10,1,-13496.199999999997
1722.0,20240307,141.0,201,11.0,11,15.0,1.0,78158.4,37994.0,5,0,40164.399999999994
1723.0,20221021,150.0,94,15.0,6,15.0,1.0,40935.6,68928.0,10,1,-27992.4
1724.0,20221205,173.0,150,24.0,6,11.0,1.0,76467.2,52176.0,20,1,24291.199999999997
1725.0,20240206,464.0,97,42.0,8,15.0,1.0,70938.40000000001,66229.0,20,1,4709.400000000009
1726.0,20230215,125.0,31,1.0,7,7.0,1.0,64602.4,78565.0,20,0,-13962.599999999999
1727.0,20240803,153.0,51,43.0,13,3.0,1.0,69131.7,66437.0,10,0,2694.699999999997
1728.0,20220917,362.0,211,48.0,17,1.0,1.0,89054.9,57582.0,5,1,31472.899999999994
1729.0,20200329,88.0,139,10.0,7,10.0,1.0,80579.0,33844.0,0,1,46735.0
1730.0,20201130,211.0,96,42.0,15,9.0,1.0,60333.0,58706.0,15,0,1627.0
1731.0,20240107,19.0,36,8.0,20,10.0,1.0,60672.0,54374.0,0,1,6298.0
1732.0,20220727,36.0,37,6.0,14,1.0,1.0,87982.2,76723.0,10,0,11259.199999999997
1733.0,20200527,15.0,268,17.0,12,6.0,1.0,54531.75,58223.0,15,1,-3691.25
1734.0,20210623,137.0,176,17.0,14,2.0,1.0,40195.0,37699.0,0,1,2496.0
1735.0,20240724,216.0,111,3.0,15,12.0,1.0,33678.45,39543.0,5,1,-5864.550000000003
1736.0,20240719,265.0,163,7.0,20,10.0,1.0,62334.4,78194.0,20,0,-15859.599999999999
1737.0,20230813,428.0,267,10.0,7,3.0,1.0,65173.75,47346.0,15,1,17827.75
1738.0,20220721,222.0,36,40.0,14,8.0,1.0,66583.2,31260.0,20,1,35323.2
1739.0,20200617,262.0,113,46.0,8,8.0,1.0,75077.55,41815.0,5,0,33262.55
1740.0,20250130,376.0,30,999.0,1,7.0,1.0,44838.35,66351.0,15,1,-21512.65
1741.0,20230128,11.0,178,3.0,12,4.0,1.0,57306.0,76924.0,0,0,-19618.0
1742.0,20220328,185.0,40,45.0,13,2.0,1.0,31451.2,57379.0,20,1,-25927.8
1743.0,20210725,57.0,8,22.0,4,4.0,1.0,34962.2,75582.0,15,1,-40619.8
1744.0,20220824,378.0,165,28.0,14,6.0,1.0,46505.35,33859.0,5,0,12646.349999999999
1745.0,20210525,39.0,70,6.0,1,11.0,1.0,80725.3,32933.0,5,0,47792.3
1746.0,20210728,78.0,13,17.0,19,4.0,1.0,32423.2,56121.0,20,1,-23697.8
1747.0,20240116,457.0,228,42.0,13,6.0,1.0,36880.0,32464.0,20,1,4416.0
1748.0,20200621,272.0,112,19.0,2,13.0,1.0,62892.0,34154.0,10,1,28738.0
1749.0,20231226,367.0,32,46.0,13,10.0,1.0,64018.0,50051.0,0,1,13967.0
1750.0,,304.0,104,1.0,14,2.0,1.0,88363.0,79512.0,0,1,8851.0
1751.0,20210131,457.0,159,22.0,2,9.0,1.0,48848.05,51603.0,5,0,-2754.949999999997
1752.0,20220812,486.0,272,13.0,8,15.0,1.0,57144.8,75044.0,20,0,-17899.199999999997
1753.0,20240513,22.0,32,49.0,5,8.0,1.0,55672.0,69726.0,20,0,-14054.0
1754.0,20240315,252.0,270,1.0,15,6.0,1.0,53580.6,63316.0,15,0,-9735.400000000001
1755.0,,324.0,112,40.0,3,12.0,1.0,58349.0,35540.0,0,0,22809.0
1756.0,20240417,394.0,39,2.0,13,2.0,1.0,31154.4,43301.0,20,1,-12146.599999999999
1757.0,20201001,372.0,262,25.0,18,4.0,1.0,79108.2,71017.0,10,0,8091.199999999997
1758.0,20240408,63.0,4,25.0,8,5.0,1.0,65124.0,41851.0,10,0,23273.0
1759.0,20230603,120.0,169,32.0,2,11.0,1.0,63707.0,47170.0,0,1,16537.0
1760.0,20200926,,123,42.0,12,14.0,1.0,77171.5,34114.0,15,0,43057.5
1761.0,20201205,239.0,80,13.0,20,5.0,1.0,68889.09999999999,55246.0,15,0,13643.099999999991
1762.0,20210820,180.0,175,34.0,16,1.0,1.0,91300.7,54778.0,5,0,36522.7
1763.0,20221008,432.0,87,37.0,5,7.0,1.0,54329.60000000001,34980.0,20,0,19349.600000000013
1764.0,20210821,352.0,293,33.0,7,13.0,1.0,46307.0,75341.0,0,1,-29034.0
1765.0,20220723,129.0,178,1.0,3,8.0,1.0,48313.15,67079.0,15,0,-18765.85
1766.0,20200724,424.0,284,45.0,8,3.0,1.0,81944.1,30531.0,10,0,51413.100000000006
1767.0,20211106,231.0,22,3.0,5,5.0,1.0,74294.1,73119.0,10,1,1175.1000000000058
1768.0,20220211,99.0,121,49.0,7,14.0,1.0,96004.0,56463.0,0,1,39541.0
1769.0,20241126,298.0,90,38.0,16,2.0,1.0,78496.0,69456.0,0,1,9040.0
1770.0,20250130,262.0,2,3.0,18,12.0,1.0,63480.0,35152.0,0,1,28328.0
1771.0,20230329,168.0,141,18.0,4,2.0,1.0,40097.9,42847.0,15,0,-2749.0999999999985
1772.0,20200807,306.0,34,2.0,7,13.0,1.0,70522.0,49833.0,0,1,20689.0
1773.0,20240704,339.0,154,24.0,19,11.0,1.0,90722.0,30195.0,0,1,60527.0
1774.0,20240109,395.0,288,44.0,11,5.0,1.0,71134.0,48105.0,0,0,23029.0
1775.0,20200528,327.0,190,44.0,13,9.0,1.0,35840.7,67955.0,10,1,-32114.300000000003
1776.0,20210226,436.0,8,2.0,18,13.0,1.0,74894.0,43100.0,0,1,31794.0
1777.0,20231225,283.0,130,4.0,4,14.0,1.0,49194.6,68831.0,15,1,-19636.4
1778.0,20210704,2.0,70,24.0,8,2.0,1.0,53598.05,50861.0,5,0,2737.050000000003
1779.0,20240330,355.0,67,17.0,4,3.0,1.0,35915.05,37182.0,15,0,-1266.949999999997
1780.0,20210117,199.0,31,24.0,14,4.0,1.0,34425.6,31502.0,20,0,2923.5999999999985
1781.0,20201127,99.0,202,40.0,19,9.0,1.0,68583.0,43088.0,0,0,25495.0
1782.0,20230429,79.0,257,22.0,12,6.0,1.0,36192.6,68207.0,10,1,-32014.4
1783.0,20240506,127.0,283,30.0,1,2.0,1.0,43341.85,73460.0,5,0,-30118.15
1784.0,20210730,160.0,186,8.0,3,7.0,1.0,48051.9,39076.0,10,0,8975.900000000001
1785.0,20211220,145.0,71,42.0,19,7.0,1.0,44031.2,78528.0,20,0,-34496.8
1786.0,20221019,157.0,223,29.0,7,6.0,1.0,47451.0,56403.0,0,0,-8952.0
1787.0,20200601,326.0,5,15.0,5,7.0,1.0,80429.55,77037.0,15,0,3392.550000000003
1788.0,20211021,341.0,250,4.0,15,11.0,1.0,63654.3,62380.0,10,0,1274.300000000003
1789.0,20230708,6.0,155,34.0,18,2.0,1.0,65257.0,48425.0,0,0,16832.0
1790.0,20240528,255.0,250,4.0,7,12.0,1.0,63586.8,58938.0,15,1,4648.800000000003
1791.0,20211012,39.0,226,16.0,10,7.0,1.0,71019.2,63939.0,15,1,7080.199999999997
1792.0,20200731,420.0,234,2.0,12,13.0,1.0,69242.40000000001,71347.0,10,1,-2104.5999999999913
1793.0,20211018,493.0,196,31.0,6,3.0,1.0,80726.2,72318.0,15,1,8408.199999999997
1794.0,20240102,451.0,70,11.0,10,1.0,1.0,62419.0,30231.0,0,0,32188.0
1795.0,20200326,215.0,18,24.0,20,7.0,1.0,72011.2,77229.0,20,1,-5217.800000000003
1796.0,20240604,345.0,129,48.0,18,7.0,1.0,35315.3,41183.0,5,1,-5867.699999999997
1797.0,20240820,429.0,243,12.0,3,1.0,1.0,45322.2,53176.0,10,1,-7853.800000000003
1798.0,20210313,24.0,130,50.0,13,15.0,1.0,56349.60000000001,40773.0,20,0,15576.600000000013
1799.0,20230712,61.0,298,34.0,11,3.0,1.0,60624.9,60504.0,10,1,120.90000000000146
1800.0,,205.0,143,999.0,11,11.0,1.0,47211.2,78730.0,20,1,-31518.800000000003
1801.0,20220929,29.0,18,38.0,12,8.0,1.0,78384.0,58001.0,0,1,20383.0
1802.0,20211017,235.0,122,38.0,18,13.0,1.0,46132.9,30629.0,15,0,15503.900000000001
1803.0,20241207,96.0,252,19.0,19,14.0,1.0,37360.8,59760.0,20,1,-22399.199999999997
1804.0,20230919,280.0,45,1.0,12,5.0,1.0,91546.0,46931.0,0,0,44615.0
1805.0,20200411,411.0,296,22.0,1,3.0,1.0,92056.9,65526.0,5,0,26530.899999999994
1806.0,20230331,316.0,80,29.0,4,3.0,1.0,75723.55,39306.0,5,0,36417.55
1807.0,20200603,361.0,65,23.0,16,11.0,1.0,63600.8,31951.0,20,1,31649.800000000003
1808.0,20210102,420.0,202,32.0,12,3.0,1.0,63377.35,42168.0,5,1,21209.35
1809.0,20240506,179.0,297,1.0,13,5.0,1.0,62870.4,76178.0,20,0,-13307.599999999999
1810.0,20210130,116.0,166,43.0,17,12.0,1.0,32901.6,74577.0,20,1,-41675.4
1811.0,20200505,276.0,222,25.0,12,12.0,1.0,73644.0,57559.0,5,1,16085.0
1812.0,20210105,157.0,138,49.0,4,3.0,1.0,47945.0,58169.0,0,0,-10224.0
1813.0,20210426,68.0,120,36.0,6,3.0,1.0,66606.0,32048.0,15,1,34558.0
1814.0,20241107,107.0,104,41.0,7,4.0,1.0,91136.34999999999,45088.0,5,0,46048.34999999999
1815.0,20211210,484.0,211,45.0,19,8.0,1.0,61480.5,38713.0,15,1,22767.5
1816.0,20200616,214.0,101,27.0,17,7.0,1.0,49220.0,43127.0,0,0,6093.0
1817.0,20230919,140.0,241,7.0,12,11.0,1.0,71689.84999999999,69680.0,15,0,2009.8499999999913
1818.0,20241224,305.0,221,17.0,15,13.0,1.0,95660.0,66172.0,0,0,29488.0
1819.0,20211119,187.0,134,30.0,9,5.0,1.0,84735.90000000001,78049.0,10,0,6686.900000000009
1820.0,,324.0,183,33.0,7,2.0,1.0,36749.8,77922.0,5,1,-41172.2
1821.0,20231118,219.0,187,22.0,17,7.0,1.0,55785.89999999999,63570.0,5,0,-7784.100000000013
1822.0,20240520,255.0,109,17.0,19,13.0,1.0,62852.0,33123.0,0,0,29729.0
1823.0,20240921,361.0,105,47.0,3,7.0,1.0,89946.95,40412.0,5,1,49534.95
1824.0,20200606,489.0,82,29.0,8,11.0,1.0,59927.0,58246.0,0,0,1681.0
1825.0,20200417,336.0,117,10.0,3,10.0,1.0,79347.8,76670.0,5,1,2677.800000000003
1826.0,20210601,46.0,33,16.0,12,10.0,1.0,32803.2,67499.0,15,1,-34695.8
1827.0,20200701,150.0,119,13.0,2,4.0,1.0,95222.0,67403.0,0,1,27819.0
1828.0,20200707,208.0,290,36.0,8,13.0,1.0,69762.9,48658.0,15,0,21104.899999999994
1829.0,20210506,341.0,267,9.0,13,13.0,1.0,45713.7,66510.0,10,0,-20796.300000000003
1830.0,20250130,33.0,95,10.0,6,8.0,1.0,70638.3,31091.0,10,1,39547.3
1831.0,20211017,6.0,267,34.0,16,14.0,1.0,86179.25,55096.0,5,0,31083.25
1832.0,20230502,343.0,295,50.0,4,3.0,1.0,35105.0,34812.0,0,0,293.0
1833.0,20200804,54.0,232,14.0,17,12.0,1.0,74124.0,71098.0,0,1,3026.0
1834.0,20240619,261.0,230,48.0,2,3.0,1.0,73319.09999999999,33659.0,5,1,39660.09999999999
1835.0,20230509,220.0,83,26.0,20,15.0,1.0,69188.40000000001,41605.0,10,0,27583.40000000001
1836.0,20231018,459.0,225,28.0,18,8.0,1.0,49463.2,63295.0,15,0,-13831.800000000003
1837.0,20241122,288.0,298,33.0,11,3.0,1.0,30041.55,72019.0,15,1,-41977.45
1838.0,20241025,256.0,204,49.0,10,13.0,1.0,77828.75,32075.0,5,1,45753.75
1839.0,20211007,93.0,7,30.0,11,11.0,1.0,50956.0,54774.0,0,1,-3818.0
1840.0,20200922,,115,36.0,12,1.0,1.0,39683.2,52770.0,20,0,-13086.800000000003
1841.0,20230524,46.0,41,43.0,20,13.0,1.0,59985.35,66997.0,15,0,-7011.6500000000015
1842.0,20240724,336.0,252,20.0,6,2.0,1.0,42288.8,78195.0,20,1,-35906.2
1843.0,20240823,487.0,90,29.0,2,13.0,1.0,59783.2,37916.0,20,0,21867.199999999997
1844.0,20241219,16.0,52,48.0,12,3.0,1.0,75972.15,68533.0,15,0,7439.149999999994
1845.0,,421.0,223,9.0,8,10.0,1.0,39203.7,30705.0,15,1,8498.699999999997
1846.0,20200902,400.0,217,36.0,16,12.0,1.0,66907.55,77997.0,5,1,-11089.449999999997
1847.0,20240919,167.0,142,48.0,20,9.0,1.0,66795.0,62979.0,0,1,3816.0
1848.0,20231001,89.0,145,8.0,14,14.0,1.0,37285.2,66816.0,10,0,-29530.800000000003
1849.0,20211111,8.0,23,4.0,7,12.0,1.0,53072.0,74300.0,0,0,-21228.0
1850.0,20200118,472.0,84,6.0,12,11.0,1.0,71243.0,57423.0,0,1,13820.0
1851.0,20210608,23.0,194,7.0,8,15.0,1.0,34095.2,38380.0,20,1,-4284.800000000003
1852.0,20210528,452.0,270,10.0,5,13.0,1.0,57402.9,68915.0,10,0,-11512.099999999999
1853.0,20211011,230.0,197,5.0,12,3.0,1.0,69992.8,75466.0,20,0,-5473.199999999997
1854.0,20210617,409.0,118,45.0,8,9.0,1.0,38008.55,40174.0,5,0,-2165.449999999997
1855.0,20201026,248.0,132,9.0,4,1.0,1.0,45071.25,43799.0,15,1,1272.25
1856.0,20220430,248.0,121,30.0,1,4.0,1.0,39287.25,40439.0,5,0,-1151.75
1857.0,20210123,144.0,297,50.0,18,4.0,1.0,54052.0,37871.0,20,0,16181.0
1858.0,20230609,164.0,233,18.0,7,11.0,1.0,79235.0,67034.0,0,0,12201.0
1859.0,20221012,236.0,117,9.0,19,10.0,1.0,40536.0,62946.0,20,0,-22410.0
1860.0,20250130,308.0,292,999.0,12,3.0,1.0,60688.0,72693.0,20,1,-12005.0
1861.0,20200718,479.0,184,4.0,5,7.0,1.0,80032.75,31365.0,5,1,48667.75
1862.0,20201227,48.0,179,5.0,3,2.0,1.0,93736.5,59558.0,5,0,34178.5
1863.0,20230214,82.0,48,3.0,8,12.0,1.0,42768.05,54946.0,5,0,-12177.949999999997
1864.0,20240902,79.0,193,15.0,2,15.0,1.0,92530.95,69004.0,5,0,23526.949999999997
1865.0,20230508,131.0,210,19.0,12,13.0,1.0,45207.25,30777.0,15,1,14430.25
1866.0,20240928,188.0,247,3.0,8,6.0,1.0,63496.1,70787.0,5,0,-7290.9000000000015
1867.0,20211222,190.0,3,33.0,17,9.0,1.0,77064.0,33984.0,5,0,43080.0
1868.0,20241219,325.0,248,26.0,13,11.0,1.0,39166.4,49873.0,20,1,-10706.599999999999
1869.0,20240703,456.0,30,7.0,20,5.0,1.0,73073.65,74214.0,15,0,-1140.3500000000058
1870.0,20230226,329.0,11,24.0,16,12.0,1.0,76946.25,66666.0,15,1,10280.25
1871.0,20200322,351.0,56,50.0,11,2.0,1.0,67313.0,58008.0,0,0,9305.0
1872.0,20221001,453.0,271,10.0,7,5.0,1.0,56253.85,45343.0,15,0,10910.849999999999
1873.0,20240718,9.0,237,1.0,3,8.0,1.0,91790.0,78737.0,0,1,13053.0
1874.0,20240522,11.0,203,13.0,18,7.0,1.0,72162.45,35023.0,15,0,37139.45
1875.0,20200905,245.0,157,50.0,12,7.0,1.0,38205.8,78738.0,15,1,-40532.2
1876.0,20231125,33.0,200,41.0,17,8.0,1.0,81309.6,35480.0,10,0,45829.600000000006
1877.0,20201112,2.0,111,44.0,17,1.0,1.0,45764.0,50994.0,15,1,-5230.0
1878.0,20230607,411.0,231,40.0,18,7.0,1.0,63706.05,78861.0,5,1,-15154.949999999997
1879.0,20240209,198.0,17,21.0,4,5.0,1.0,57199.05,76843.0,15,1,-19643.949999999997
1880.0,20221020,485.0,131,21.0,6,14.0,1.0,40112.1,44088.0,10,0,-3975.9000000000015
1881.0,20201006,149.0,31,36.0,11,4.0,1.0,56019.6,55214.0,10,0,805.5999999999985
1882.0,20200529,126.0,269,13.0,1,13.0,1.0,35799.2,71575.0,20,1,-35775.8
1883.0,20211122,234.0,183,23.0,9,1.0,1.0,59957.60000000001,45948.0,20,0,14009.600000000013
1884.0,20210406,460.0,62,3.0,9,3.0,1.0,91030.0,67896.0,0,0,23134.0
1885.0,20211126,290.0,5,16.0,8,4.0,1.0,66618.40000000001,57340.0,20,0,9278.400000000009
1886.0,20221015,441.0,150,47.0,4,5.0,1.0,88573.25,54999.0,5,0,33574.25
1887.0,20240621,427.0,243,30.0,6,5.0,1.0,60066.0,68629.0,10,1,-8563.0
1888.0,20200919,373.0,205,40.0,2,12.0,1.0,61271.4,43680.0,15,0,17591.4
1889.0,20221223,111.0,178,23.0,16,12.0,1.0,55063.85,43509.0,15,0,11554.849999999999
1890.0,,49.0,122,22.0,6,4.0,1.0,61133.60000000001,66904.0,20,0,-5770.399999999987
1891.0,20231010,244.0,179,40.0,14,13.0,1.0,53845.05,41410.0,5,0,12435.050000000003
1892.0,20200314,393.0,274,4.0,8,14.0,1.0,47268.5,36743.0,15,1,10525.5
1893.0,20221126,351.0,41,11.0,18,1.0,1.0,51002.55,50961.0,15,0,41.55000000000291
1894.0,20230820,6.0,63,16.0,7,11.0,1.0,37000.8,56147.0,10,0,-19146.199999999997
1895.0,20210214,489.0,150,14.0,14,13.0,1.0,89202.15,49234.0,5,0,39968.149999999994
1896.0,20220302,403.0,181,25.0,11,10.0,1.0,80295.3,42244.0,10,1,38051.3
1897.0,20210204,365.0,210,44.0,4,10.0,1.0,77971.34999999999,47769.0,15,0,30202.34999999999
1898.0,20230218,108.0,80,6.0,19,14.0,1.0,42979.0,66136.0,0,0,-23157.0
1899.0,20200925,449.0,38,21.0,17,5.0,1.0,78604.8,32096.0,20,0,46508.8
1900.0,20201008,352.0,207,16.0,20,12.0,1.0,34397.8,43515.0,15,1,-9117.199999999997
1901.0,20210530,219.0,190,11.0,13,9.0,1.0,40113.75,52122.0,5,0,-12008.25
1902.0,20210915,445.0,97,20.0,17,12.0,1.0,81372.6,57251.0,10,0,24121.600000000006
1903.0,20230122,434.0,167,20.0,3,12.0,1.0,41889.7,33806.0,15,1,8083.699999999997
1904.0,20240820,289.0,246,2.0,17,15.0,1.0,48089.0,78776.0,5,0,-30687.0
1905.0,20230413,499.0,22,7.0,16,8.0,1.0,91030.0,58875.0,0,1,32155.0
1906.0,20220319,361.0,126,43.0,5,5.0,1.0,70408.9,75054.0,15,0,-4645.100000000006
1907.0,20220503,485.0,270,39.0,16,2.0,1.0,58459.2,75912.0,20,1,-17452.800000000003
1908.0,20240717,363.0,105,2.0,17,6.0,1.0,72440.0,69743.0,0,0,2697.0
1909.0,20241102,450.0,21,28.0,19,12.0,1.0,89994.0,41651.0,0,0,48343.0
1910.0,20210906,403.0,268,10.0,15,11.0,1.0,64989.9,79220.0,10,0,-14230.099999999999
1911.0,20200731,144.0,98,50.0,11,11.0,1.0,58705.25,32089.0,15,1,26616.25
1912.0,20240130,129.0,154,49.0,16,3.0,1.0,75112.0,67509.0,20,1,7603.0
1913.0,20230628,54.0,175,47.0,5,15.0,1.0,42278.15,35254.0,15,0,7024.1500000000015
1914.0,20220805,164.0,48,29.0,14,2.0,1.0,79981.59999999999,64818.0,15,1,15163.599999999991
1915.0,20231203,303.0,251,33.0,10,1.0,1.0,50473.5,78271.0,5,0,-27797.5
1916.0,20230820,327.0,45,36.0,7,11.0,1.0,33729.75,41692.0,5,0,-7962.25
1917.0,20220129,378.0,110,10.0,17,1.0,1.0,85233.6,31183.0,10,1,54050.600000000006
1918.0,20220912,202.0,190,1.0,9,2.0,1.0,44534.0,41620.0,0,1,2914.0
1919.0,20211208,270.0,200,33.0,7,9.0,1.0,82477.0,42824.0,0,0,39653.0
1920.0,20250130,,93,999.0,20,3.0,1.0,89644.0,69531.0,0,1,20113.0
1921.0,20240226,265.0,180,29.0,14,8.0,1.0,61091.2,73428.0,20,0,-12336.800000000003
1922.0,20220305,344.0,296,28.0,16,2.0,1.0,80360.0,44125.0,0,0,36235.0
1923.0,20220814,144.0,275,24.0,10,7.0,1.0,69379.45,39255.0,5,0,30124.449999999997
1924.0,20230813,392.0,72,45.0,19,13.0,1.0,79380.90000000001,70757.0,10,0,8623.900000000009
1925.0,20240117,34.0,115,46.0,13,15.0,1.0,42832.35,51075.0,15,1,-8242.650000000001
1926.0,20240921,326.0,220,50.0,16,7.0,1.0,35746.4,30686.0,20,0,5060.4000000000015
1927.0,20211213,224.0,284,4.0,2,6.0,1.0,67933.6,40154.0,20,0,27779.600000000006
1928.0,20220704,292.0,224,13.0,18,7.0,1.0,78990.40000000001,78697.0,20,0,293.40000000000873
1929.0,20200325,27.0,22,5.0,7,12.0,1.0,71108.0,58271.0,20,0,12837.0
1930.0,20211018,424.0,142,10.0,6,7.0,1.0,35487.0,45372.0,0,0,-9885.0
1931.0,20221020,55.0,271,20.0,1,11.0,1.0,98001.0,47848.0,0,0,50153.0
1932.0,20240916,262.0,195,24.0,10,15.0,1.0,73638.3,68300.0,5,0,5338.300000000003
1933.0,20220925,203.0,11,45.0,19,5.0,1.0,88741.4,65247.0,5,0,23494.399999999994
1934.0,20200725,432.0,199,44.0,3,2.0,1.0,54061.60000000001,47825.0,20,1,6236.600000000013
1935.0,,214.0,56,25.0,16,9.0,1.0,43669.6,40648.0,15,0,3021.5999999999985
1936.0,20241013,412.0,273,31.0,12,6.0,1.0,70286.40000000001,67733.0,10,1,2553.4000000000087
1937.0,20200814,353.0,233,27.0,4,8.0,1.0,90241.0,79656.0,0,1,10585.0
1938.0,20201211,209.0,284,39.0,16,11.0,1.0,91222.8,62612.0,5,1,28610.800000000003
1939.0,20240319,409.0,196,46.0,6,4.0,1.0,88442.15,55226.0,5,1,33216.149999999994
1940.0,20220915,323.0,56,48.0,15,13.0,1.0,46835.85,49471.0,15,1,-2635.1500000000015
1941.0,20201106,445.0,268,2.0,15,10.0,1.0,59146.4,30990.0,15,1,28156.4
1942.0,20200801,209.0,125,5.0,11,6.0,1.0,70437.75,32462.0,5,0,37975.75
1943.0,20210719,160.0,232,7.0,16,7.0,1.0,51085.0,43916.0,0,1,7169.0
1944.0,20230808,40.0,139,8.0,3,2.0,1.0,61393.5,62204.0,10,0,-810.5
1945.0,20240822,299.0,278,34.0,3,9.0,1.0,56646.0,55824.0,10,0,822.0
1946.0,20240913,366.0,198,47.0,1,9.0,1.0,50787.5,30449.0,15,1,20338.5
1947.0,20220808,91.0,94,22.0,7,4.0,1.0,80523.0,47152.0,10,1,33371.0
1948.0,20240104,85.0,289,27.0,20,1.0,1.0,46177.60000000001,73161.0,20,0,-26983.399999999987
1949.0,20241217,81.0,125,4.0,12,14.0,1.0,60283.2,43114.0,5,0,17169.199999999997
1950.0,20250130,66.0,267,37.0,11,2.0,1.0,63000.3,72354.0,15,1,-9353.699999999997
1951.0,20220415,249.0,182,35.0,20,7.0,1.0,83835.90000000001,74118.0,10,0,9717.900000000009
1952.0,20230228,42.0,115,44.0,17,9.0,1.0,43059.2,49746.0,20,0,-6686.800000000003
1953.0,20240313,218.0,19,27.0,16,5.0,1.0,33268.15,53066.0,15,1,-19797.85
1954.0,20201006,400.0,40,12.0,19,4.0,1.0,46302.05,39167.0,5,0,7135.050000000003
1955.0,20230118,51.0,69,8.0,11,14.0,1.0,35677.05,61116.0,15,0,-25438.949999999997
1956.0,20200312,17.0,275,13.0,9,15.0,1.0,78278.40000000001,53286.0,10,0,24992.40000000001
1957.0,20230628,127.0,174,2.0,7,10.0,1.0,74076.0,41937.0,20,0,32139.0
1958.0,20201017,41.0,292,16.0,9,5.0,1.0,65154.0,74694.0,0,1,-9540.0
1959.0,20200517,435.0,104,5.0,18,1.0,1.0,53856.85,62874.0,15,1,-9017.150000000001
1960.0,,44.0,207,44.0,16,6.0,1.0,51012.8,53177.0,20,0,-2164.199999999997
1961.0,20220518,323.0,267,23.0,11,3.0,1.0,53123.0,67183.0,0,0,-14060.0
1962.0,20240523,56.0,54,18.0,8,7.0,1.0,73025.1,35190.0,10,1,37835.100000000006
1963.0,20231009,412.0,113,19.0,9,4.0,1.0,34631.2,48955.0,20,0,-14323.800000000003
1964.0,20201126,413.0,91,3.0,4,1.0,1.0,48436.8,55177.0,20,0,-6740.199999999997
1965.0,20200415,362.0,40,39.0,12,5.0,1.0,41671.75,33596.0,5,0,8075.75
1966.0,20240412,472.0,253,37.0,7,5.0,1.0,35484.0,31626.0,0,1,3858.0
1967.0,20231117,36.0,149,40.0,10,10.0,1.0,59114.0,35695.0,0,1,23419.0
1968.0,20240125,196.0,206,21.0,17,3.0,1.0,37633.6,41060.0,20,0,-3426.4000000000015
1969.0,20210729,109.0,123,10.0,1,1.0,1.0,51566.0,55399.0,5,1,-3833.0
1970.0,20210901,258.0,101,39.0,1,3.0,1.0,77971.34999999999,36698.0,15,0,41273.34999999999
1971.0,20210226,96.0,215,13.0,6,4.0,1.0,86512.7,71259.0,5,0,15253.699999999997
1972.0,20200909,378.0,248,48.0,18,7.0,1.0,91171.0,36161.0,0,0,55010.0
1973.0,20201119,299.0,95,44.0,1,12.0,1.0,75932.1,35546.0,10,0,40386.100000000006
1974.0,20231122,307.0,29,34.0,7,11.0,1.0,62434.0,38999.0,5,0,23435.0
1975.0,20240616,488.0,105,41.0,3,4.0,1.0,46840.8,74285.0,20,1,-27444.199999999997
1976.0,20220730,235.0,81,17.0,14,5.0,1.0,83667.45,55112.0,5,1,28555.449999999997
1977.0,20230817,420.0,153,49.0,3,4.0,1.0,54944.8,68677.0,20,1,-13732.199999999997
1978.0,20231217,44.0,173,11.0,6,9.0,1.0,81451.8,45666.0,10,0,35785.8
1979.0,20200605,391.0,210,1.0,17,1.0,1.0,48224.85,38697.0,5,0,9527.849999999999
1980.0,,90.0,63,999.0,14,7.0,1.0,74451.5,35483.0,15,0,38968.5
1981.0,20240819,143.0,98,36.0,11,1.0,1.0,41619.0,72525.0,0,1,-30906.0
1982.0,20200713,98.0,8,26.0,3,7.0,1.0,39943.2,58101.0,20,0,-18157.800000000003
1983.0,20221125,459.0,102,41.0,9,3.0,1.0,35827.0,35814.0,0,1,13.0
1984.0,20240406,357.0,120,27.0,10,1.0,1.0,73581.0,71076.0,0,0,2505.0
1985.0,20231104,369.0,54,1.0,13,12.0,1.0,54443.35,31725.0,15,0,22718.35
1986.0,20240328,212.0,268,29.0,9,8.0,1.0,49089.35,48401.0,5,1,688.3499999999985
1987.0,20210512,293.0,209,4.0,20,14.0,1.0,79565.95,34474.0,15,1,45091.95
1988.0,20220309,407.0,247,44.0,12,7.0,1.0,83305.95,55445.0,15,1,27860.949999999997
1989.0,20220731,406.0,54,47.0,6,7.0,1.0,73645.0,71362.0,0,1,2283.0
1990.0,20231116,469.0,214,24.0,5,12.0,1.0,97504.0,48367.0,0,1,49137.0
1991.0,20230127,462.0,127,1.0,11,8.0,1.0,92385.0,32777.0,0,0,59608.0
1992.0,20200929,307.0,289,34.0,4,7.0,1.0,58164.8,79984.0,20,0,-21819.199999999997
1993.0,20210612,212.0,235,41.0,9,6.0,1.0,55508.5,36505.0,5,0,19003.5
1994.0,20210407,242.0,165,38.0,18,15.0,1.0,73864.0,78881.0,20,1,-5017.0
1995.0,20220830,270.0,153,19.0,6,9.0,1.0,60504.7,43880.0,15,1,16624.699999999997
1996.0,20230516,431.0,117,5.0,17,7.0,1.0,48801.60000000001,50308.0,20,0,-1506.399999999987
1997.0,20220407,411.0,293,49.0,20,12.0,1.0,34444.15,60498.0,5,1,-26053.85
1998.0,20220205,69.0,178,50.0,9,12.0,1.0,46339.45,46830.0,15,0,-490.5500000000029
1999.0,20200110,223.0,277,48.0,8,11.0,1.0,40566.9,31916.0,5,1,8650.900000000001
2000.0,20221031,,239,12.0,13,5.0,1.0,91494.5,47758.0,5,1,43736.5
