id_venta,id_tiempo,id_cliente,id_vehiculo,id_vendedor,id_sucursal,id_tipo_pago,cantidad,precio_venta,costo_vehiculo,descuento,financiado,margen_ganancia
1.0,20231025,795,71,68.0,13,4.0,1.0,33326.0,200000.0,24.0,0,-166674.0
2.0,20220328,520,485,70.0,28,8.0,1.0,94163.0,200000.0,28.0,0,-105837.0
3.0,,235,28,60.0,5,3.0,1.0,83800.0,200000.0,20.0,1,-116200.0
4.0,20210222,389,96,75.0,2,15.0,1.0,102924.0,200000.0,12.0,1,-97076.0
5.0,,358,310,34.0,2,18.0,1.0,61265.0,200000.0,2.0,1,-138735.0
6.0,20240502,367,404,43.0,8,11.0,1.0,54831.0,200000.0,21.0,1,-145169.0
7.0,,747,357,27.0,27,6.0,1.0,96819.0,200000.0,21.0,0,-103181.0
8.0,,204,435,34.0,29,10.0,1.0,83446.0,200000.0,7.0,0,-116554.0
9.0,,425,460,69.0,6,6.0,1.0,119919.0,200000.0,13.0,0,-80081.0
10.0,,259,132,10.0,22,18.0,1.0,100470.0,200000.0,18.0,0,-99530.0
11.0,20221124,444,238,77.0,12,16.0,1.0,52802.0,200000.0,13.0,0,-147198.0
12.0,20231129,567,302,6.0,1,19.0,1.0,64618.0,200000.0,15.0,1,-135382.0
13.0,20210625,76,42,37.0,10,4.0,1.0,86592.0,200000.0,25.0,1,-113408.0
14.0,,450,93,53.0,22,13.0,1.0,67081.0,200000.0,10.0,0,-132919.0
15.0,20221106,641,431,19.0,16,11.0,1.0,88242.0,200000.0,8.0,1,-111758.0
16.0,20230823,153,303,34.0,28,16.0,1.0,78736.0,200000.0,27.0,0,-121264.0
17.0,20231114,101,299,45.0,18,8.0,1.0,113815.0,200000.0,12.0,0,-86185.0
18.0,20240324,621,168,15.0,30,12.0,1.0,58681.0,200000.0,12.0,1,-141319.0
19.0,,111,373,48.0,15,3.0,1.0,83115.0,200000.0,3.0,0,-116885.0
20.0,20210909,71,9,29.0,19,4.0,1.0,92271.0,200000.0,15.0,1,-107729.0
21.0,20231004,391,161,8.0,4,10.0,1.0,81606.0,200000.0,30.0,1,-118394.0
22.0,20240325,118,380,11.0,10,20.0,1.0,73503.0,200000.0,14.0,0,-126497.0
23.0,,47,442,22.0,4,13.0,1.0,62947.0,200000.0,18.0,0,-137053.0
24.0,,795,320,60.0,12,17.0,1.0,32362.0,200000.0,27.0,0,-167638.0
25.0,,64,348,11.0,21,3.0,1.0,65662.0,200000.0,26.0,1,-134338.0
26.0,,232,347,37.0,12,16.0,1.0,50430.0,200000.0,4.0,1,-149570.0
27.0,,461,470,68.0,7,3.0,1.0,58544.0,200000.0,20.0,0,-141456.0
28.0,,299,376,9.0,15,13.0,1.0,114742.0,200000.0,10.0,1,-85258.0
29.0,,280,165,46.0,15,1.0,1.0,115408.0,200000.0,12.0,1,-84592.0
30.0,,620,110,45.0,29,12.0,1.0,47630.0,200000.0,29.0,1,-152370.0
31.0,,627,467,26.0,29,5.0,1.0,93012.0,200000.0,20.0,0,-106988.0
32.0,,667,442,32.0,15,11.0,1.0,56685.0,200000.0,30.0,1,-143315.0
33.0,,93,288,72.0,4,16.0,1.0,41864.0,200000.0,1.0,0,-158136.0
34.0,20220823,726,318,27.0,11,18.0,1.0,82807.0,200000.0,22.0,0,-117193.0
35.0,,625,203,35.0,7,2.0,1.0,53047.0,200000.0,28.0,0,-146953.0
36.0,,489,493,43.0,15,7.0,1.0,91088.0,200000.0,10.0,0,-108912.0
37.0,20241123,144,328,28.0,14,4.0,1.0,73971.0,200000.0,22.0,0,-126029.0
38.0,20220208,120,297,49.0,6,4.0,1.0,78591.0,200000.0,4.0,0,-121409.0
39.0,,475,23,31.0,11,6.0,1.0,100511.0,200000.0,1.0,0,-99489.0
40.0,,714,434,62.0,26,16.0,1.0,49662.0,200000.0,6.0,0,-150338.0
41.0,,478,479,44.0,27,5.0,1.0,99683.0,200000.0,23.0,1,-100317.0
42.0,20231128,685,417,52.0,26,3.0,1.0,60038.0,200000.0,2.0,1,-139962.0
43.0,20200301,580,428,79.0,8,14.0,1.0,82290.0,200000.0,11.0,1,-117710.0
44.0,,275,284,67.0,24,9.0,1.0,36101.0,200000.0,4.0,1,-163899.0
45.0,,110,325,71.0,7,16.0,1.0,98905.0,200000.0,2.0,1,-101095.0
46.0,20220501,460,221,4.0,19,10.0,1.0,114070.0,200000.0,30.0,0,-85930.0
47.0,,24,361,68.0,15,10.0,1.0,50830.0,200000.0,27.0,1,-149170.0
48.0,,429,252,73.0,18,2.0,1.0,54470.0,200000.0,26.0,1,-145530.0
49.0,20220929,270,150,42.0,5,3.0,1.0,110969.0,200000.0,13.0,0,-89031.0
50.0,20220529,749,491,51.0,3,19.0,1.0,57819.0,200000.0,6.0,1,-142181.0
51.0,20230813,711,110,41.0,24,10.0,1.0,102276.0,200000.0,23.0,1,-97724.0
52.0,,507,204,40.0,20,10.0,1.0,95471.0,200000.0,20.0,0,-104529.0
53.0,,123,296,30.0,9,6.0,1.0,45618.0,200000.0,11.0,1,-154382.0
54.0,,330,289,70.0,30,17.0,1.0,25835.0,200000.0,23.0,0,-174165.0
55.0,20200704,718,395,60.0,12,7.0,1.0,95244.0,200000.0,22.0,1,-104756.0
56.0,,267,133,56.0,15,15.0,1.0,30596.0,200000.0,29.0,1,-169404.0
57.0,20211227,63,399,8.0,22,19.0,1.0,57487.0,200000.0,18.0,0,-142513.0
58.0,,556,434,41.0,5,13.0,1.0,67284.0,200000.0,7.0,1,-132716.0
59.0,,790,56,29.0,13,11.0,1.0,96568.0,200000.0,8.0,0,-103432.0
60.0,,670,339,34.0,10,15.0,1.0,40139.0,200000.0,14.0,0,-159861.0
61.0,,775,414,71.0,3,4.0,1.0,33783.0,200000.0,19.0,1,-166217.0
62.0,,293,440,48.0,7,1.0,1.0,82896.0,200000.0,24.0,0,-117104.0
63.0,20231230,378,110,29.0,21,15.0,1.0,42342.0,200000.0,28.0,0,-157658.0
64.0,,524,164,29.0,23,6.0,1.0,101418.0,200000.0,26.0,1,-98582.0
65.0,20240407,228,78,1.0,21,5.0,1.0,68598.0,200000.0,15.0,0,-131402.0
66.0,20201212,15,306,28.0,1,18.0,1.0,77873.0,200000.0,1.0,1,-122127.0
67.0,20200814,486,426,1.0,30,3.0,1.0,115204.0,200000.0,30.0,1,-84796.0
68.0,,298,205,54.0,24,16.0,1.0,116248.0,200000.0,11.0,1,-83752.0
69.0,,686,497,64.0,26,1.0,1.0,83220.0,200000.0,13.0,1,-116780.0
70.0,20200405,350,192,25.0,4,19.0,1.0,49581.0,200000.0,24.0,0,-150419.0
71.0,,521,360,42.0,5,10.0,1.0,113129.0,200000.0,22.0,1,-86871.0
72.0,20210117,294,404,38.0,18,18.0,1.0,102120.0,200000.0,12.0,1,-97880.0
73.0,20220301,612,151,42.0,20,17.0,1.0,109182.0,200000.0,29.0,0,-90818.0
74.0,,792,295,9.0,4,10.0,1.0,113250.0,200000.0,21.0,0,-86750.0
75.0,20210528,765,464,10.0,28,8.0,1.0,32128.0,200000.0,30.0,1,-167872.0
76.0,,580,42,52.0,21,8.0,1.0,91476.0,200000.0,24.0,1,-108524.0
77.0,,776,470,47.0,19,16.0,1.0,96349.0,200000.0,11.0,0,-103651.0
78.0,20230515,217,21,62.0,7,9.0,1.0,36239.0,200000.0,5.0,1,-163761.0
79.0,20230329,536,481,33.0,10,14.0,1.0,35986.0,200000.0,20.0,0,-164014.0
80.0,20200612,697,411,9.0,30,10.0,1.0,86822.0,200000.0,12.0,1,-113178.0
81.0,,200,287,65.0,1,19.0,1.0,100354.0,200000.0,30.0,1,-99646.0
82.0,20200902,698,458,46.0,8,2.0,1.0,52102.0,200000.0,15.0,1,-147898.0
83.0,20200925,56,122,36.0,23,18.0,1.0,79931.0,200000.0,3.0,0,-120069.0
84.0,,512,172,74.0,28,13.0,1.0,71018.0,200000.0,23.0,0,-128982.0
85.0,,647,121,14.0,1,5.0,1.0,32055.0,200000.0,7.0,0,-167945.0
86.0,,562,389,1.0,26,13.0,1.0,81418.0,200000.0,5.0,1,-118582.0
87.0,,140,78,51.0,3,13.0,1.0,68286.0,200000.0,26.0,0,-131714.0
88.0,20211124,485,86,64.0,12,4.0,1.0,45315.0,200000.0,11.0,1,-154685.0
89.0,20210504,751,284,3.0,25,17.0,1.0,25094.0,200000.0,17.0,0,-174906.0
90.0,,45,328,28.0,24,6.0,1.0,30328.0,200000.0,16.0,0,-169672.0
91.0,20200214,107,131,29.0,29,19.0,1.0,42705.0,200000.0,29.0,1,-157295.0
92.0,20231130,239,400,70.0,10,19.0,1.0,32094.0,200000.0,12.0,0,-167906.0
93.0,,562,166,45.0,20,4.0,1.0,70157.0,200000.0,11.0,0,-129843.0
94.0,,313,239,63.0,13,17.0,1.0,55299.0,200000.0,22.0,0,-144701.0
95.0,20210112,64,335,9.0,21,14.0,1.0,44025.0,200000.0,24.0,1,-155975.0
96.0,20230501,621,344,41.0,25,15.0,1.0,78066.0,200000.0,25.0,0,-121934.0
97.0,,195,92,58.0,24,2.0,1.0,119158.0,200000.0,5.0,1,-80842.0
98.0,,430,227,19.0,5,6.0,1.0,49227.0,200000.0,1.0,1,-150773.0
99.0,,768,56,79.0,19,1.0,1.0,93864.0,200000.0,7.0,0,-106136.0
100.0,,12,322,27.0,11,6.0,1.0,113892.0,200000.0,10.0,1,-86108.0
101.0,,89,168,40.0,28,1.0,1.0,118543.0,200000.0,3.0,1,-81457.0
102.0,20200718,280,463,60.0,11,8.0,1.0,65952.0,200000.0,24.0,0,-134048.0
103.0,,465,123,70.0,26,11.0,1.0,81511.0,200000.0,3.0,0,-118489.0
104.0,,336,407,1.0,2,13.0,1.0,63559.0,200000.0,22.0,0,-136441.0
105.0,,428,420,74.0,17,5.0,1.0,118340.0,200000.0,15.0,0,-81660.0
106.0,,484,323,33.0,5,5.0,1.0,35814.0,200000.0,19.0,0,-164186.0
107.0,20230604,352,350,69.0,11,19.0,1.0,113931.0,200000.0,8.0,1,-86069.0
108.0,,321,310,55.0,30,9.0,1.0,111570.0,200000.0,10.0,1,-88430.0
109.0,20200704,224,363,52.0,18,7.0,1.0,99349.0,200000.0,14.0,1,-100651.0
110.0,,499,109,6.0,16,20.0,1.0,43558.0,200000.0,26.0,0,-156442.0
111.0,,333,406,61.0,23,20.0,1.0,36683.0,200000.0,30.0,1,-163317.0
112.0,20211029,197,129,31.0,16,11.0,1.0,28809.0,200000.0,10.0,0,-171191.0
113.0,,447,152,76.0,28,19.0,1.0,78961.0,200000.0,7.0,1,-121039.0
114.0,20220522,752,236,43.0,15,3.0,1.0,107157.0,200000.0,17.0,0,-92843.0
115.0,,375,217,80.0,18,3.0,1.0,118038.0,200000.0,12.0,1,-81962.0
116.0,20230620,301,341,46.0,12,6.0,1.0,88470.0,200000.0,5.0,1,-111530.0
117.0,20220702,682,387,4.0,22,8.0,1.0,43274.0,200000.0,20.0,1,-156726.0
118.0,,200,213,53.0,25,10.0,1.0,102421.0,200000.0,4.0,1,-97579.0
119.0,,128,237,24.0,17,12.0,1.0,63228.0,200000.0,21.0,1,-136772.0
120.0,,105,497,55.0,5,19.0,1.0,65295.0,200000.0,3.0,1,-134705.0
121.0,,602,367,24.0,19,17.0,1.0,116505.0,200000.0,10.0,0,-83495.0
122.0,20220330,704,457,75.0,27,9.0,1.0,55522.0,200000.0,12.0,1,-144478.0
123.0,,511,488,39.0,2,18.0,1.0,85248.0,200000.0,3.0,0,-114752.0
124.0,,632,160,73.0,11,11.0,1.0,95571.0,200000.0,10.0,1,-104429.0
125.0,20210104,171,272,80.0,7,7.0,1.0,66071.0,200000.0,27.0,0,-133929.0
126.0,,535,15,71.0,5,10.0,1.0,60744.0,200000.0,28.0,0,-139256.0
127.0,20240105,242,90,36.0,18,2.0,1.0,66482.0,200000.0,30.0,1,-133518.0
128.0,20210111,548,171,4.0,24,11.0,1.0,103920.0,200000.0,12.0,1,-96080.0
129.0,,609,499,73.0,5,7.0,1.0,59099.0,200000.0,15.0,0,-140901.0
130.0,20221030,290,366,78.0,30,2.0,1.0,68628.0,200000.0,21.0,1,-131372.0
131.0,,146,77,63.0,2,6.0,1.0,89868.0,200000.0,2.0,1,-110132.0
132.0,,539,490,42.0,5,3.0,1.0,99600.0,200000.0,8.0,1,-100400.0
133.0,,754,48,60.0,21,14.0,1.0,107517.0,200000.0,9.0,1,-92483.0
134.0,,97,231,15.0,18,10.0,1.0,81858.0,200000.0,30.0,0,-118142.0
135.0,20220501,90,463,2.0,19,2.0,1.0,63644.0,200000.0,23.0,1,-136356.0
136.0,,238,301,80.0,21,16.0,1.0,113225.0,200000.0,19.0,1,-86775.0
137.0,,66,401,57.0,30,14.0,1.0,51920.0,200000.0,3.0,0,-148080.0
138.0,,370,202,19.0,1,13.0,1.0,70109.0,200000.0,20.0,0,-129891.0
139.0,,219,294,14.0,5,3.0,1.0,113137.0,200000.0,4.0,1,-86863.0
140.0,,271,190,48.0,5,10.0,1.0,93521.0,200000.0,13.0,1,-106479.0
141.0,,346,331,67.0,18,9.0,1.0,106094.0,200000.0,17.0,1,-93906.0
142.0,,448,73,35.0,25,9.0,1.0,91666.0,200000.0,20.0,1,-108334.0
143.0,,146,262,27.0,24,8.0,1.0,43304.0,200000.0,24.0,1,-156696.0
144.0,,624,416,79.0,30,7.0,1.0,114201.0,200000.0,15.0,0,-85799.0
145.0,,67,349,25.0,15,7.0,1.0,94784.0,200000.0,13.0,0,-105216.0
146.0,,257,227,30.0,13,15.0,1.0,74998.0,200000.0,10.0,1,-125002.0
147.0,,653,309,44.0,7,11.0,1.0,70064.0,200000.0,10.0,0,-129936.0
148.0,20210916,478,113,49.0,30,20.0,1.0,59313.0,200000.0,21.0,1,-140687.0
149.0,,326,405,64.0,23,15.0,1.0,67182.0,200000.0,6.0,0,-132818.0
150.0,20210527,261,184,43.0,12,18.0,1.0,34351.0,200000.0,6.0,1,-165649.0
151.0,,484,157,3.0,18,19.0,1.0,115507.0,200000.0,25.0,0,-84493.0
152.0,,655,466,40.0,29,9.0,1.0,75986.0,200000.0,16.0,0,-124014.0
153.0,,472,322,53.0,25,13.0,1.0,35031.0,200000.0,20.0,0,-164969.0
154.0,,473,366,32.0,1,3.0,1.0,103407.0,200000.0,0.0,0,-96593.0
155.0,20200206,576,307,41.0,30,17.0,1.0,113853.0,200000.0,16.0,0,-86147.0
156.0,,635,148,67.0,23,7.0,1.0,115092.0,200000.0,6.0,1,-84908.0
157.0,,319,420,59.0,9,1.0,1.0,48029.0,200000.0,15.0,0,-151971.0
158.0,20240427,394,377,78.0,22,17.0,1.0,84699.0,200000.0,12.0,0,-115301.0
159.0,,601,376,26.0,15,4.0,1.0,39449.0,200000.0,27.0,0,-160551.0
160.0,,689,176,52.0,26,15.0,1.0,68287.0,200000.0,24.0,0,-131713.0
161.0,,754,255,22.0,18,16.0,1.0,111853.0,200000.0,24.0,1,-88147.0
162.0,,660,296,76.0,30,16.0,1.0,114037.0,200000.0,26.0,0,-85963.0
163.0,20241108,281,281,13.0,10,15.0,1.0,62098.0,200000.0,20.0,1,-137902.0
164.0,,695,489,16.0,1,19.0,1.0,73145.0,200000.0,15.0,0,-126855.0
165.0,,416,66,1.0,12,11.0,1.0,64135.0,200000.0,14.0,0,-135865.0
166.0,,243,37,35.0,1,9.0,1.0,74668.0,200000.0,2.0,0,-125332.0
167.0,20240623,180,66,59.0,12,10.0,1.0,108780.0,200000.0,13.0,0,-91220.0
168.0,,748,360,66.0,6,18.0,1.0,54500.0,200000.0,10.0,0,-145500.0
169.0,,223,102,48.0,9,6.0,1.0,111066.0,200000.0,14.0,0,-88934.0
170.0,,33,122,20.0,25,7.0,1.0,35828.0,200000.0,7.0,1,-164172.0
171.0,,235,138,37.0,1,4.0,1.0,30359.0,200000.0,11.0,0,-169641.0
172.0,,244,79,62.0,23,19.0,1.0,107557.0,200000.0,30.0,1,-92443.0
173.0,,576,21,42.0,1,1.0,1.0,40228.0,200000.0,9.0,1,-159772.0
174.0,,740,442,19.0,22,20.0,1.0,76668.0,200000.0,16.0,1,-123332.0
175.0,20211224,136,137,30.0,5,16.0,1.0,79432.0,200000.0,21.0,0,-120568.0
176.0,20211223,370,442,42.0,24,5.0,1.0,81027.0,200000.0,13.0,0,-118973.0
177.0,20241117,394,74,14.0,23,19.0,1.0,28453.0,200000.0,2.0,1,-171547.0
178.0,20230524,482,257,51.0,13,13.0,1.0,52769.0,200000.0,10.0,1,-147231.0
179.0,,29,385,20.0,29,3.0,1.0,78383.0,200000.0,4.0,0,-121617.0
180.0,,459,497,23.0,12,16.0,1.0,100564.0,200000.0,4.0,0,-99436.0
181.0,,270,239,28.0,11,19.0,1.0,33450.0,200000.0,4.0,0,-166550.0
182.0,20230616,56,386,72.0,30,1.0,1.0,71490.0,200000.0,30.0,0,-128510.0
183.0,20220220,129,333,77.0,14,4.0,1.0,85138.0,200000.0,13.0,0,-114862.0
184.0,,649,136,43.0,27,19.0,1.0,74074.0,200000.0,20.0,1,-125926.0
185.0,,237,13,7.0,27,4.0,1.0,95178.0,200000.0,3.0,0,-104822.0
186.0,,401,61,67.0,20,3.0,1.0,50276.0,200000.0,0.0,0,-149724.0
187.0,,479,197,68.0,19,7.0,1.0,58169.0,200000.0,5.0,0,-141831.0
188.0,,477,141,60.0,10,4.0,1.0,27787.0,200000.0,20.0,0,-172213.0
189.0,20200902,714,479,22.0,23,15.0,1.0,68165.0,200000.0,28.0,1,-131835.0
190.0,20210723,792,264,26.0,13,5.0,1.0,72663.0,200000.0,27.0,0,-127337.0
191.0,,272,266,13.0,9,16.0,1.0,100396.0,200000.0,7.0,1,-99604.0
192.0,20200723,516,497,22.0,10,9.0,1.0,114135.0,200000.0,15.0,1,-85865.0
193.0,,116,495,6.0,14,10.0,1.0,102220.0,200000.0,18.0,0,-97780.0
194.0,,311,376,13.0,26,5.0,1.0,57601.0,200000.0,28.0,0,-142399.0
195.0,20200622,559,72,67.0,5,19.0,1.0,76466.0,200000.0,19.0,1,-123534.0
196.0,20200909,719,105,34.0,16,6.0,1.0,78026.0,200000.0,4.0,0,-121974.0
197.0,20210724,377,235,44.0,6,13.0,1.0,33226.0,200000.0,12.0,0,-166774.0
198.0,,133,197,14.0,21,8.0,1.0,104499.0,200000.0,15.0,1,-95501.0
199.0,,209,225,70.0,16,10.0,1.0,40456.0,200000.0,11.0,1,-159544.0
200.0,,597,37,56.0,16,13.0,1.0,29666.0,200000.0,25.0,0,-170334.0
201.0,20220907,719,411,38.0,11,16.0,1.0,30730.0,200000.0,8.0,0,-169270.0
202.0,,670,333,64.0,2,2.0,1.0,36074.0,200000.0,5.0,1,-163926.0
203.0,,269,474,47.0,13,9.0,1.0,99852.0,200000.0,9.0,0,-100148.0
204.0,,419,260,77.0,28,12.0,1.0,113917.0,200000.0,7.0,0,-86083.0
205.0,,344,17,61.0,28,8.0,1.0,40891.0,200000.0,7.0,0,-159109.0
206.0,20200529,371,324,5.0,30,13.0,1.0,118242.0,200000.0,28.0,1,-81758.0
207.0,20210723,76,302,6.0,13,10.0,1.0,67310.0,200000.0,11.0,0,-132690.0
208.0,20210719,683,471,42.0,26,2.0,1.0,71362.0,200000.0,24.0,0,-128638.0
209.0,,141,353,51.0,29,14.0,1.0,55394.0,200000.0,28.0,1,-144606.0
210.0,,714,373,79.0,18,12.0,1.0,46828.0,200000.0,2.0,0,-153172.0
211.0,20230523,736,324,3.0,3,10.0,1.0,36130.0,200000.0,25.0,0,-163870.0
212.0,,386,160,79.0,8,2.0,1.0,102779.0,200000.0,9.0,1,-97221.0
213.0,20241226,559,218,35.0,10,20.0,1.0,26213.0,200000.0,9.0,0,-173787.0
214.0,,169,326,72.0,12,4.0,1.0,65075.0,200000.0,8.0,0,-134925.0
215.0,20231104,215,198,72.0,27,15.0,1.0,108069.0,200000.0,5.0,0,-91931.0
216.0,20200424,201,442,17.0,1,7.0,1.0,73435.0,200000.0,3.0,1,-126565.0
217.0,20220731,529,239,2.0,11,5.0,1.0,49334.0,200000.0,9.0,0,-150666.0
218.0,,205,359,24.0,9,4.0,1.0,86300.0,200000.0,18.0,0,-113700.0
219.0,20200102,479,84,59.0,3,8.0,1.0,32051.0,200000.0,9.0,1,-167949.0
220.0,20200709,716,312,6.0,8,16.0,1.0,109617.0,200000.0,4.0,1,-90383.0
221.0,,13,92,56.0,7,9.0,1.0,58795.0,200000.0,1.0,0,-141205.0
222.0,,652,21,3.0,24,19.0,1.0,108458.0,200000.0,13.0,0,-91542.0
223.0,20201106,384,314,44.0,16,9.0,1.0,75992.0,200000.0,17.0,1,-124008.0
224.0,,312,109,47.0,29,16.0,1.0,79811.0,200000.0,12.0,1,-120189.0
225.0,20200512,672,321,26.0,12,15.0,1.0,85000.0,200000.0,14.0,0,-115000.0
226.0,20201017,251,204,47.0,25,15.0,1.0,59406.0,200000.0,3.0,0,-140594.0
227.0,20220205,609,117,76.0,29,16.0,1.0,106062.0,200000.0,27.0,1,-93938.0
228.0,20200706,666,276,78.0,23,17.0,1.0,54928.0,200000.0,2.0,1,-145072.0
229.0,,327,308,65.0,8,16.0,1.0,94755.0,200000.0,10.0,1,-105245.0
230.0,,199,243,58.0,10,12.0,1.0,44003.0,200000.0,12.0,1,-155997.0
231.0,,438,31,20.0,29,18.0,1.0,42600.0,200000.0,10.0,1,-157400.0
232.0,,370,263,12.0,21,20.0,1.0,68745.0,200000.0,2.0,0,-131255.0
233.0,,187,295,45.0,20,7.0,1.0,94916.0,200000.0,13.0,0,-105084.0
234.0,,204,484,50.0,14,1.0,1.0,33559.0,200000.0,27.0,0,-166441.0
235.0,,381,456,2.0,17,18.0,1.0,119702.0,200000.0,15.0,1,-80298.0
236.0,,629,267,26.0,24,16.0,1.0,100938.0,200000.0,10.0,0,-99062.0
237.0,,763,365,29.0,13,12.0,1.0,48935.0,200000.0,16.0,1,-151065.0
238.0,,770,376,76.0,13,5.0,1.0,56780.0,200000.0,12.0,0,-143220.0
239.0,20230927,791,116,33.0,21,8.0,1.0,32425.0,200000.0,3.0,0,-167575.0
240.0,,622,417,46.0,26,6.0,1.0,79020.0,200000.0,22.0,1,-120980.0
241.0,,512,387,26.0,6,5.0,1.0,95550.0,200000.0,10.0,1,-104450.0
242.0,20211020,252,96,46.0,29,17.0,1.0,72777.0,200000.0,17.0,0,-127223.0
243.0,20240623,477,142,39.0,7,11.0,1.0,76936.0,200000.0,17.0,0,-123064.0
244.0,,629,182,13.0,12,17.0,1.0,54706.0,200000.0,11.0,1,-145294.0
245.0,,652,56,15.0,30,2.0,1.0,84594.0,200000.0,15.0,1,-115406.0
246.0,20200417,540,395,50.0,18,17.0,1.0,31285.0,200000.0,23.0,1,-168715.0
247.0,,732,73,54.0,24,2.0,1.0,110634.0,200000.0,0.0,1,-89366.0
248.0,,69,118,25.0,15,12.0,1.0,43711.0,200000.0,30.0,1,-156289.0
249.0,20230813,189,74,3.0,2,16.0,1.0,107350.0,200000.0,14.0,0,-92650.0
250.0,,398,228,80.0,23,16.0,1.0,53437.0,200000.0,9.0,1,-146563.0
251.0,,53,163,43.0,3,19.0,1.0,33566.0,200000.0,2.0,0,-166434.0
252.0,20201003,156,88,11.0,16,11.0,1.0,27602.0,200000.0,4.0,0,-172398.0
253.0,,174,171,43.0,13,9.0,1.0,74809.0,200000.0,10.0,0,-125191.0
254.0,20221220,522,55,11.0,14,16.0,1.0,25503.0,200000.0,15.0,1,-174497.0
255.0,,717,456,2.0,25,19.0,1.0,106244.0,200000.0,19.0,0,-93756.0
256.0,,560,324,35.0,1,7.0,1.0,37431.0,200000.0,27.0,0,-162569.0
257.0,20230328,723,443,61.0,7,8.0,1.0,57258.0,200000.0,4.0,0,-142742.0
258.0,,769,75,37.0,24,1.0,1.0,32938.0,200000.0,6.0,1,-167062.0
259.0,20221014,777,369,6.0,10,3.0,1.0,109360.0,200000.0,3.0,0,-90640.0
260.0,,658,166,75.0,19,5.0,1.0,51230.0,200000.0,26.0,0,-148770.0
261.0,20240114,207,346,24.0,1,16.0,1.0,91990.0,200000.0,12.0,1,-108010.0
262.0,20220909,635,135,35.0,15,1.0,1.0,55776.0,200000.0,2.0,1,-144224.0
263.0,20240420,727,46,52.0,12,12.0,1.0,108796.0,200000.0,15.0,1,-91204.0
264.0,20210324,772,279,51.0,4,15.0,1.0,89117.0,200000.0,24.0,0,-110883.0
265.0,,248,306,41.0,22,20.0,1.0,30488.0,200000.0,24.0,0,-169512.0
266.0,,487,400,16.0,24,5.0,1.0,110682.0,200000.0,19.0,0,-89318.0
267.0,,310,269,52.0,3,15.0,1.0,33542.0,200000.0,18.0,0,-166458.0
268.0,,119,411,17.0,21,12.0,1.0,97487.0,200000.0,7.0,1,-102513.0
269.0,20200705,198,21,72.0,17,9.0,1.0,86592.0,200000.0,19.0,1,-113408.0
270.0,,357,89,69.0,16,1.0,1.0,76331.0,200000.0,26.0,1,-123669.0
271.0,,644,457,71.0,20,7.0,1.0,53893.0,200000.0,7.0,1,-146107.0
272.0,,128,227,3.0,26,13.0,1.0,82232.0,200000.0,4.0,0,-117768.0
273.0,20221211,615,87,71.0,3,6.0,1.0,54960.0,200000.0,4.0,1,-145040.0
274.0,,296,5,17.0,6,8.0,1.0,42688.0,200000.0,14.0,0,-157312.0
275.0,,564,154,32.0,26,15.0,1.0,102388.0,200000.0,14.0,0,-97612.0
276.0,,384,112,16.0,12,17.0,1.0,62345.0,200000.0,17.0,0,-137655.0
277.0,20230217,146,34,48.0,3,19.0,1.0,39973.0,200000.0,21.0,1,-160027.0
278.0,,742,476,40.0,1,6.0,1.0,87019.0,200000.0,7.0,0,-112981.0
279.0,,154,43,79.0,10,16.0,1.0,102774.0,200000.0,24.0,0,-97226.0
280.0,,368,145,51.0,21,11.0,1.0,87026.0,200000.0,26.0,1,-112974.0
281.0,,8,54,79.0,29,2.0,1.0,76208.0,200000.0,17.0,0,-123792.0
282.0,20201228,624,141,31.0,18,16.0,1.0,52972.0,200000.0,13.0,0,-147028.0
283.0,20211201,747,63,12.0,18,1.0,1.0,49811.0,200000.0,15.0,0,-150189.0
284.0,20230104,793,442,5.0,18,5.0,1.0,97559.0,200000.0,3.0,1,-102441.0
285.0,,77,64,70.0,30,3.0,1.0,95950.0,200000.0,1.0,1,-104050.0
286.0,,489,209,68.0,7,4.0,1.0,81324.0,200000.0,9.0,0,-118676.0
287.0,20211224,591,8,26.0,13,9.0,1.0,78887.0,200000.0,21.0,0,-121113.0
288.0,,537,113,13.0,24,8.0,1.0,60084.0,200000.0,18.0,0,-139916.0
289.0,,643,183,64.0,25,7.0,1.0,86785.0,200000.0,4.0,1,-113215.0
290.0,20200225,100,251,58.0,1,6.0,1.0,61394.0,200000.0,21.0,1,-138606.0
291.0,20201118,634,392,75.0,17,14.0,1.0,118545.0,200000.0,18.0,0,-81455.0
292.0,,201,124,43.0,18,17.0,1.0,93822.0,200000.0,25.0,0,-106178.0
293.0,20230514,472,458,21.0,21,5.0,1.0,91062.0,200000.0,15.0,0,-108938.0
294.0,,27,26,78.0,14,6.0,1.0,31951.0,200000.0,24.0,1,-168049.0
295.0,,268,268,14.0,24,6.0,1.0,119666.0,200000.0,9.0,1,-80334.0
296.0,,349,498,25.0,7,3.0,1.0,56302.0,200000.0,7.0,0,-143698.0
297.0,20230728,247,95,32.0,27,14.0,1.0,41765.0,200000.0,26.0,0,-158235.0
298.0,,319,123,47.0,17,17.0,1.0,42046.0,200000.0,30.0,1,-157954.0
299.0,,533,249,1.0,4,5.0,1.0,30287.0,200000.0,29.0,1,-169713.0
300.0,,520,329,73.0,26,7.0,1.0,95158.0,200000.0,28.0,0,-104842.0
301.0,,414,333,56.0,4,14.0,1.0,111977.0,200000.0,24.0,1,-88023.0
302.0,,16,140,8.0,20,2.0,1.0,81917.0,200000.0,26.0,1,-118083.0
303.0,,756,483,50.0,26,18.0,1.0,97805.0,200000.0,8.0,1,-102195.0
304.0,20241105,367,254,76.0,18,4.0,1.0,112539.0,200000.0,12.0,1,-87461.0
305.0,,475,352,44.0,18,15.0,1.0,48228.0,200000.0,20.0,0,-151772.0
306.0,,374,395,31.0,18,11.0,1.0,30168.0,200000.0,30.0,1,-169832.0
307.0,,520,245,60.0,25,16.0,1.0,74866.0,200000.0,18.0,1,-125134.0
308.0,,698,278,79.0,13,13.0,1.0,102803.0,200000.0,23.0,1,-97197.0
309.0,,415,312,50.0,21,1.0,1.0,28363.0,200000.0,9.0,0,-171637.0
310.0,20231128,116,104,80.0,15,12.0,1.0,80869.0,200000.0,24.0,1,-119131.0
311.0,20200831,776,71,65.0,27,2.0,1.0,118411.0,200000.0,10.0,1,-81589.0
312.0,,243,367,66.0,24,4.0,1.0,44622.0,200000.0,25.0,1,-155378.0
313.0,,640,165,66.0,11,4.0,1.0,29285.0,200000.0,27.0,0,-170715.0
314.0,,30,126,21.0,21,20.0,1.0,119999.0,200000.0,18.0,0,-80001.0
315.0,,192,89,24.0,7,13.0,1.0,114600.0,200000.0,8.0,0,-85400.0
316.0,,24,496,18.0,30,6.0,1.0,115018.0,200000.0,12.0,1,-84982.0
317.0,20240717,255,72,45.0,1,20.0,1.0,41883.0,200000.0,29.0,0,-158117.0
318.0,,283,254,37.0,14,8.0,1.0,27933.0,200000.0,21.0,1,-172067.0
319.0,,509,14,67.0,17,2.0,1.0,80549.0,200000.0,23.0,0,-119451.0
320.0,,82,288,75.0,14,14.0,1.0,76593.0,200000.0,1.0,1,-123407.0
321.0,20231104,458,89,26.0,17,14.0,1.0,104443.0,200000.0,17.0,0,-95557.0
322.0,20220707,239,211,77.0,22,17.0,1.0,73414.0,200000.0,14.0,1,-126586.0
323.0,20201104,267,425,22.0,17,2.0,1.0,45687.0,200000.0,21.0,0,-154313.0
324.0,20211123,116,145,57.0,17,14.0,1.0,84383.0,200000.0,29.0,0,-115617.0
325.0,,273,58,24.0,24,6.0,1.0,87273.0,200000.0,24.0,1,-112727.0
326.0,,714,237,34.0,20,18.0,1.0,67788.0,200000.0,18.0,0,-132212.0
327.0,,349,306,48.0,17,10.0,1.0,38108.0,200000.0,18.0,1,-161892.0
328.0,20200420,759,494,24.0,26,1.0,1.0,58828.0,200000.0,19.0,1,-141172.0
329.0,20220702,439,31,57.0,6,3.0,1.0,35372.0,200000.0,8.0,1,-164628.0
330.0,,771,240,80.0,25,16.0,1.0,62416.0,200000.0,9.0,1,-137584.0
331.0,20231004,732,118,23.0,17,18.0,1.0,62565.0,200000.0,1.0,0,-137435.0
332.0,20210221,247,360,33.0,28,8.0,1.0,36736.0,200000.0,14.0,0,-163264.0
333.0,,581,466,50.0,27,19.0,1.0,35959.0,200000.0,10.0,0,-164041.0
334.0,,693,343,1.0,23,20.0,1.0,36343.0,200000.0,19.0,1,-163657.0
335.0,,164,194,49.0,17,12.0,1.0,107714.0,200000.0,4.0,0,-92286.0
336.0,,500,416,65.0,27,2.0,1.0,88714.0,200000.0,0.0,1,-111286.0
337.0,,286,38,74.0,21,14.0,1.0,98722.0,200000.0,21.0,1,-101278.0
338.0,20200618,441,440,26.0,26,5.0,1.0,106842.0,200000.0,1.0,1,-93158.0
339.0,,449,163,7.0,2,6.0,1.0,68777.0,200000.0,12.0,0,-131223.0
340.0,,749,190,73.0,5,11.0,1.0,112406.0,200000.0,22.0,0,-87594.0
341.0,,33,396,37.0,14,20.0,1.0,53116.0,200000.0,20.0,0,-146884.0
342.0,,151,399,1.0,23,1.0,1.0,101159.0,200000.0,0.0,0,-98841.0
343.0,,643,125,59.0,20,3.0,1.0,42836.0,200000.0,27.0,1,-157164.0
344.0,,9,408,14.0,12,19.0,1.0,114967.0,200000.0,2.0,0,-85033.0
345.0,20210724,243,387,12.0,22,3.0,1.0,42730.0,200000.0,23.0,0,-157270.0
346.0,20200715,131,214,46.0,30,20.0,1.0,55252.0,200000.0,2.0,1,-144748.0
347.0,,597,214,8.0,17,13.0,1.0,99754.0,200000.0,1.0,1,-100246.0
348.0,20230220,9,436,49.0,10,15.0,1.0,119942.0,200000.0,23.0,1,-80058.0
349.0,,707,483,9.0,13,19.0,1.0,76514.0,200000.0,0.0,1,-123486.0
350.0,20210407,331,342,53.0,7,16.0,1.0,65494.0,200000.0,0.0,0,-134506.0
351.0,,326,228,8.0,15,12.0,1.0,50556.0,200000.0,29.0,1,-149444.0
352.0,20201104,317,79,28.0,24,20.0,1.0,41753.0,200000.0,19.0,1,-158247.0
353.0,,363,51,56.0,18,7.0,1.0,113836.0,200000.0,24.0,1,-86164.0
354.0,,650,336,31.0,22,1.0,1.0,77011.0,200000.0,20.0,1,-122989.0
355.0,,673,292,1.0,12,4.0,1.0,90097.0,200000.0,2.0,0,-109903.0
356.0,,636,494,78.0,23,11.0,1.0,116525.0,200000.0,21.0,0,-83475.0
357.0,,388,454,41.0,1,15.0,1.0,29328.0,200000.0,18.0,1,-170672.0
358.0,20230520,608,473,79.0,23,9.0,1.0,65290.0,200000.0,22.0,1,-134710.0
359.0,20210910,150,390,5.0,16,20.0,1.0,69129.0,200000.0,12.0,1,-130871.0
360.0,,752,133,21.0,10,1.0,1.0,51830.0,200000.0,13.0,0,-148170.0
361.0,,554,431,24.0,9,20.0,1.0,104888.0,200000.0,4.0,1,-95112.0
362.0,20240107,236,384,31.0,18,19.0,1.0,101247.0,200000.0,17.0,0,-98753.0
363.0,,300,185,41.0,28,17.0,1.0,91294.0,200000.0,17.0,1,-108706.0
364.0,,134,181,64.0,4,5.0,1.0,89748.0,200000.0,0.0,1,-110252.0
365.0,,197,192,24.0,15,15.0,1.0,114374.0,200000.0,13.0,1,-85626.0
366.0,,358,369,4.0,22,2.0,1.0,68938.0,200000.0,17.0,1,-131062.0
367.0,,79,345,37.0,17,4.0,1.0,66114.0,200000.0,4.0,1,-133886.0
368.0,,292,354,3.0,29,13.0,1.0,53749.0,200000.0,17.0,1,-146251.0
369.0,,564,285,23.0,11,7.0,1.0,91277.0,200000.0,3.0,0,-108723.0
370.0,,358,240,39.0,19,13.0,1.0,79919.0,200000.0,26.0,1,-120081.0
371.0,20220725,332,322,72.0,20,19.0,1.0,100247.0,200000.0,17.0,0,-99753.0
372.0,,212,72,14.0,27,16.0,1.0,95076.0,200000.0,21.0,0,-104924.0
373.0,,243,225,27.0,29,2.0,1.0,79322.0,200000.0,8.0,0,-120678.0
374.0,,169,478,29.0,10,5.0,1.0,95934.0,200000.0,10.0,0,-104066.0
375.0,,70,178,7.0,2,7.0,1.0,33724.0,200000.0,15.0,0,-166276.0
376.0,,115,36,46.0,29,11.0,1.0,95116.0,200000.0,13.0,0,-104884.0
377.0,,525,417,4.0,20,11.0,1.0,31902.0,200000.0,18.0,0,-168098.0
378.0,,400,27,43.0,29,17.0,1.0,84225.0,200000.0,6.0,1,-115775.0
379.0,,550,162,41.0,18,1.0,1.0,91137.0,200000.0,7.0,0,-108863.0
380.0,20240623,358,408,32.0,24,3.0,1.0,91801.0,200000.0,10.0,1,-108199.0
381.0,,246,393,5.0,9,14.0,1.0,58408.0,200000.0,27.0,1,-141592.0
382.0,,214,441,43.0,25,18.0,1.0,66930.0,200000.0,28.0,1,-133070.0
383.0,20241101,208,319,34.0,12,15.0,1.0,42464.0,200000.0,23.0,0,-157536.0
384.0,,103,444,23.0,10,4.0,1.0,49316.0,200000.0,9.0,1,-150684.0
385.0,,33,409,12.0,21,16.0,1.0,29536.0,200000.0,15.0,1,-170464.0
386.0,,114,93,79.0,26,14.0,1.0,83468.0,200000.0,7.0,0,-116532.0
387.0,,599,220,57.0,9,14.0,1.0,84793.0,200000.0,27.0,0,-115207.0
388.0,20240303,403,103,49.0,1,1.0,1.0,32990.0,200000.0,18.0,1,-167010.0
389.0,,394,444,29.0,27,3.0,1.0,103213.0,200000.0,2.0,1,-96787.0
390.0,,154,367,29.0,23,17.0,1.0,37006.0,200000.0,28.0,1,-162994.0
391.0,20210511,653,10,7.0,9,7.0,1.0,32258.0,200000.0,2.0,1,-167742.0
392.0,20230217,671,154,20.0,24,11.0,1.0,119264.0,200000.0,13.0,1,-80736.0
393.0,,522,340,39.0,10,18.0,1.0,91880.0,200000.0,9.0,1,-108120.0
394.0,20240730,168,116,34.0,18,10.0,1.0,80020.0,200000.0,5.0,0,-119980.0
395.0,,626,414,72.0,16,20.0,1.0,115421.0,200000.0,4.0,0,-84579.0
396.0,20230101,374,485,33.0,22,18.0,1.0,51581.0,200000.0,1.0,1,-148419.0
397.0,,361,434,47.0,20,1.0,1.0,82269.0,200000.0,26.0,0,-117731.0
398.0,,635,52,40.0,28,9.0,1.0,112522.0,200000.0,8.0,1,-87478.0
399.0,,484,328,60.0,25,15.0,1.0,82033.0,200000.0,6.0,1,-117967.0
400.0,20211123,234,458,19.0,1,12.0,1.0,42839.0,200000.0,12.0,1,-157161.0
401.0,20211206,688,490,77.0,15,8.0,1.0,78935.0,200000.0,18.0,1,-121065.0
402.0,,467,279,2.0,6,1.0,1.0,74125.0,200000.0,30.0,1,-125875.0
403.0,20240328,462,144,29.0,8,18.0,1.0,81784.0,200000.0,28.0,0,-118216.0
404.0,,185,156,64.0,14,19.0,1.0,96582.0,200000.0,0.0,0,-103418.0
405.0,,244,453,38.0,7,8.0,1.0,106760.0,200000.0,0.0,1,-93240.0
406.0,,321,93,20.0,14,15.0,1.0,41791.0,200000.0,28.0,0,-158209.0
407.0,20240216,196,303,70.0,18,14.0,1.0,90761.0,200000.0,17.0,1,-109239.0
408.0,,363,404,11.0,30,13.0,1.0,64995.0,200000.0,3.0,0,-135005.0
409.0,,93,27,11.0,8,3.0,1.0,119001.0,200000.0,5.0,0,-80999.0
410.0,20201008,473,103,37.0,4,4.0,1.0,78787.0,200000.0,11.0,1,-121213.0
411.0,20220527,433,290,22.0,9,19.0,1.0,65324.0,200000.0,12.0,0,-134676.0
412.0,,429,201,63.0,9,15.0,1.0,35178.0,200000.0,16.0,0,-164822.0
413.0,,425,57,5.0,8,7.0,1.0,63018.0,200000.0,13.0,0,-136982.0
414.0,,562,385,39.0,24,18.0,1.0,28154.0,200000.0,17.0,0,-171846.0
415.0,20230101,782,394,4.0,13,11.0,1.0,47494.0,200000.0,28.0,0,-152506.0
416.0,,66,258,33.0,28,16.0,1.0,101008.0,200000.0,14.0,0,-98992.0
417.0,,531,95,52.0,28,2.0,1.0,75446.0,200000.0,7.0,0,-124554.0
418.0,20200929,658,5,38.0,21,9.0,1.0,74377.0,200000.0,11.0,1,-125623.0
419.0,20230523,696,238,18.0,10,1.0,1.0,101215.0,200000.0,13.0,1,-98785.0
420.0,,387,89,20.0,24,13.0,1.0,94190.0,200000.0,1.0,0,-105810.0
421.0,,35,6,63.0,27,18.0,1.0,69149.0,200000.0,19.0,0,-130851.0
422.0,,486,494,64.0,16,11.0,1.0,89250.0,200000.0,5.0,1,-110750.0
423.0,20211221,216,34,76.0,23,17.0,1.0,88349.0,200000.0,26.0,0,-111651.0
424.0,20231102,686,128,48.0,25,18.0,1.0,46013.0,200000.0,23.0,0,-153987.0
425.0,,209,497,13.0,7,6.0,1.0,37042.0,200000.0,5.0,0,-162958.0
426.0,20201009,151,294,1.0,8,16.0,1.0,48567.0,200000.0,9.0,0,-151433.0
427.0,20220120,403,85,73.0,23,2.0,1.0,45719.0,200000.0,26.0,1,-154281.0
428.0,,264,323,64.0,26,5.0,1.0,103265.0,200000.0,25.0,1,-96735.0
429.0,,17,293,8.0,10,11.0,1.0,67781.0,200000.0,29.0,1,-132219.0
430.0,20231114,595,411,28.0,12,19.0,1.0,104098.0,200000.0,25.0,0,-95902.0
431.0,,386,1,76.0,10,9.0,1.0,52842.0,200000.0,10.0,0,-147158.0
432.0,,207,213,49.0,18,2.0,1.0,52175.0,200000.0,4.0,0,-147825.0
433.0,,485,230,33.0,23,7.0,1.0,95999.0,200000.0,0.0,0,-104001.0
434.0,,391,358,9.0,13,2.0,1.0,69696.0,200000.0,16.0,0,-130304.0
435.0,,715,348,19.0,27,17.0,1.0,31644.0,200000.0,11.0,0,-168356.0
436.0,,506,132,3.0,17,8.0,1.0,51422.0,200000.0,23.0,1,-148578.0
437.0,20200327,63,445,68.0,12,10.0,1.0,52491.0,200000.0,12.0,0,-147509.0
438.0,,599,9,47.0,10,7.0,1.0,86756.0,200000.0,29.0,1,-113244.0
439.0,,109,94,49.0,17,5.0,1.0,95894.0,200000.0,26.0,1,-104106.0
440.0,20210911,234,161,64.0,12,18.0,1.0,33691.0,200000.0,20.0,1,-166309.0
441.0,20210325,702,277,7.0,23,8.0,1.0,75859.0,200000.0,4.0,0,-124141.0
442.0,,48,169,78.0,3,7.0,1.0,109372.0,200000.0,11.0,1,-90628.0
443.0,,771,322,3.0,27,4.0,1.0,55395.0,200000.0,15.0,0,-144605.0
444.0,,679,131,23.0,28,20.0,1.0,75371.0,200000.0,29.0,1,-124629.0
445.0,20220715,579,148,72.0,19,1.0,1.0,109647.0,200000.0,13.0,0,-90353.0
446.0,,137,168,39.0,8,18.0,1.0,52694.0,200000.0,12.0,0,-147306.0
447.0,,365,131,36.0,8,4.0,1.0,56614.0,200000.0,6.0,0,-143386.0
448.0,,297,48,6.0,3,18.0,1.0,96893.0,200000.0,14.0,1,-103107.0
449.0,20220519,382,404,3.0,24,5.0,1.0,66911.0,200000.0,16.0,1,-133089.0
450.0,,387,60,39.0,10,9.0,1.0,53387.0,200000.0,16.0,0,-146613.0
451.0,,641,190,48.0,8,8.0,1.0,73427.0,200000.0,12.0,0,-126573.0
452.0,20210429,766,147,73.0,13,8.0,1.0,38273.0,200000.0,2.0,0,-161727.0
453.0,,214,68,50.0,9,19.0,1.0,109206.0,200000.0,14.0,0,-90794.0
454.0,,186,206,27.0,7,3.0,1.0,60638.0,200000.0,22.0,1,-139362.0
455.0,,593,63,8.0,11,3.0,1.0,52463.0,200000.0,29.0,1,-147537.0
456.0,,597,312,11.0,20,10.0,1.0,49578.0,200000.0,12.0,0,-150422.0
457.0,20231206,53,239,48.0,20,7.0,1.0,99738.0,200000.0,30.0,1,-100262.0
458.0,20220824,467,134,18.0,2,5.0,1.0,103578.0,200000.0,3.0,1,-96422.0
459.0,,367,272,31.0,2,8.0,1.0,97944.0,200000.0,3.0,0,-102056.0
460.0,,295,342,48.0,18,20.0,1.0,68507.0,200000.0,23.0,1,-131493.0
461.0,20210909,16,461,79.0,13,18.0,1.0,119750.0,200000.0,5.0,1,-80250.0
462.0,,281,391,50.0,21,20.0,1.0,67225.0,200000.0,12.0,0,-132775.0
463.0,,310,24,74.0,22,1.0,1.0,37480.0,200000.0,15.0,1,-162520.0
464.0,,386,401,46.0,26,14.0,1.0,26684.0,200000.0,15.0,1,-173316.0
465.0,,568,105,37.0,3,7.0,1.0,45357.0,200000.0,27.0,1,-154643.0
466.0,,250,51,19.0,15,13.0,1.0,81502.0,200000.0,29.0,0,-118498.0
467.0,,164,440,79.0,20,10.0,1.0,48504.0,200000.0,2.0,0,-151496.0
468.0,,294,99,29.0,1,1.0,1.0,83362.0,200000.0,4.0,1,-116638.0
469.0,20240816,210,449,12.0,5,4.0,1.0,49614.0,200000.0,28.0,1,-150386.0
470.0,20220705,537,331,67.0,21,2.0,1.0,106849.0,200000.0,1.0,0,-93151.0
471.0,,435,275,32.0,23,4.0,1.0,82636.0,200000.0,5.0,1,-117364.0
472.0,20220824,436,364,1.0,26,18.0,1.0,25579.0,200000.0,20.0,0,-174421.0
473.0,,144,455,49.0,19,20.0,1.0,113847.0,200000.0,14.0,1,-86153.0
474.0,,156,245,51.0,2,9.0,1.0,68090.0,200000.0,17.0,0,-131910.0
475.0,,367,487,22.0,18,1.0,1.0,76491.0,200000.0,23.0,1,-123509.0
476.0,,287,421,43.0,2,8.0,1.0,94690.0,200000.0,19.0,0,-105310.0
477.0,,547,346,16.0,5,13.0,1.0,63039.0,200000.0,11.0,0,-136961.0
478.0,,674,354,69.0,6,20.0,1.0,67580.0,200000.0,3.0,0,-132420.0
479.0,,571,180,78.0,28,12.0,1.0,32350.0,200000.0,14.0,0,-167650.0
480.0,,127,421,55.0,26,11.0,1.0,42839.0,200000.0,23.0,1,-157161.0
481.0,,418,448,64.0,18,16.0,1.0,110840.0,200000.0,0.0,0,-89160.0
482.0,20230927,790,85,41.0,8,14.0,1.0,83567.0,200000.0,17.0,0,-116433.0
483.0,20221218,352,141,68.0,26,9.0,1.0,49009.0,200000.0,11.0,0,-150991.0
484.0,,97,129,13.0,24,6.0,1.0,80466.0,200000.0,25.0,1,-119534.0
485.0,,634,118,78.0,5,8.0,1.0,110224.0,200000.0,25.0,0,-89776.0
486.0,,767,300,11.0,4,13.0,1.0,91746.0,200000.0,3.0,0,-108254.0
487.0,20231103,579,18,2.0,2,8.0,1.0,76983.0,200000.0,20.0,1,-123017.0
488.0,20230428,177,40,49.0,22,1.0,1.0,99100.0,200000.0,15.0,1,-100900.0
489.0,,468,330,24.0,11,17.0,1.0,70104.0,200000.0,25.0,1,-129896.0
490.0,,795,201,14.0,14,14.0,1.0,84910.0,200000.0,17.0,0,-115090.0
491.0,,222,30,70.0,5,4.0,1.0,114861.0,200000.0,6.0,1,-85139.0
492.0,20220707,591,482,60.0,27,10.0,1.0,51229.0,200000.0,13.0,0,-148771.0
493.0,,402,297,44.0,17,9.0,1.0,73702.0,200000.0,26.0,0,-126298.0
494.0,20230509,449,203,7.0,4,19.0,1.0,55638.0,200000.0,24.0,1,-144362.0
495.0,,576,116,8.0,23,4.0,1.0,37328.0,200000.0,28.0,1,-162672.0
496.0,,8,34,10.0,30,2.0,1.0,91659.0,200000.0,23.0,1,-108341.0
497.0,,584,97,79.0,4,6.0,1.0,73618.0,200000.0,5.0,1,-126382.0
498.0,,168,411,67.0,10,15.0,1.0,61014.0,200000.0,0.0,0,-138986.0
499.0,20240519,637,197,42.0,17,10.0,1.0,100429.0,200000.0,30.0,0,-99571.0
500.0,20240114,74,155,66.0,22,18.0,1.0,31785.0,200000.0,27.0,0,-168215.0
501.0,20220707,151,400,12.0,8,15.0,1.0,50713.0,200000.0,9.0,0,-149287.0
502.0,20211227,522,404,3.0,10,11.0,1.0,87301.0,200000.0,6.0,0,-112699.0
503.0,,585,67,32.0,24,19.0,1.0,99792.0,200000.0,24.0,0,-100208.0
504.0,,284,191,24.0,6,18.0,1.0,119152.0,200000.0,15.0,0,-80848.0
505.0,20220120,34,460,13.0,30,7.0,1.0,65644.0,200000.0,4.0,0,-134356.0
506.0,20241108,654,92,69.0,25,10.0,1.0,118910.0,200000.0,19.0,1,-81090.0
507.0,,782,165,53.0,22,8.0,1.0,36527.0,200000.0,13.0,1,-163473.0
508.0,,350,69,73.0,13,1.0,1.0,108628.0,200000.0,25.0,0,-91372.0
509.0,,505,481,52.0,17,1.0,1.0,113721.0,200000.0,29.0,1,-86279.0
510.0,,43,227,12.0,5,3.0,1.0,109823.0,200000.0,18.0,0,-90177.0
511.0,,534,210,68.0,9,6.0,1.0,97953.0,200000.0,5.0,1,-102047.0
512.0,,540,113,62.0,8,16.0,1.0,35400.0,200000.0,5.0,0,-164600.0
513.0,20230324,439,226,5.0,2,17.0,1.0,49076.0,200000.0,29.0,1,-150924.0
514.0,20200408,447,178,52.0,20,20.0,1.0,30361.0,200000.0,29.0,1,-169639.0
515.0,,756,137,9.0,19,20.0,1.0,116352.0,200000.0,8.0,1,-83648.0
516.0,,530,337,45.0,13,9.0,1.0,88815.0,200000.0,3.0,0,-111185.0
517.0,20220417,711,318,47.0,16,4.0,1.0,70090.0,200000.0,29.0,1,-129910.0
518.0,20220223,608,393,6.0,15,20.0,1.0,35201.0,200000.0,1.0,1,-164799.0
519.0,,681,44,22.0,2,19.0,1.0,49846.0,200000.0,29.0,0,-150154.0
520.0,20230414,690,260,49.0,9,20.0,1.0,34903.0,200000.0,25.0,0,-165097.0
521.0,,186,111,34.0,5,18.0,1.0,112917.0,200000.0,3.0,1,-87083.0
522.0,,48,337,55.0,11,20.0,1.0,110765.0,200000.0,22.0,0,-89235.0
523.0,,723,327,66.0,14,8.0,1.0,39821.0,200000.0,24.0,1,-160179.0
524.0,,246,263,4.0,30,13.0,1.0,89589.0,200000.0,9.0,1,-110411.0
525.0,,119,91,36.0,25,3.0,1.0,40245.0,200000.0,6.0,1,-159755.0
526.0,20220215,594,260,54.0,9,3.0,1.0,91515.0,200000.0,29.0,1,-108485.0
527.0,,611,64,21.0,30,13.0,1.0,110610.0,200000.0,29.0,1,-89390.0
528.0,20201020,725,454,22.0,25,5.0,1.0,107804.0,200000.0,14.0,1,-92196.0
529.0,20240801,558,277,47.0,26,1.0,1.0,57977.0,200000.0,9.0,1,-142023.0
530.0,20220705,184,71,22.0,24,2.0,1.0,110227.0,200000.0,7.0,1,-89773.0
531.0,,14,236,74.0,20,5.0,1.0,28631.0,200000.0,11.0,0,-171369.0
532.0,,518,494,70.0,12,15.0,1.0,42076.0,200000.0,30.0,0,-157924.0
533.0,,305,413,7.0,19,6.0,1.0,86721.0,200000.0,15.0,1,-113279.0
534.0,20220707,423,492,79.0,26,20.0,1.0,105003.0,200000.0,17.0,0,-94997.0
535.0,,173,432,37.0,11,14.0,1.0,117492.0,200000.0,23.0,1,-82508.0
536.0,20240103,602,323,73.0,25,3.0,1.0,63419.0,200000.0,7.0,0,-136581.0
537.0,20231118,56,19,79.0,10,14.0,1.0,115254.0,200000.0,30.0,1,-84746.0
538.0,,124,257,5.0,30,20.0,1.0,28142.0,200000.0,27.0,0,-171858.0
539.0,20220705,673,205,71.0,5,15.0,1.0,87805.0,200000.0,11.0,1,-112195.0
540.0,,533,252,7.0,10,14.0,1.0,52161.0,200000.0,16.0,0,-147839.0
541.0,,102,13,66.0,13,8.0,1.0,90008.0,200000.0,25.0,1,-109992.0
542.0,,19,29,24.0,24,17.0,1.0,75101.0,200000.0,3.0,1,-124899.0
543.0,,594,82,6.0,15,9.0,1.0,55763.0,200000.0,12.0,0,-144237.0
544.0,,514,48,15.0,23,19.0,1.0,116410.0,200000.0,16.0,1,-83590.0
545.0,,71,315,39.0,10,18.0,1.0,105592.0,200000.0,14.0,0,-94408.0
546.0,,417,303,10.0,2,2.0,1.0,28323.0,200000.0,19.0,0,-171677.0
547.0,20240113,631,56,50.0,20,8.0,1.0,65778.0,200000.0,19.0,0,-134222.0
548.0,20240816,280,491,13.0,1,5.0,1.0,81416.0,200000.0,28.0,1,-118584.0
549.0,,310,203,1.0,20,14.0,1.0,28126.0,200000.0,23.0,0,-171874.0
550.0,,143,253,18.0,5,16.0,1.0,43153.0,200000.0,12.0,0,-156847.0
551.0,,707,176,80.0,15,9.0,1.0,56509.0,200000.0,8.0,1,-143491.0
552.0,,77,313,23.0,15,6.0,1.0,55851.0,200000.0,2.0,1,-144149.0
553.0,,585,364,21.0,6,5.0,1.0,38554.0,200000.0,30.0,1,-161446.0
554.0,20240206,176,230,42.0,20,12.0,1.0,89232.0,200000.0,21.0,1,-110768.0
555.0,,132,223,50.0,4,1.0,1.0,53981.0,200000.0,8.0,0,-146019.0
556.0,,103,362,71.0,23,9.0,1.0,45944.0,200000.0,20.0,0,-154056.0
557.0,20210326,611,228,40.0,4,20.0,1.0,86720.0,200000.0,22.0,0,-113280.0
558.0,20210204,110,293,49.0,7,19.0,1.0,51883.0,200000.0,2.0,1,-148117.0
559.0,,749,263,1.0,8,9.0,1.0,116314.0,200000.0,27.0,1,-83686.0
560.0,,762,321,71.0,30,2.0,1.0,54224.0,200000.0,21.0,0,-145776.0
561.0,20230501,324,115,80.0,11,16.0,1.0,56181.0,200000.0,4.0,0,-143819.0
562.0,20230822,377,128,22.0,15,14.0,1.0,28888.0,200000.0,11.0,1,-171112.0
563.0,,595,267,57.0,6,1.0,1.0,114869.0,200000.0,20.0,0,-85131.0
564.0,20230220,447,82,7.0,24,18.0,1.0,83257.0,200000.0,28.0,1,-116743.0
565.0,,432,237,41.0,1,20.0,1.0,82870.0,200000.0,28.0,1,-117130.0
566.0,20210502,525,430,34.0,17,3.0,1.0,101366.0,200000.0,2.0,1,-98634.0
567.0,,720,227,7.0,3,5.0,1.0,33830.0,200000.0,5.0,1,-166170.0
568.0,,84,197,6.0,12,13.0,1.0,39811.0,200000.0,27.0,1,-160189.0
569.0,,543,346,19.0,9,12.0,1.0,48941.0,200000.0,30.0,1,-151059.0
570.0,,611,178,71.0,27,9.0,1.0,46491.0,200000.0,21.0,1,-153509.0
571.0,20230604,739,233,31.0,29,14.0,1.0,58814.0,200000.0,18.0,0,-141186.0
572.0,,258,68,49.0,1,6.0,1.0,92955.0,200000.0,1.0,0,-107045.0
573.0,,292,25,42.0,13,6.0,1.0,77604.0,200000.0,5.0,0,-122396.0
574.0,,400,376,50.0,26,1.0,1.0,41616.0,200000.0,4.0,1,-158384.0
575.0,,82,170,45.0,22,11.0,1.0,108365.0,200000.0,23.0,0,-91635.0
576.0,,470,143,70.0,28,8.0,1.0,106736.0,200000.0,21.0,1,-93264.0
577.0,,33,218,36.0,27,11.0,1.0,72969.0,200000.0,16.0,0,-127031.0
578.0,,627,68,79.0,21,7.0,1.0,76689.0,200000.0,9.0,1,-123311.0
579.0,20210801,208,330,73.0,16,5.0,1.0,71344.0,200000.0,8.0,0,-128656.0
580.0,,209,60,72.0,3,19.0,1.0,30168.0,200000.0,20.0,0,-169832.0
581.0,20221006,526,455,76.0,25,15.0,1.0,28004.0,200000.0,12.0,0,-171996.0
582.0,,775,205,60.0,28,16.0,1.0,57186.0,200000.0,0.0,0,-142814.0
583.0,,771,269,15.0,28,16.0,1.0,66466.0,200000.0,24.0,1,-133534.0
584.0,,34,247,23.0,9,4.0,1.0,60304.0,200000.0,2.0,1,-139696.0
585.0,,350,174,64.0,20,15.0,1.0,37152.0,200000.0,21.0,0,-162848.0
586.0,20230501,595,288,43.0,30,11.0,1.0,88833.0,200000.0,23.0,0,-111167.0
587.0,20200730,487,365,57.0,22,13.0,1.0,115027.0,200000.0,20.0,0,-84973.0
588.0,20240907,573,285,67.0,16,9.0,1.0,118188.0,200000.0,21.0,0,-81812.0
589.0,20201219,264,95,16.0,2,1.0,1.0,25620.0,200000.0,24.0,1,-174380.0
590.0,20221030,746,388,5.0,8,18.0,1.0,101027.0,200000.0,22.0,1,-98973.0
591.0,,349,68,22.0,28,2.0,1.0,41384.0,200000.0,14.0,1,-158616.0
592.0,20210301,377,67,24.0,29,1.0,1.0,43325.0,200000.0,22.0,1,-156675.0
593.0,20200715,203,113,46.0,29,6.0,1.0,27170.0,200000.0,25.0,0,-172830.0
594.0,,535,192,52.0,13,19.0,1.0,26531.0,200000.0,15.0,1,-173469.0
595.0,,541,103,28.0,16,7.0,1.0,34763.0,200000.0,23.0,0,-165237.0
596.0,,210,107,8.0,9,18.0,1.0,107588.0,200000.0,30.0,0,-92412.0
597.0,,262,227,78.0,8,8.0,1.0,60840.0,200000.0,23.0,1,-139160.0
598.0,,272,159,59.0,13,2.0,1.0,87513.0,200000.0,5.0,0,-112487.0
599.0,,728,418,4.0,26,18.0,1.0,50299.0,200000.0,17.0,0,-149701.0
600.0,,195,160,20.0,4,19.0,1.0,117011.0,200000.0,5.0,1,-82989.0
601.0,20240516,693,304,16.0,2,2.0,1.0,81573.0,200000.0,19.0,0,-118427.0
602.0,,118,4,79.0,27,9.0,1.0,78355.0,200000.0,8.0,0,-121645.0
603.0,20200715,424,184,77.0,25,4.0,1.0,78246.0,200000.0,16.0,1,-121754.0
604.0,,133,24,27.0,29,2.0,1.0,33245.0,200000.0,10.0,1,-166755.0
605.0,,185,65,69.0,21,19.0,1.0,116534.0,200000.0,20.0,0,-83466.0
606.0,20240814,95,348,19.0,10,7.0,1.0,117048.0,200000.0,23.0,0,-82952.0
607.0,20240510,48,357,47.0,22,16.0,1.0,34470.0,200000.0,3.0,1,-165530.0
608.0,20230513,16,420,29.0,1,14.0,1.0,37089.0,200000.0,22.0,1,-162911.0
609.0,,119,286,40.0,26,13.0,1.0,53618.0,200000.0,12.0,0,-146382.0
610.0,20200706,124,206,67.0,21,4.0,1.0,58079.0,200000.0,27.0,0,-141921.0
611.0,,776,107,61.0,15,3.0,1.0,77395.0,200000.0,6.0,1,-122605.0
612.0,,184,129,50.0,28,3.0,1.0,25332.0,200000.0,25.0,0,-174668.0
613.0,,473,54,13.0,4,14.0,1.0,40537.0,200000.0,27.0,0,-159463.0
614.0,20240920,773,203,57.0,20,11.0,1.0,75464.0,200000.0,27.0,1,-124536.0
615.0,,696,207,29.0,2,6.0,1.0,93794.0,200000.0,23.0,0,-106206.0
616.0,20240704,370,293,63.0,29,17.0,1.0,31995.0,200000.0,10.0,1,-168005.0
617.0,,438,222,15.0,13,7.0,1.0,119211.0,200000.0,16.0,0,-80789.0
618.0,,502,265,8.0,5,8.0,1.0,106289.0,200000.0,21.0,1,-93711.0
619.0,20200301,43,333,46.0,30,6.0,1.0,46644.0,200000.0,25.0,1,-153356.0
620.0,,81,388,69.0,27,19.0,1.0,93978.0,200000.0,13.0,1,-106022.0
621.0,,345,433,53.0,30,2.0,1.0,56106.0,200000.0,10.0,0,-143894.0
622.0,20211129,643,458,17.0,28,19.0,1.0,119323.0,200000.0,3.0,0,-80677.0
623.0,20200420,385,124,62.0,22,3.0,1.0,98170.0,200000.0,0.0,0,-101830.0
624.0,,573,18,21.0,27,19.0,1.0,73421.0,200000.0,23.0,0,-126579.0
625.0,,532,263,60.0,10,17.0,1.0,79136.0,200000.0,14.0,0,-120864.0
626.0,20230714,314,434,19.0,18,6.0,1.0,111676.0,200000.0,12.0,1,-88324.0
627.0,,209,28,54.0,9,9.0,1.0,108774.0,200000.0,13.0,1,-91226.0
628.0,,141,468,17.0,22,3.0,1.0,89221.0,200000.0,23.0,0,-110779.0
629.0,,471,460,37.0,13,2.0,1.0,39252.0,200000.0,7.0,1,-160748.0
630.0,,408,457,1.0,16,15.0,1.0,97071.0,200000.0,16.0,1,-102929.0
631.0,,779,139,9.0,5,13.0,1.0,28217.0,200000.0,19.0,1,-171783.0
632.0,,717,57,49.0,3,19.0,1.0,86695.0,200000.0,19.0,0,-113305.0
633.0,,794,477,42.0,28,5.0,1.0,48583.0,200000.0,26.0,1,-151417.0
634.0,20221002,758,436,52.0,19,4.0,1.0,38786.0,200000.0,19.0,0,-161214.0
635.0,,290,135,40.0,30,5.0,1.0,105506.0,200000.0,24.0,0,-94494.0
636.0,20220405,391,121,15.0,9,15.0,1.0,89351.0,200000.0,9.0,0,-110649.0
637.0,,9,329,21.0,28,12.0,1.0,29149.0,200000.0,22.0,0,-170851.0
638.0,20240410,5,319,80.0,29,7.0,1.0,96525.0,200000.0,11.0,0,-103475.0
639.0,,379,128,34.0,13,17.0,1.0,75452.0,200000.0,25.0,0,-124548.0
640.0,20200721,77,99,15.0,11,6.0,1.0,33826.0,200000.0,5.0,0,-166174.0
641.0,20210831,516,16,51.0,20,4.0,1.0,82126.0,200000.0,14.0,0,-117874.0
642.0,,321,279,18.0,21,13.0,1.0,35705.0,200000.0,1.0,0,-164295.0
643.0,,726,10,56.0,14,19.0,1.0,48966.0,200000.0,30.0,0,-151034.0
644.0,,391,121,1.0,10,19.0,1.0,57695.0,200000.0,17.0,1,-142305.0
645.0,,129,151,30.0,11,16.0,1.0,65451.0,200000.0,8.0,0,-134549.0
646.0,20240730,41,217,52.0,29,1.0,1.0,38782.0,200000.0,18.0,1,-161218.0
647.0,,694,33,28.0,21,10.0,1.0,49603.0,200000.0,27.0,1,-150397.0
648.0,20210402,585,422,69.0,3,16.0,1.0,111020.0,200000.0,5.0,1,-88980.0
649.0,,661,55,58.0,7,1.0,1.0,103767.0,200000.0,10.0,0,-96233.0
650.0,,191,276,80.0,22,18.0,1.0,114015.0,200000.0,22.0,0,-85985.0
651.0,20230515,496,168,73.0,27,9.0,1.0,65364.0,200000.0,6.0,1,-134636.0
652.0,20201009,291,460,4.0,29,9.0,1.0,71412.0,200000.0,6.0,0,-128588.0
653.0,,389,218,43.0,14,20.0,1.0,43568.0,200000.0,4.0,1,-156432.0
654.0,,33,447,63.0,6,10.0,1.0,71940.0,200000.0,25.0,1,-128060.0
655.0,,400,185,33.0,27,16.0,1.0,100170.0,200000.0,30.0,0,-99830.0
656.0,20241006,253,384,14.0,23,7.0,1.0,89620.0,200000.0,0.0,0,-110380.0
657.0,,42,397,41.0,6,17.0,1.0,60770.0,200000.0,25.0,0,-139230.0
658.0,,2,183,61.0,22,9.0,1.0,28974.0,200000.0,4.0,0,-171026.0
659.0,,622,359,45.0,30,17.0,1.0,106353.0,200000.0,6.0,1,-93647.0
660.0,,125,466,14.0,6,18.0,1.0,83368.0,200000.0,25.0,0,-116632.0
661.0,,109,229,80.0,10,9.0,1.0,81202.0,200000.0,15.0,1,-118798.0
662.0,,253,107,59.0,1,11.0,1.0,57658.0,200000.0,4.0,1,-142342.0
663.0,,503,456,36.0,16,10.0,1.0,28262.0,200000.0,2.0,0,-171738.0
664.0,,448,141,11.0,7,4.0,1.0,79822.0,200000.0,16.0,1,-120178.0
665.0,,297,420,33.0,24,19.0,1.0,87106.0,200000.0,23.0,1,-112894.0
666.0,,148,195,12.0,9,4.0,1.0,36497.0,200000.0,0.0,0,-163503.0
667.0,,137,169,69.0,22,5.0,1.0,82326.0,200000.0,18.0,1,-117674.0
668.0,,701,97,35.0,24,20.0,1.0,71116.0,200000.0,13.0,0,-128884.0
669.0,,284,144,4.0,29,16.0,1.0,108840.0,200000.0,29.0,0,-91160.0
670.0,20230312,487,174,33.0,12,11.0,1.0,34040.0,200000.0,27.0,0,-165960.0
671.0,20240313,135,18,38.0,29,2.0,1.0,57923.0,200000.0,8.0,1,-142077.0
672.0,20230730,559,453,38.0,10,17.0,1.0,111254.0,200000.0,26.0,1,-88746.0
673.0,20230722,209,432,46.0,11,13.0,1.0,41761.0,200000.0,20.0,0,-158239.0
674.0,,559,286,52.0,18,13.0,1.0,86320.0,200000.0,9.0,1,-113680.0
675.0,,216,468,35.0,20,14.0,1.0,119059.0,200000.0,8.0,1,-80941.0
676.0,,526,45,75.0,18,16.0,1.0,57450.0,200000.0,25.0,0,-142550.0
677.0,,164,41,45.0,2,1.0,1.0,49549.0,200000.0,10.0,0,-150451.0
678.0,20240129,475,500,67.0,2,6.0,1.0,58359.0,200000.0,20.0,0,-141641.0
679.0,,700,52,43.0,1,6.0,1.0,103355.0,200000.0,7.0,1,-96645.0
680.0,,203,26,30.0,10,8.0,1.0,111491.0,200000.0,14.0,0,-88509.0
681.0,20240825,770,244,25.0,30,18.0,1.0,82098.0,200000.0,0.0,1,-117902.0
682.0,,103,231,40.0,1,20.0,1.0,97760.0,200000.0,6.0,1,-102240.0
683.0,20230519,242,410,45.0,18,5.0,1.0,101747.0,200000.0,21.0,1,-98253.0
684.0,20241226,58,236,14.0,30,6.0,1.0,63075.0,200000.0,10.0,1,-136925.0
685.0,,77,331,36.0,21,6.0,1.0,73311.0,200000.0,30.0,1,-126689.0
686.0,,761,125,57.0,1,3.0,1.0,69324.0,200000.0,4.0,0,-130676.0
687.0,,655,134,29.0,9,17.0,1.0,42880.0,200000.0,11.0,1,-157120.0
688.0,20240420,715,301,4.0,2,20.0,1.0,99684.0,200000.0,30.0,1,-100316.0
689.0,,90,165,47.0,11,5.0,1.0,102425.0,200000.0,23.0,0,-97575.0
690.0,20201020,469,289,74.0,18,11.0,1.0,32713.0,200000.0,28.0,1,-167287.0
691.0,20240727,73,309,26.0,26,14.0,1.0,36144.0,200000.0,20.0,1,-163856.0
692.0,20230702,749,183,14.0,9,20.0,1.0,116201.0,200000.0,7.0,1,-83799.0
693.0,,345,464,37.0,8,12.0,1.0,84455.0,200000.0,21.0,0,-115545.0
694.0,,606,133,76.0,16,2.0,1.0,58508.0,200000.0,21.0,0,-141492.0
695.0,,761,250,65.0,16,12.0,1.0,48263.0,200000.0,28.0,0,-151737.0
696.0,,710,357,10.0,6,19.0,1.0,49625.0,200000.0,2.0,1,-150375.0
697.0,,539,178,63.0,13,1.0,1.0,61905.0,200000.0,27.0,0,-138095.0
698.0,,357,158,72.0,27,11.0,1.0,69766.0,200000.0,26.0,0,-130234.0
699.0,,672,99,20.0,12,19.0,1.0,53666.0,200000.0,10.0,0,-146334.0
700.0,20201008,69,38,46.0,8,4.0,1.0,36698.0,200000.0,22.0,1,-163302.0
701.0,,576,299,50.0,23,4.0,1.0,98966.0,200000.0,14.0,1,-101034.0
702.0,20240914,140,397,52.0,4,9.0,1.0,108964.0,200000.0,15.0,0,-91036.0
703.0,20230530,278,452,50.0,10,2.0,1.0,31782.0,200000.0,0.0,0,-168218.0
704.0,20230329,646,339,77.0,21,19.0,1.0,101405.0,200000.0,2.0,0,-98595.0
705.0,20210511,696,149,24.0,7,3.0,1.0,112098.0,200000.0,11.0,1,-87902.0
706.0,,350,429,61.0,28,14.0,1.0,102939.0,200000.0,29.0,0,-97061.0
707.0,,737,128,69.0,2,14.0,1.0,89807.0,200000.0,27.0,1,-110193.0
708.0,,386,493,60.0,30,12.0,1.0,118750.0,200000.0,0.0,1,-81250.0
709.0,,540,185,45.0,25,10.0,1.0,59246.0,200000.0,13.0,0,-140754.0
710.0,,454,198,38.0,15,13.0,1.0,96352.0,200000.0,0.0,1,-103648.0
711.0,20211221,320,385,20.0,11,3.0,1.0,108317.0,200000.0,16.0,1,-91683.0
712.0,,429,114,33.0,19,12.0,1.0,93790.0,200000.0,24.0,1,-106210.0
713.0,20200903,445,3,57.0,28,11.0,1.0,101875.0,200000.0,13.0,1,-98125.0
714.0,,56,432,17.0,10,16.0,1.0,37586.0,200000.0,8.0,1,-162414.0
715.0,,500,259,18.0,13,5.0,1.0,74592.0,200000.0,25.0,0,-125408.0
716.0,20201116,547,380,32.0,18,20.0,1.0,109872.0,200000.0,19.0,0,-90128.0
717.0,20230113,243,187,61.0,7,10.0,1.0,111943.0,200000.0,29.0,1,-88057.0
718.0,,486,136,9.0,26,17.0,1.0,67951.0,200000.0,19.0,1,-132049.0
719.0,,654,253,5.0,1,15.0,1.0,65032.0,200000.0,13.0,1,-134968.0
720.0,,768,229,46.0,11,1.0,1.0,116862.0,200000.0,10.0,1,-83138.0
721.0,20241105,359,221,53.0,17,3.0,1.0,52611.0,200000.0,23.0,0,-147389.0
722.0,20210101,429,360,1.0,14,19.0,1.0,82547.0,200000.0,3.0,1,-117453.0
723.0,20230408,568,255,17.0,29,18.0,1.0,89580.0,200000.0,13.0,0,-110420.0
724.0,,90,253,32.0,11,4.0,1.0,35085.0,200000.0,24.0,1,-164915.0
725.0,,45,278,5.0,7,17.0,1.0,50243.0,200000.0,30.0,0,-149757.0
726.0,,71,443,23.0,24,12.0,1.0,115471.0,200000.0,26.0,1,-84529.0
727.0,,363,67,28.0,30,17.0,1.0,37324.0,200000.0,16.0,0,-162676.0
728.0,,528,241,18.0,16,10.0,1.0,108201.0,200000.0,0.0,0,-91799.0
729.0,20221109,466,439,38.0,23,3.0,1.0,31781.0,200000.0,17.0,1,-168219.0
730.0,20241123,146,177,69.0,17,11.0,1.0,49851.0,200000.0,25.0,0,-150149.0
731.0,20201220,591,390,15.0,11,9.0,1.0,108520.0,200000.0,20.0,0,-91480.0
732.0,20231129,362,306,51.0,28,12.0,1.0,58208.0,200000.0,0.0,1,-141792.0
733.0,,434,484,69.0,26,3.0,1.0,119658.0,200000.0,20.0,0,-80342.0
734.0,,88,377,27.0,18,8.0,1.0,67719.0,200000.0,21.0,1,-132281.0
735.0,20241117,188,202,8.0,12,4.0,1.0,32053.0,200000.0,1.0,1,-167947.0
736.0,,767,94,28.0,2,3.0,1.0,26240.0,200000.0,8.0,1,-173760.0
737.0,,539,67,31.0,25,12.0,1.0,96688.0,200000.0,11.0,0,-103312.0
738.0,20240704,273,420,54.0,4,18.0,1.0,26381.0,200000.0,2.0,0,-173619.0
739.0,,225,149,41.0,4,14.0,1.0,46573.0,200000.0,27.0,0,-153427.0
740.0,,387,305,56.0,26,15.0,1.0,59595.0,200000.0,15.0,0,-140405.0
741.0,,636,195,17.0,30,11.0,1.0,64703.0,200000.0,29.0,1,-135297.0
742.0,,516,417,8.0,17,3.0,1.0,90351.0,200000.0,5.0,1,-109649.0
743.0,,530,367,26.0,23,2.0,1.0,51277.0,200000.0,27.0,0,-148723.0
744.0,,67,246,65.0,2,18.0,1.0,53278.0,200000.0,13.0,0,-146722.0
745.0,20200405,578,378,47.0,11,3.0,1.0,52686.0,200000.0,3.0,1,-147314.0
746.0,20240222,416,329,43.0,20,13.0,1.0,65654.0,200000.0,30.0,0,-134346.0
747.0,,497,109,57.0,1,17.0,1.0,64530.0,200000.0,26.0,0,-135470.0
748.0,20230716,642,66,47.0,19,8.0,1.0,108738.0,200000.0,14.0,0,-91262.0
749.0,20240216,272,419,32.0,26,10.0,1.0,49818.0,200000.0,21.0,0,-150182.0
750.0,,196,446,57.0,21,7.0,1.0,60896.0,200000.0,22.0,0,-139104.0
751.0,20230822,420,311,1.0,14,7.0,1.0,77859.0,200000.0,6.0,1,-122141.0
752.0,,250,30,70.0,25,13.0,1.0,61179.0,200000.0,18.0,1,-138821.0
753.0,,145,166,55.0,20,18.0,1.0,98968.0,200000.0,17.0,1,-101032.0
754.0,20230323,85,230,20.0,18,4.0,1.0,54938.0,200000.0,24.0,1,-145062.0
755.0,,790,180,79.0,1,12.0,1.0,30071.0,200000.0,28.0,0,-169929.0
756.0,20200624,271,199,14.0,2,9.0,1.0,63382.0,200000.0,18.0,0,-136618.0
757.0,,6,193,57.0,6,5.0,1.0,101168.0,200000.0,2.0,0,-98832.0
758.0,20241230,168,133,61.0,3,2.0,1.0,53420.0,200000.0,19.0,0,-146580.0
759.0,20220512,505,184,20.0,24,4.0,1.0,77272.0,200000.0,22.0,0,-122728.0
760.0,20200730,130,76,5.0,19,10.0,1.0,60433.0,200000.0,29.0,0,-139567.0
761.0,20200605,655,137,20.0,22,1.0,1.0,37291.0,200000.0,27.0,1,-162709.0
762.0,,276,106,23.0,12,17.0,1.0,103227.0,200000.0,23.0,1,-96773.0
763.0,,568,143,13.0,23,9.0,1.0,55477.0,200000.0,19.0,0,-144523.0
764.0,,581,77,14.0,3,6.0,1.0,44475.0,200000.0,6.0,1,-155525.0
765.0,,175,7,18.0,4,8.0,1.0,54516.0,200000.0,2.0,0,-145484.0
766.0,20210728,759,438,8.0,24,17.0,1.0,110447.0,200000.0,24.0,0,-89553.0
767.0,,222,303,64.0,22,4.0,1.0,58506.0,200000.0,20.0,1,-141494.0
768.0,,489,295,80.0,27,1.0,1.0,28175.0,200000.0,7.0,0,-171825.0
769.0,,553,341,77.0,21,12.0,1.0,76584.0,200000.0,2.0,1,-123416.0
770.0,,444,145,6.0,2,12.0,1.0,80319.0,200000.0,21.0,1,-119681.0
771.0,,247,186,24.0,10,3.0,1.0,79974.0,200000.0,16.0,0,-120026.0
772.0,,800,408,74.0,13,19.0,1.0,87707.0,200000.0,27.0,0,-112293.0
773.0,,436,60,62.0,10,1.0,1.0,111713.0,200000.0,1.0,0,-88287.0
774.0,,399,400,8.0,11,1.0,1.0,99944.0,200000.0,20.0,1,-100056.0
775.0,,271,200,45.0,4,1.0,1.0,29728.0,200000.0,6.0,1,-170272.0
776.0,20220227,588,284,30.0,21,19.0,1.0,35762.0,200000.0,18.0,0,-164238.0
777.0,20240111,163,24,60.0,21,17.0,1.0,110804.0,200000.0,28.0,1,-89196.0
778.0,,170,163,73.0,3,14.0,1.0,59586.0,200000.0,7.0,1,-140414.0
779.0,20220912,379,98,28.0,30,4.0,1.0,117490.0,200000.0,26.0,1,-82510.0
780.0,20220913,744,286,53.0,4,16.0,1.0,117763.0,200000.0,22.0,0,-82237.0
781.0,,174,189,71.0,18,5.0,1.0,30510.0,200000.0,2.0,1,-169490.0
782.0,,717,338,20.0,14,4.0,1.0,53831.0,200000.0,21.0,1,-146169.0
783.0,20201120,357,222,2.0,28,7.0,1.0,101833.0,200000.0,19.0,0,-98167.0
784.0,,608,252,46.0,8,19.0,1.0,33161.0,200000.0,13.0,1,-166839.0
785.0,,56,238,42.0,21,8.0,1.0,31670.0,200000.0,24.0,0,-168330.0
786.0,20221002,2,336,16.0,22,18.0,1.0,25574.0,200000.0,17.0,1,-174426.0
787.0,,168,397,14.0,1,11.0,1.0,92224.0,200000.0,23.0,0,-107776.0
788.0,,793,77,56.0,27,3.0,1.0,95150.0,200000.0,13.0,0,-104850.0
789.0,,431,5,42.0,19,14.0,1.0,111692.0,200000.0,9.0,1,-88308.0
790.0,,323,26,9.0,15,17.0,1.0,77922.0,200000.0,28.0,1,-122078.0
791.0,20240216,387,469,41.0,8,1.0,1.0,94990.0,200000.0,3.0,1,-105010.0
792.0,20220911,228,489,44.0,27,16.0,1.0,62185.0,200000.0,8.0,0,-137815.0
793.0,,15,65,78.0,6,4.0,1.0,84561.0,200000.0,8.0,1,-115439.0
794.0,,243,27,5.0,8,19.0,1.0,88050.0,200000.0,27.0,1,-111950.0
795.0,20230312,49,3,53.0,16,3.0,1.0,32405.0,200000.0,1.0,1,-167595.0
796.0,,277,135,44.0,27,3.0,1.0,118985.0,200000.0,23.0,1,-81015.0
797.0,,782,471,62.0,21,3.0,1.0,108399.0,200000.0,25.0,0,-91601.0
798.0,20240107,593,294,27.0,4,3.0,1.0,70911.0,200000.0,24.0,0,-129089.0
799.0,20220227,334,259,3.0,15,5.0,1.0,28704.0,200000.0,5.0,0,-171296.0
800.0,,526,469,14.0,1,4.0,1.0,104258.0,200000.0,25.0,0,-95742.0
801.0,,73,183,13.0,29,15.0,1.0,92205.0,200000.0,6.0,1,-107795.0
802.0,20200113,794,50,34.0,22,12.0,1.0,66362.0,200000.0,24.0,0,-133638.0
803.0,,691,488,35.0,11,15.0,1.0,119361.0,200000.0,10.0,1,-80639.0
804.0,,492,429,68.0,18,12.0,1.0,46615.0,200000.0,25.0,0,-153385.0
805.0,,60,36,70.0,10,13.0,1.0,92774.0,200000.0,19.0,1,-107226.0
806.0,20200424,799,268,11.0,27,4.0,1.0,109221.0,200000.0,21.0,0,-90779.0
807.0,,374,51,77.0,22,3.0,1.0,106559.0,200000.0,1.0,1,-93441.0
808.0,,99,351,53.0,3,10.0,1.0,50859.0,200000.0,4.0,0,-149141.0
809.0,,519,89,67.0,26,12.0,1.0,95544.0,200000.0,19.0,0,-104456.0
810.0,,161,454,42.0,1,6.0,1.0,27491.0,200000.0,1.0,1,-172509.0
811.0,20241009,24,236,62.0,25,3.0,1.0,64418.0,200000.0,13.0,0,-135582.0
812.0,20230419,255,148,33.0,29,3.0,1.0,95995.0,200000.0,6.0,0,-104005.0
813.0,,349,55,79.0,11,18.0,1.0,48095.0,200000.0,19.0,1,-151905.0
814.0,,102,438,76.0,17,18.0,1.0,55531.0,200000.0,25.0,0,-144469.0
815.0,,731,253,49.0,7,12.0,1.0,79330.0,200000.0,18.0,0,-120670.0
816.0,,776,199,74.0,21,8.0,1.0,29761.0,200000.0,28.0,0,-170239.0
817.0,20220111,37,245,50.0,8,1.0,1.0,56307.0,200000.0,3.0,1,-143693.0
818.0,20200902,441,87,45.0,27,16.0,1.0,27073.0,200000.0,5.0,0,-172927.0
819.0,20230220,201,250,75.0,7,19.0,1.0,69186.0,200000.0,19.0,1,-130814.0
820.0,,209,220,24.0,24,13.0,1.0,58371.0,200000.0,8.0,0,-141629.0
821.0,,193,143,40.0,9,6.0,1.0,97755.0,200000.0,0.0,0,-102245.0
822.0,,257,179,7.0,8,5.0,1.0,89092.0,200000.0,14.0,0,-110908.0
823.0,,593,396,61.0,6,19.0,1.0,74431.0,200000.0,27.0,0,-125569.0
824.0,,65,82,10.0,18,18.0,1.0,57687.0,200000.0,15.0,1,-142313.0
825.0,,26,168,71.0,17,13.0,1.0,109819.0,200000.0,23.0,0,-90181.0
826.0,,770,69,73.0,25,18.0,1.0,25430.0,200000.0,5.0,0,-174570.0
827.0,20211124,651,372,68.0,16,6.0,1.0,26883.0,200000.0,13.0,0,-173117.0
828.0,,775,441,63.0,3,4.0,1.0,28848.0,200000.0,0.0,0,-171152.0
829.0,,516,441,48.0,13,17.0,1.0,79422.0,200000.0,15.0,0,-120578.0
830.0,,451,405,38.0,14,14.0,1.0,119472.0,200000.0,15.0,1,-80528.0
831.0,20231104,537,462,20.0,10,13.0,1.0,87230.0,200000.0,24.0,0,-112770.0
832.0,,389,389,24.0,13,19.0,1.0,27189.0,200000.0,26.0,0,-172811.0
833.0,,527,85,43.0,26,16.0,1.0,36110.0,200000.0,10.0,1,-163890.0
834.0,20210220,453,216,80.0,22,13.0,1.0,59599.0,200000.0,12.0,0,-140401.0
835.0,,519,28,21.0,20,13.0,1.0,32983.0,200000.0,7.0,1,-167017.0
836.0,,693,477,57.0,13,4.0,1.0,92996.0,200000.0,12.0,1,-107004.0
837.0,,311,25,76.0,6,17.0,1.0,91542.0,200000.0,9.0,1,-108458.0
838.0,20200620,92,417,42.0,3,2.0,1.0,27611.0,200000.0,5.0,0,-172389.0
839.0,20230930,654,309,56.0,29,3.0,1.0,69518.0,200000.0,15.0,1,-130482.0
840.0,,757,206,31.0,7,9.0,1.0,84550.0,200000.0,30.0,1,-115450.0
841.0,,111,189,30.0,24,17.0,1.0,70232.0,200000.0,21.0,1,-129768.0
842.0,20230204,696,81,58.0,17,2.0,1.0,108737.0,200000.0,15.0,1,-91263.0
843.0,,266,93,54.0,29,11.0,1.0,41426.0,200000.0,7.0,0,-158574.0
844.0,,82,340,7.0,16,6.0,1.0,61801.0,200000.0,14.0,0,-138199.0
845.0,,483,237,62.0,23,10.0,1.0,106001.0,200000.0,24.0,1,-93999.0
846.0,,3,325,7.0,22,6.0,1.0,54507.0,200000.0,28.0,0,-145493.0
847.0,,496,424,13.0,14,10.0,1.0,109512.0,200000.0,18.0,0,-90488.0
848.0,,735,408,20.0,21,8.0,1.0,32596.0,200000.0,30.0,0,-167404.0
849.0,,445,165,55.0,5,10.0,1.0,88863.0,200000.0,7.0,1,-111137.0
850.0,20241006,25,487,55.0,15,4.0,1.0,106641.0,200000.0,19.0,0,-93359.0
851.0,20230728,645,236,45.0,16,18.0,1.0,31089.0,200000.0,11.0,1,-168911.0
852.0,20200715,319,364,78.0,13,1.0,1.0,67164.0,200000.0,18.0,1,-132836.0
853.0,,100,92,1.0,25,16.0,1.0,93902.0,200000.0,17.0,1,-106098.0
854.0,,782,426,75.0,6,8.0,1.0,101513.0,200000.0,2.0,1,-98487.0
855.0,,269,300,60.0,21,20.0,1.0,67958.0,200000.0,2.0,1,-132042.0
856.0,,277,463,4.0,12,4.0,1.0,68276.0,200000.0,10.0,1,-131724.0
857.0,20230805,5,198,5.0,1,5.0,1.0,104065.0,200000.0,2.0,1,-95935.0
858.0,,569,86,52.0,6,10.0,1.0,32045.0,200000.0,4.0,1,-167955.0
859.0,,784,481,14.0,3,1.0,1.0,119214.0,200000.0,26.0,0,-80786.0
860.0,20210904,482,97,3.0,7,11.0,1.0,67111.0,200000.0,17.0,1,-132889.0
861.0,,529,416,35.0,25,2.0,1.0,38320.0,200000.0,13.0,0,-161680.0
862.0,,390,281,61.0,21,18.0,1.0,113868.0,200000.0,8.0,1,-86132.0
863.0,,173,19,9.0,17,13.0,1.0,56439.0,200000.0,24.0,1,-143561.0
864.0,20231114,538,314,3.0,6,16.0,1.0,62941.0,200000.0,26.0,0,-137059.0
865.0,,309,148,70.0,15,11.0,1.0,41962.0,200000.0,18.0,0,-158038.0
866.0,,603,21,21.0,24,20.0,1.0,40988.0,200000.0,18.0,0,-159012.0
867.0,,515,395,20.0,11,19.0,1.0,65828.0,200000.0,26.0,0,-134172.0
868.0,20230219,202,382,2.0,5,10.0,1.0,87521.0,200000.0,19.0,1,-112479.0
869.0,,561,448,34.0,14,6.0,1.0,83418.0,200000.0,6.0,1,-116582.0
870.0,20220616,144,458,71.0,19,8.0,1.0,61128.0,200000.0,9.0,1,-138872.0
871.0,,112,375,11.0,14,12.0,1.0,118446.0,200000.0,6.0,0,-81554.0
872.0,20200314,397,277,48.0,28,16.0,1.0,86719.0,200000.0,30.0,1,-113281.0
873.0,,150,209,15.0,26,17.0,1.0,28373.0,200000.0,18.0,1,-171627.0
874.0,20210529,652,240,64.0,15,8.0,1.0,84705.0,200000.0,7.0,0,-115295.0
875.0,,395,45,54.0,7,13.0,1.0,88361.0,200000.0,11.0,1,-111639.0
876.0,,665,433,57.0,21,18.0,1.0,103148.0,200000.0,28.0,0,-96852.0
877.0,,122,287,61.0,14,10.0,1.0,97773.0,200000.0,7.0,0,-102227.0
878.0,,213,182,37.0,2,5.0,1.0,103541.0,200000.0,5.0,0,-96459.0
879.0,20220420,742,320,70.0,18,15.0,1.0,33308.0,200000.0,8.0,0,-166692.0
880.0,20231216,618,405,65.0,1,19.0,1.0,36616.0,200000.0,13.0,1,-163384.0
881.0,,740,365,80.0,1,2.0,1.0,87832.0,200000.0,30.0,0,-112168.0
882.0,20220918,184,103,5.0,28,8.0,1.0,83518.0,200000.0,26.0,1,-116482.0
883.0,,288,382,49.0,22,11.0,1.0,89566.0,200000.0,13.0,0,-110434.0
884.0,,490,93,2.0,25,12.0,1.0,73474.0,200000.0,18.0,0,-126526.0
885.0,20210707,449,170,31.0,27,18.0,1.0,42229.0,200000.0,1.0,1,-157771.0
886.0,20220430,411,380,73.0,10,20.0,1.0,33264.0,200000.0,5.0,1,-166736.0
887.0,,185,275,57.0,7,3.0,1.0,106294.0,200000.0,27.0,0,-93706.0
888.0,,87,166,42.0,11,16.0,1.0,46036.0,200000.0,24.0,0,-153964.0
889.0,,566,60,36.0,21,6.0,1.0,43299.0,200000.0,24.0,0,-156701.0
890.0,20241117,555,482,1.0,8,9.0,1.0,29513.0,200000.0,22.0,0,-170487.0
891.0,20211127,123,214,2.0,1,13.0,1.0,99713.0,200000.0,23.0,0,-100287.0
892.0,,213,440,13.0,29,10.0,1.0,97268.0,200000.0,28.0,0,-102732.0
893.0,20220823,526,406,62.0,20,14.0,1.0,51200.0,200000.0,11.0,1,-148800.0
894.0,,194,337,50.0,11,18.0,1.0,46681.0,200000.0,4.0,0,-153319.0
895.0,20210117,509,433,50.0,19,4.0,1.0,84605.0,200000.0,6.0,1,-115395.0
896.0,20221108,679,488,45.0,27,18.0,1.0,31607.0,200000.0,11.0,0,-168393.0
897.0,20210728,132,321,28.0,24,10.0,1.0,42981.0,200000.0,3.0,0,-157019.0
898.0,,381,357,80.0,28,2.0,1.0,27020.0,200000.0,18.0,1,-172980.0
899.0,20230521,651,119,6.0,10,4.0,1.0,113894.0,200000.0,28.0,0,-86106.0
900.0,,529,14,34.0,2,14.0,1.0,61581.0,200000.0,26.0,1,-138419.0
901.0,,123,121,46.0,4,16.0,1.0,62342.0,200000.0,19.0,1,-137658.0
902.0,,201,430,57.0,30,1.0,1.0,65374.0,200000.0,4.0,0,-134626.0
903.0,,742,1,33.0,12,19.0,1.0,112745.0,200000.0,21.0,1,-87255.0
904.0,20201202,323,405,52.0,30,17.0,1.0,68578.0,200000.0,15.0,0,-131422.0
905.0,20241223,213,433,61.0,8,10.0,1.0,101748.0,200000.0,23.0,1,-98252.0
906.0,20201226,270,141,41.0,19,3.0,1.0,36144.0,200000.0,19.0,0,-163856.0
907.0,20220824,416,133,7.0,18,6.0,1.0,101717.0,200000.0,3.0,0,-98283.0
908.0,,344,114,23.0,27,16.0,1.0,90381.0,200000.0,18.0,1,-109619.0
909.0,20210614,145,288,24.0,25,6.0,1.0,60217.0,200000.0,4.0,0,-139783.0
910.0,,796,417,66.0,30,18.0,1.0,64954.0,200000.0,18.0,0,-135046.0
911.0,,595,294,14.0,9,5.0,1.0,114111.0,200000.0,8.0,1,-85889.0
912.0,20200608,197,260,38.0,7,7.0,1.0,36478.0,200000.0,28.0,0,-163522.0
913.0,,249,263,26.0,12,14.0,1.0,48068.0,200000.0,6.0,1,-151932.0
914.0,,327,233,12.0,15,18.0,1.0,80860.0,200000.0,3.0,0,-119140.0
915.0,,15,194,46.0,5,17.0,1.0,58816.0,200000.0,20.0,1,-141184.0
916.0,,208,208,25.0,11,20.0,1.0,108482.0,200000.0,10.0,1,-91518.0
917.0,20220601,334,466,26.0,6,19.0,1.0,73503.0,200000.0,14.0,0,-126497.0
918.0,,637,359,74.0,9,9.0,1.0,82829.0,200000.0,6.0,1,-117171.0
919.0,20200327,201,208,37.0,16,5.0,1.0,40565.0,200000.0,29.0,1,-159435.0
920.0,,583,72,45.0,3,10.0,1.0,111423.0,200000.0,18.0,1,-88577.0
921.0,20220111,638,110,67.0,10,4.0,1.0,115735.0,200000.0,5.0,1,-84265.0
922.0,,504,14,77.0,25,5.0,1.0,91610.0,200000.0,11.0,0,-108390.0
923.0,20200602,213,178,5.0,6,7.0,1.0,101028.0,200000.0,6.0,1,-98972.0
924.0,,557,35,55.0,15,13.0,1.0,90939.0,200000.0,17.0,1,-109061.0
925.0,,146,450,13.0,28,8.0,1.0,102347.0,200000.0,23.0,0,-97653.0
926.0,20230524,444,33,1.0,20,2.0,1.0,96143.0,200000.0,19.0,1,-103857.0
927.0,,92,160,75.0,25,7.0,1.0,83686.0,200000.0,13.0,0,-116314.0
928.0,,603,255,50.0,25,7.0,1.0,106777.0,200000.0,6.0,1,-93223.0
929.0,20240124,724,227,79.0,8,5.0,1.0,79559.0,200000.0,5.0,1,-120441.0
930.0,20240915,115,392,5.0,22,16.0,1.0,89512.0,200000.0,5.0,0,-110488.0
931.0,20230525,84,430,14.0,8,1.0,1.0,116240.0,200000.0,28.0,0,-83760.0
932.0,,365,482,41.0,10,11.0,1.0,88568.0,200000.0,25.0,1,-111432.0
933.0,,79,163,19.0,5,14.0,1.0,87233.0,200000.0,15.0,1,-112767.0
934.0,20221014,215,410,35.0,30,14.0,1.0,41051.0,200000.0,9.0,1,-158949.0
935.0,20210504,201,314,40.0,22,3.0,1.0,25498.0,200000.0,15.0,1,-174502.0
936.0,,52,290,48.0,29,8.0,1.0,38970.0,200000.0,3.0,1,-161030.0
937.0,20240303,769,55,77.0,11,15.0,1.0,42576.0,200000.0,4.0,0,-157424.0
938.0,20221006,164,383,53.0,28,6.0,1.0,84230.0,200000.0,8.0,0,-115770.0
939.0,,296,453,34.0,1,17.0,1.0,58432.0,200000.0,13.0,1,-141568.0
940.0,,438,245,66.0,25,9.0,1.0,48764.0,200000.0,16.0,0,-151236.0
941.0,20230627,494,180,40.0,22,3.0,1.0,54000.0,200000.0,26.0,1,-146000.0
942.0,,41,498,3.0,14,2.0,1.0,65570.0,200000.0,0.0,0,-134430.0
943.0,,558,50,56.0,4,8.0,1.0,102073.0,200000.0,9.0,1,-97927.0
944.0,,520,43,33.0,29,10.0,1.0,25258.0,200000.0,21.0,0,-174742.0
945.0,20200326,631,297,79.0,6,11.0,1.0,107938.0,200000.0,13.0,0,-92062.0
946.0,,480,393,8.0,14,19.0,1.0,62963.0,200000.0,7.0,0,-137037.0
947.0,20200823,741,315,13.0,22,5.0,1.0,72897.0,200000.0,16.0,1,-127103.0
948.0,,346,19,25.0,10,14.0,1.0,99168.0,200000.0,27.0,0,-100832.0
949.0,,81,154,63.0,8,19.0,1.0,59021.0,200000.0,10.0,0,-140979.0
950.0,,156,197,26.0,24,7.0,1.0,29263.0,200000.0,14.0,0,-170737.0
951.0,,65,235,43.0,26,14.0,1.0,70850.0,200000.0,24.0,0,-129150.0
952.0,,572,378,41.0,7,4.0,1.0,56008.0,200000.0,5.0,1,-143992.0
953.0,,256,344,63.0,21,4.0,1.0,85844.0,200000.0,26.0,0,-114156.0
954.0,,723,480,33.0,28,7.0,1.0,70369.0,200000.0,8.0,1,-129631.0
955.0,20231230,566,274,66.0,15,20.0,1.0,72453.0,200000.0,4.0,1,-127547.0
956.0,20240420,447,217,59.0,13,7.0,1.0,39450.0,200000.0,13.0,0,-160550.0
957.0,,334,144,54.0,2,10.0,1.0,73944.0,200000.0,28.0,0,-126056.0
958.0,20210322,270,193,24.0,16,6.0,1.0,101730.0,200000.0,23.0,1,-98270.0
959.0,,82,298,76.0,28,5.0,1.0,109843.0,200000.0,17.0,0,-90157.0
960.0,20220518,150,192,39.0,25,14.0,1.0,46572.0,200000.0,22.0,0,-153428.0
961.0,,769,393,33.0,15,10.0,1.0,113789.0,200000.0,6.0,1,-86211.0
962.0,20220518,481,141,36.0,13,14.0,1.0,76956.0,200000.0,22.0,1,-123044.0
963.0,20240902,126,157,37.0,16,14.0,1.0,96447.0,200000.0,21.0,1,-103553.0
964.0,20201009,716,110,48.0,5,1.0,1.0,41903.0,200000.0,7.0,0,-158097.0
965.0,,676,220,26.0,25,19.0,1.0,105322.0,200000.0,23.0,1,-94678.0
966.0,,388,101,69.0,5,14.0,1.0,119320.0,200000.0,14.0,1,-80680.0
967.0,,368,256,3.0,7,16.0,1.0,35624.0,200000.0,6.0,0,-164376.0
968.0,,233,258,51.0,13,6.0,1.0,55782.0,200000.0,14.0,1,-144218.0
969.0,20221220,35,194,80.0,2,5.0,1.0,25838.0,200000.0,7.0,1,-174162.0
970.0,,287,179,63.0,26,20.0,1.0,110300.0,200000.0,0.0,0,-89700.0
971.0,,139,374,70.0,9,12.0,1.0,60628.0,200000.0,20.0,1,-139372.0
972.0,20230410,381,425,28.0,11,19.0,1.0,81124.0,200000.0,8.0,1,-118876.0
973.0,20220301,607,324,69.0,12,5.0,1.0,59494.0,200000.0,5.0,1,-140506.0
974.0,,766,279,45.0,29,3.0,1.0,61968.0,200000.0,10.0,0,-138032.0
975.0,20230105,298,220,30.0,29,3.0,1.0,75453.0,200000.0,6.0,0,-124547.0
976.0,,168,280,58.0,1,12.0,1.0,64899.0,200000.0,13.0,0,-135101.0
977.0,,759,433,23.0,7,3.0,1.0,67654.0,200000.0,21.0,1,-132346.0
978.0,,519,19,40.0,17,2.0,1.0,93217.0,200000.0,0.0,0,-106783.0
979.0,20201202,387,219,46.0,2,12.0,1.0,101695.0,200000.0,8.0,1,-98305.0
980.0,20220425,200,406,23.0,2,9.0,1.0,119002.0,200000.0,5.0,1,-80998.0
981.0,20240528,377,97,29.0,6,17.0,1.0,35259.0,200000.0,5.0,1,-164741.0
982.0,,296,33,61.0,19,2.0,1.0,119864.0,200000.0,1.0,0,-80136.0
983.0,,110,244,65.0,28,18.0,1.0,96245.0,200000.0,3.0,1,-103755.0
984.0,,626,233,2.0,10,14.0,1.0,81295.0,200000.0,0.0,1,-118705.0
985.0,20221024,584,168,78.0,2,7.0,1.0,87064.0,200000.0,17.0,1,-112936.0
986.0,,212,391,34.0,29,14.0,1.0,58534.0,200000.0,27.0,1,-141466.0
987.0,,49,456,28.0,19,5.0,1.0,116666.0,200000.0,14.0,1,-83334.0
988.0,20210221,770,8,57.0,11,8.0,1.0,86496.0,200000.0,17.0,1,-113504.0
989.0,20211229,332,277,40.0,19,14.0,1.0,27309.0,200000.0,27.0,1,-172691.0
990.0,20220731,218,62,6.0,7,4.0,1.0,43830.0,200000.0,14.0,1,-156170.0
991.0,20200928,105,484,12.0,17,4.0,1.0,103100.0,200000.0,30.0,1,-96900.0
992.0,,73,95,48.0,30,11.0,1.0,99135.0,200000.0,1.0,1,-100865.0
993.0,,293,19,9.0,19,18.0,1.0,54400.0,200000.0,24.0,0,-145600.0
994.0,,252,34,1.0,3,4.0,1.0,92362.0,200000.0,28.0,1,-107638.0
995.0,,466,194,31.0,21,8.0,1.0,110823.0,200000.0,21.0,1,-89177.0
996.0,,547,462,16.0,18,19.0,1.0,37903.0,200000.0,11.0,0,-162097.0
997.0,,144,352,30.0,3,10.0,1.0,70624.0,200000.0,3.0,0,-129376.0
998.0,,281,32,62.0,25,18.0,1.0,83103.0,200000.0,8.0,1,-116897.0
999.0,,525,207,21.0,30,13.0,1.0,113739.0,200000.0,12.0,1,-86261.0
1000.0,20230312,355,172,73.0,23,6.0,1.0,93460.0,200000.0,5.0,1,-106540.0
1001.0,20211206,193,112,32.0,1,4.0,1.0,99068.0,200000.0,21.0,1,-100932.0
1002.0,,626,210,53.0,15,15.0,1.0,117978.0,200000.0,8.0,0,-82022.0
1003.0,20240908,771,443,3.0,27,6.0,1.0,61487.0,200000.0,27.0,1,-138513.0
1004.0,20230319,367,92,8.0,4,9.0,1.0,79865.0,200000.0,18.0,1,-120135.0
1005.0,,747,22,73.0,4,16.0,1.0,46464.0,200000.0,14.0,0,-153536.0
1006.0,,157,496,68.0,30,9.0,1.0,108043.0,200000.0,24.0,1,-91957.0
1007.0,,94,226,64.0,17,15.0,1.0,33822.0,200000.0,16.0,1,-166178.0
1008.0,20230611,482,257,2.0,26,12.0,1.0,78721.0,200000.0,28.0,0,-121279.0
1009.0,20200519,343,27,24.0,22,14.0,1.0,63025.0,200000.0,2.0,0,-136975.0
1010.0,,615,313,26.0,19,18.0,1.0,28682.0,200000.0,23.0,1,-171318.0
1011.0,,85,260,63.0,13,7.0,1.0,118726.0,200000.0,2.0,1,-81274.0
1012.0,,246,383,18.0,20,17.0,1.0,103972.0,200000.0,30.0,1,-96028.0
1013.0,20220130,479,427,36.0,20,7.0,1.0,66588.0,200000.0,0.0,1,-133412.0
1014.0,,359,253,19.0,24,16.0,1.0,53918.0,200000.0,27.0,1,-146082.0
1015.0,,242,415,8.0,26,15.0,1.0,30764.0,200000.0,13.0,1,-169236.0
1016.0,20221111,16,396,57.0,1,6.0,1.0,27273.0,200000.0,24.0,1,-172727.0
1017.0,20230705,229,224,64.0,29,5.0,1.0,94425.0,200000.0,18.0,1,-105575.0
1018.0,,649,478,29.0,18,8.0,1.0,39305.0,200000.0,25.0,0,-160695.0
1019.0,20220601,85,223,3.0,18,11.0,1.0,49493.0,200000.0,7.0,0,-150507.0
1020.0,,514,294,52.0,2,18.0,1.0,95084.0,200000.0,11.0,1,-104916.0
1021.0,20240610,454,470,35.0,21,6.0,1.0,87092.0,200000.0,2.0,1,-112908.0
1022.0,20230520,112,353,66.0,30,8.0,1.0,30832.0,200000.0,0.0,0,-169168.0
1023.0,,557,376,6.0,16,8.0,1.0,81843.0,200000.0,20.0,0,-118157.0
1024.0,20221017,445,264,66.0,13,20.0,1.0,90526.0,200000.0,23.0,0,-109474.0
1025.0,20220216,577,104,35.0,21,5.0,1.0,43517.0,200000.0,2.0,0,-156483.0
1026.0,,122,198,42.0,27,20.0,1.0,78438.0,200000.0,2.0,1,-121562.0
1027.0,,522,414,36.0,9,3.0,1.0,44621.0,200000.0,21.0,0,-155379.0
1028.0,20220929,653,411,18.0,5,6.0,1.0,76253.0,200000.0,22.0,0,-123747.0
1029.0,,525,128,3.0,24,18.0,1.0,85346.0,200000.0,21.0,1,-114654.0
1030.0,20200116,410,446,36.0,5,7.0,1.0,69873.0,200000.0,2.0,1,-130127.0
1031.0,,774,368,23.0,26,18.0,1.0,70387.0,200000.0,3.0,1,-129613.0
1032.0,,6,67,21.0,19,6.0,1.0,89371.0,200000.0,10.0,1,-110629.0
1033.0,,341,195,15.0,22,19.0,1.0,46187.0,200000.0,12.0,1,-153813.0
1034.0,20210910,597,289,42.0,23,20.0,1.0,99315.0,200000.0,1.0,0,-100685.0
1035.0,,358,75,16.0,13,7.0,1.0,118056.0,200000.0,3.0,0,-81944.0
1036.0,,120,34,77.0,12,14.0,1.0,60352.0,200000.0,28.0,1,-139648.0
1037.0,20231230,399,190,35.0,24,13.0,1.0,53198.0,200000.0,16.0,1,-146802.0
1038.0,,152,379,57.0,24,10.0,1.0,109780.0,200000.0,14.0,1,-90220.0
1039.0,20240816,354,338,54.0,6,15.0,1.0,80414.0,200000.0,18.0,1,-119586.0
1040.0,,15,262,24.0,28,3.0,1.0,52042.0,200000.0,13.0,1,-147958.0
1041.0,,6,49,59.0,11,10.0,1.0,53825.0,200000.0,27.0,1,-146175.0
1042.0,,373,422,2.0,18,16.0,1.0,96399.0,200000.0,22.0,0,-103601.0
1043.0,,105,92,77.0,22,20.0,1.0,53469.0,200000.0,19.0,1,-146531.0
1044.0,20240604,746,364,24.0,25,16.0,1.0,85211.0,200000.0,17.0,1,-114789.0
1045.0,20221211,320,261,59.0,9,10.0,1.0,114001.0,200000.0,19.0,1,-85999.0
1046.0,20241012,492,371,59.0,28,2.0,1.0,108695.0,200000.0,12.0,1,-91305.0
1047.0,,563,45,23.0,30,3.0,1.0,86535.0,200000.0,11.0,0,-113465.0
1048.0,,250,294,55.0,23,18.0,1.0,46616.0,200000.0,6.0,1,-153384.0
1049.0,,500,102,12.0,10,6.0,1.0,81974.0,200000.0,29.0,0,-118026.0
1050.0,,361,259,41.0,10,14.0,1.0,70152.0,200000.0,27.0,0,-129848.0
1051.0,20200113,30,52,40.0,21,3.0,1.0,62038.0,200000.0,26.0,0,-137962.0
1052.0,,468,240,72.0,9,4.0,1.0,83275.0,200000.0,7.0,0,-116725.0
1053.0,,441,35,61.0,9,6.0,1.0,86265.0,200000.0,16.0,0,-113735.0
1054.0,20231118,768,224,57.0,26,15.0,1.0,42241.0,200000.0,8.0,0,-157759.0
1055.0,,399,235,56.0,20,1.0,1.0,107966.0,200000.0,16.0,1,-92034.0
1056.0,,641,464,28.0,3,6.0,1.0,60117.0,200000.0,19.0,1,-139883.0
1057.0,,84,15,5.0,11,9.0,1.0,111196.0,200000.0,16.0,0,-88804.0
1058.0,,675,114,49.0,14,15.0,1.0,67797.0,200000.0,23.0,1,-132203.0
1059.0,,163,447,73.0,23,2.0,1.0,59134.0,200000.0,16.0,1,-140866.0
1060.0,20230113,10,190,66.0,26,6.0,1.0,73384.0,200000.0,18.0,1,-126616.0
1061.0,,216,21,6.0,4,4.0,1.0,33422.0,200000.0,28.0,1,-166578.0
1062.0,,166,214,53.0,21,10.0,1.0,39365.0,200000.0,10.0,0,-160635.0
1063.0,,97,60,24.0,16,10.0,1.0,95778.0,200000.0,4.0,1,-104222.0
1064.0,,455,3,4.0,5,6.0,1.0,98505.0,200000.0,2.0,0,-101495.0
1065.0,20220601,176,68,80.0,4,16.0,1.0,110161.0,200000.0,6.0,0,-89839.0
1066.0,20200421,699,384,45.0,30,18.0,1.0,73917.0,200000.0,14.0,1,-126083.0
1067.0,,747,163,73.0,22,20.0,1.0,82898.0,200000.0,13.0,0,-117102.0
1068.0,20240502,174,37,9.0,27,18.0,1.0,42672.0,200000.0,6.0,0,-157328.0
1069.0,20211106,499,275,66.0,27,15.0,1.0,92040.0,200000.0,24.0,1,-107960.0
1070.0,20200426,301,499,73.0,6,2.0,1.0,75176.0,200000.0,25.0,1,-124824.0
1071.0,,41,147,64.0,14,2.0,1.0,81313.0,200000.0,17.0,1,-118687.0
1072.0,,263,294,15.0,19,16.0,1.0,34572.0,200000.0,0.0,1,-165428.0
1073.0,,573,430,25.0,22,20.0,1.0,94239.0,200000.0,5.0,1,-105761.0
1074.0,20230926,70,30,5.0,5,1.0,1.0,66031.0,200000.0,7.0,1,-133969.0
1075.0,20210529,624,236,60.0,28,7.0,1.0,116487.0,200000.0,22.0,1,-83513.0
1076.0,,56,120,18.0,17,8.0,1.0,64856.0,200000.0,15.0,1,-135144.0
1077.0,,64,271,50.0,12,19.0,1.0,46333.0,200000.0,28.0,1,-153667.0
1078.0,20211123,320,234,19.0,17,16.0,1.0,57162.0,200000.0,14.0,1,-142838.0
1079.0,20200722,442,347,4.0,20,2.0,1.0,40002.0,200000.0,11.0,0,-159998.0
1080.0,20241129,107,134,43.0,1,15.0,1.0,104967.0,200000.0,24.0,1,-95033.0
1081.0,,253,203,3.0,16,12.0,1.0,95432.0,200000.0,7.0,1,-104568.0
1082.0,,351,420,21.0,10,16.0,1.0,95214.0,200000.0,1.0,1,-104786.0
1083.0,20221109,416,373,67.0,28,6.0,1.0,99123.0,200000.0,30.0,1,-100877.0
1084.0,,198,157,48.0,21,7.0,1.0,87727.0,200000.0,23.0,1,-112273.0
1085.0,,632,298,5.0,8,15.0,1.0,55091.0,200000.0,9.0,0,-144909.0
1086.0,20211201,381,421,39.0,5,3.0,1.0,45123.0,200000.0,23.0,1,-154877.0
1087.0,20220407,596,42,9.0,7,13.0,1.0,84034.0,200000.0,21.0,1,-115966.0
1088.0,,352,469,22.0,10,1.0,1.0,28728.0,200000.0,24.0,0,-171272.0
1089.0,,38,224,20.0,9,13.0,1.0,67231.0,200000.0,17.0,0,-132769.0
1090.0,,244,165,6.0,30,17.0,1.0,73985.0,200000.0,19.0,0,-126015.0
1091.0,,466,474,58.0,15,4.0,1.0,51174.0,200000.0,0.0,1,-148826.0
1092.0,,401,96,28.0,7,20.0,1.0,55375.0,200000.0,5.0,0,-144625.0
1093.0,,731,280,59.0,18,10.0,1.0,57734.0,200000.0,21.0,0,-142266.0
1094.0,20200704,661,76,57.0,24,7.0,1.0,44388.0,200000.0,0.0,1,-155612.0
1095.0,20240410,508,361,27.0,2,15.0,1.0,70638.0,200000.0,28.0,1,-129362.0
1096.0,20200327,649,304,20.0,28,19.0,1.0,46109.0,200000.0,26.0,1,-153891.0
1097.0,,266,99,41.0,1,12.0,1.0,26975.0,200000.0,14.0,0,-173025.0
1098.0,,231,419,1.0,17,9.0,1.0,111853.0,200000.0,23.0,0,-88147.0
1099.0,,69,346,77.0,3,19.0,1.0,67636.0,200000.0,8.0,0,-132364.0
1100.0,20241020,647,254,41.0,29,5.0,1.0,28017.0,200000.0,1.0,1,-171983.0
1101.0,20241111,140,252,1.0,12,20.0,1.0,70343.0,200000.0,0.0,1,-129657.0
1102.0,20210618,300,154,8.0,17,17.0,1.0,58076.0,200000.0,10.0,1,-141924.0
1103.0,,469,110,34.0,16,11.0,1.0,41621.0,200000.0,12.0,1,-158379.0
1104.0,,664,466,28.0,10,11.0,1.0,119669.0,200000.0,5.0,0,-80331.0
1105.0,,475,1,48.0,12,10.0,1.0,78934.0,200000.0,22.0,1,-121066.0
1106.0,,623,202,36.0,6,9.0,1.0,31052.0,200000.0,29.0,1,-168948.0
1107.0,,299,113,4.0,9,20.0,1.0,64121.0,200000.0,12.0,0,-135879.0
1108.0,,772,487,80.0,11,20.0,1.0,53819.0,200000.0,25.0,1,-146181.0
1109.0,20221111,795,198,36.0,1,5.0,1.0,73206.0,200000.0,3.0,0,-126794.0
1110.0,20211227,495,88,51.0,23,7.0,1.0,86993.0,200000.0,6.0,1,-113007.0
1111.0,,638,417,33.0,19,8.0,1.0,43569.0,200000.0,13.0,0,-156431.0
1112.0,20201122,412,321,52.0,4,20.0,1.0,58104.0,200000.0,24.0,1,-141896.0
1113.0,20200430,380,232,8.0,5,18.0,1.0,99205.0,200000.0,21.0,1,-100795.0
1114.0,20200909,194,403,79.0,27,1.0,1.0,112516.0,200000.0,30.0,1,-87484.0
1115.0,,229,452,20.0,24,2.0,1.0,40178.0,200000.0,20.0,1,-159822.0
1116.0,20220420,401,39,22.0,17,19.0,1.0,109974.0,200000.0,8.0,1,-90026.0
1117.0,,342,402,44.0,26,18.0,1.0,75114.0,200000.0,26.0,1,-124886.0
1118.0,,260,402,75.0,13,17.0,1.0,25144.0,200000.0,20.0,0,-174856.0
1119.0,20200718,338,54,63.0,25,10.0,1.0,64823.0,200000.0,26.0,0,-135177.0
1120.0,20211121,19,326,26.0,11,3.0,1.0,97844.0,200000.0,19.0,0,-102156.0
1121.0,20221106,392,362,21.0,3,20.0,1.0,55305.0,200000.0,4.0,0,-144695.0
1122.0,20230711,219,417,13.0,13,2.0,1.0,47008.0,200000.0,4.0,1,-152992.0
1123.0,20240602,305,183,64.0,13,10.0,1.0,87618.0,200000.0,8.0,1,-112382.0
1124.0,,137,151,21.0,17,14.0,1.0,59881.0,200000.0,20.0,1,-140119.0
1125.0,,514,37,3.0,12,12.0,1.0,54603.0,200000.0,17.0,0,-145397.0
1126.0,20241027,751,55,51.0,9,4.0,1.0,37283.0,200000.0,26.0,1,-162717.0
1127.0,,759,411,50.0,3,16.0,1.0,109562.0,200000.0,13.0,0,-90438.0
1128.0,,18,413,29.0,14,12.0,1.0,97480.0,200000.0,11.0,0,-102520.0
1129.0,,592,309,14.0,19,4.0,1.0,73035.0,200000.0,8.0,1,-126965.0
1130.0,,287,107,56.0,3,3.0,1.0,90552.0,200000.0,11.0,0,-109448.0
1131.0,,692,261,62.0,25,7.0,1.0,27416.0,200000.0,2.0,1,-172584.0
1132.0,,178,136,14.0,22,13.0,1.0,78263.0,200000.0,27.0,1,-121737.0
1133.0,,242,344,80.0,6,5.0,1.0,54165.0,200000.0,12.0,0,-145835.0
1134.0,,695,125,71.0,16,17.0,1.0,45981.0,200000.0,5.0,1,-154019.0
1135.0,,56,449,44.0,24,2.0,1.0,49657.0,200000.0,5.0,1,-150343.0
1136.0,,539,162,79.0,23,16.0,1.0,25240.0,200000.0,4.0,0,-174760.0
1137.0,20240730,149,127,73.0,8,10.0,1.0,35442.0,200000.0,2.0,1,-164558.0
1138.0,20200325,760,166,29.0,12,3.0,1.0,101338.0,200000.0,16.0,0,-98662.0
1139.0,20240422,281,67,33.0,20,3.0,1.0,39966.0,200000.0,22.0,0,-160034.0
1140.0,,119,473,46.0,19,20.0,1.0,115117.0,200000.0,8.0,0,-84883.0
1141.0,,275,439,28.0,14,12.0,1.0,66463.0,200000.0,29.0,1,-133537.0
1142.0,,6,25,5.0,14,12.0,1.0,115472.0,200000.0,15.0,0,-84528.0
1143.0,,398,55,3.0,5,11.0,1.0,27657.0,200000.0,20.0,1,-172343.0
1144.0,,744,416,2.0,17,18.0,1.0,108023.0,200000.0,21.0,0,-91977.0
1145.0,,46,474,72.0,4,10.0,1.0,74886.0,200000.0,29.0,1,-125114.0
1146.0,,387,51,39.0,6,4.0,1.0,47814.0,200000.0,16.0,1,-152186.0
1147.0,20220112,514,148,16.0,24,7.0,1.0,78003.0,200000.0,27.0,0,-121997.0
1148.0,,439,485,47.0,1,8.0,1.0,65366.0,200000.0,29.0,1,-134634.0
1149.0,,30,166,11.0,14,7.0,1.0,50173.0,200000.0,3.0,1,-149827.0
1150.0,20230627,759,110,77.0,2,8.0,1.0,60316.0,200000.0,21.0,1,-139684.0
1151.0,,790,166,21.0,30,9.0,1.0,113663.0,200000.0,15.0,1,-86337.0
1152.0,20240703,283,198,33.0,25,5.0,1.0,28305.0,200000.0,0.0,1,-171695.0
1153.0,,514,323,40.0,17,7.0,1.0,115433.0,200000.0,14.0,0,-84567.0
1154.0,,768,85,71.0,14,6.0,1.0,94046.0,200000.0,21.0,1,-105954.0
1155.0,,58,63,68.0,15,11.0,1.0,91554.0,200000.0,30.0,0,-108446.0
1156.0,20240407,55,51,21.0,24,15.0,1.0,92859.0,200000.0,19.0,0,-107141.0
1157.0,,23,426,39.0,17,19.0,1.0,110818.0,200000.0,30.0,1,-89182.0
1158.0,20230705,548,148,71.0,1,8.0,1.0,85814.0,200000.0,20.0,1,-114186.0
1159.0,20210507,749,367,74.0,29,17.0,1.0,60938.0,200000.0,24.0,1,-139062.0
1160.0,,453,86,9.0,29,5.0,1.0,98598.0,200000.0,9.0,1,-101402.0
1161.0,,37,478,36.0,18,18.0,1.0,73335.0,200000.0,4.0,1,-126665.0
1162.0,,300,59,53.0,19,3.0,1.0,28011.0,200000.0,5.0,0,-171989.0
1163.0,20231201,5,25,56.0,3,9.0,1.0,87328.0,200000.0,4.0,0,-112672.0
1164.0,20230728,612,426,34.0,29,13.0,1.0,90665.0,200000.0,11.0,1,-109335.0
1165.0,,366,109,16.0,5,2.0,1.0,116978.0,200000.0,10.0,1,-83022.0
1166.0,,331,491,20.0,24,12.0,1.0,41487.0,200000.0,25.0,0,-158513.0
1167.0,,72,204,9.0,3,1.0,1.0,69293.0,200000.0,3.0,0,-130707.0
1168.0,,334,473,17.0,27,7.0,1.0,35076.0,200000.0,14.0,0,-164924.0
1169.0,20230304,379,286,8.0,26,13.0,1.0,87821.0,200000.0,10.0,0,-112179.0
1170.0,,253,382,37.0,2,6.0,1.0,63518.0,200000.0,7.0,1,-136482.0
1171.0,,416,473,50.0,21,20.0,1.0,110070.0,200000.0,29.0,1,-89930.0
1172.0,,619,496,22.0,5,6.0,1.0,96569.0,200000.0,10.0,0,-103431.0
1173.0,,455,71,48.0,20,20.0,1.0,35874.0,200000.0,7.0,0,-164126.0
1174.0,,161,431,55.0,28,12.0,1.0,113625.0,200000.0,19.0,0,-86375.0
1175.0,,73,321,53.0,8,6.0,1.0,68735.0,200000.0,12.0,0,-131265.0
1176.0,20200420,541,37,18.0,11,8.0,1.0,107044.0,200000.0,7.0,1,-92956.0
1177.0,,361,197,71.0,3,17.0,1.0,37516.0,200000.0,19.0,0,-162484.0
1178.0,,112,326,42.0,23,20.0,1.0,28525.0,200000.0,27.0,0,-171475.0
1179.0,,263,422,5.0,15,2.0,1.0,57758.0,200000.0,24.0,1,-142242.0
1180.0,20211029,794,223,21.0,8,3.0,1.0,65409.0,200000.0,30.0,0,-134591.0
1181.0,,206,170,61.0,1,5.0,1.0,112073.0,200000.0,2.0,1,-87927.0
1182.0,20240422,789,241,50.0,13,9.0,1.0,40187.0,200000.0,5.0,1,-159813.0
1183.0,20240124,519,354,52.0,1,16.0,1.0,58843.0,200000.0,24.0,0,-141157.0
1184.0,20220517,767,260,19.0,1,17.0,1.0,55799.0,200000.0,7.0,0,-144201.0
1185.0,,778,221,11.0,18,18.0,1.0,58459.0,200000.0,22.0,1,-141541.0
1186.0,,658,15,70.0,20,3.0,1.0,94363.0,200000.0,0.0,1,-105637.0
1187.0,,662,106,60.0,12,2.0,1.0,115973.0,200000.0,27.0,1,-84027.0
1188.0,,711,458,45.0,7,7.0,1.0,55827.0,200000.0,22.0,1,-144173.0
1189.0,,217,308,16.0,18,14.0,1.0,45086.0,200000.0,20.0,1,-154914.0
1190.0,,498,75,60.0,18,4.0,1.0,101394.0,200000.0,6.0,0,-98606.0
1191.0,,552,413,16.0,17,11.0,1.0,32687.0,200000.0,30.0,0,-167313.0
1192.0,,183,268,46.0,26,15.0,1.0,109979.0,200000.0,9.0,0,-90021.0
1193.0,,765,463,19.0,23,6.0,1.0,92415.0,200000.0,13.0,1,-107585.0
1194.0,,579,72,52.0,15,15.0,1.0,73644.0,200000.0,26.0,0,-126356.0
1195.0,,127,53,5.0,5,10.0,1.0,50514.0,200000.0,10.0,1,-149486.0
1196.0,,605,361,32.0,22,7.0,1.0,90519.0,200000.0,4.0,1,-109481.0
1197.0,,259,66,66.0,28,6.0,1.0,48012.0,200000.0,5.0,0,-151988.0
1198.0,,504,254,53.0,18,7.0,1.0,75900.0,200000.0,1.0,0,-124100.0
1199.0,,274,58,28.0,6,8.0,1.0,57074.0,200000.0,9.0,0,-142926.0
1200.0,,402,317,45.0,4,4.0,1.0,112106.0,200000.0,1.0,1,-87894.0
1201.0,20211214,417,327,3.0,27,10.0,1.0,85806.0,200000.0,25.0,1,-114194.0
1202.0,,565,52,38.0,20,2.0,1.0,40076.0,200000.0,17.0,0,-159924.0
1203.0,,596,101,79.0,12,12.0,1.0,109235.0,200000.0,11.0,0,-90765.0
1204.0,,258,428,80.0,27,14.0,1.0,49083.0,200000.0,30.0,0,-150917.0
1205.0,,453,126,26.0,1,11.0,1.0,54174.0,200000.0,21.0,0,-145826.0
1206.0,20210728,349,125,50.0,19,7.0,1.0,80368.0,200000.0,4.0,1,-119632.0
1207.0,,613,169,71.0,17,1.0,1.0,39299.0,200000.0,28.0,1,-160701.0
1208.0,,637,365,21.0,4,9.0,1.0,107408.0,200000.0,8.0,0,-92592.0
1209.0,20210921,433,5,51.0,7,3.0,1.0,95197.0,200000.0,11.0,0,-104803.0
1210.0,,541,415,33.0,23,20.0,1.0,93522.0,200000.0,26.0,0,-106478.0
1211.0,,345,206,56.0,27,18.0,1.0,50611.0,200000.0,17.0,1,-149389.0
1212.0,20230606,118,408,49.0,21,5.0,1.0,53731.0,200000.0,21.0,1,-146269.0
1213.0,,482,186,24.0,22,18.0,1.0,56795.0,200000.0,9.0,1,-143205.0
1214.0,20200421,150,325,68.0,30,15.0,1.0,74614.0,200000.0,15.0,1,-125386.0
1215.0,,273,303,76.0,26,6.0,1.0,73183.0,200000.0,30.0,1,-126817.0
1216.0,,648,412,37.0,6,4.0,1.0,92458.0,200000.0,20.0,0,-107542.0
1217.0,,390,92,54.0,11,6.0,1.0,55502.0,200000.0,4.0,0,-144498.0
1218.0,20211205,558,354,13.0,7,3.0,1.0,60738.0,200000.0,23.0,0,-139262.0
1219.0,,208,367,37.0,18,6.0,1.0,111729.0,200000.0,24.0,1,-88271.0
1220.0,,686,494,67.0,19,16.0,1.0,98666.0,200000.0,30.0,0,-101334.0
1221.0,,578,130,7.0,12,12.0,1.0,59130.0,200000.0,29.0,0,-140870.0
1222.0,20210701,351,287,78.0,29,12.0,1.0,107649.0,200000.0,18.0,0,-92351.0
1223.0,20230702,585,242,48.0,3,2.0,1.0,25541.0,200000.0,28.0,1,-174459.0
1224.0,,135,272,17.0,4,10.0,1.0,99457.0,200000.0,22.0,0,-100543.0
1225.0,,498,290,78.0,25,19.0,1.0,66077.0,200000.0,6.0,1,-133923.0
1226.0,20221001,163,402,72.0,18,20.0,1.0,60326.0,200000.0,2.0,0,-139674.0
1227.0,20200602,336,499,61.0,20,3.0,1.0,98137.0,200000.0,23.0,0,-101863.0
1228.0,,473,225,5.0,9,16.0,1.0,97644.0,200000.0,0.0,1,-102356.0
1229.0,,186,221,54.0,17,2.0,1.0,86371.0,200000.0,10.0,1,-113629.0
1230.0,20240910,538,465,16.0,17,6.0,1.0,67147.0,200000.0,22.0,1,-132853.0
1231.0,,62,196,70.0,12,10.0,1.0,99189.0,200000.0,7.0,1,-100811.0
1232.0,,488,242,37.0,2,13.0,1.0,34347.0,200000.0,23.0,1,-165653.0
1233.0,,120,395,41.0,30,3.0,1.0,61608.0,200000.0,14.0,0,-138392.0
1234.0,,60,406,43.0,14,17.0,1.0,60636.0,200000.0,23.0,1,-139364.0
1235.0,20200903,178,435,38.0,7,11.0,1.0,47357.0,200000.0,6.0,0,-152643.0
1236.0,,84,308,34.0,26,3.0,1.0,69921.0,200000.0,28.0,1,-130079.0
1237.0,,710,177,35.0,26,19.0,1.0,32641.0,200000.0,22.0,0,-167359.0
1238.0,,502,236,13.0,16,11.0,1.0,95117.0,200000.0,11.0,0,-104883.0
1239.0,,709,500,46.0,29,13.0,1.0,108877.0,200000.0,19.0,0,-91123.0
1240.0,20201118,498,247,56.0,28,18.0,1.0,68280.0,200000.0,8.0,1,-131720.0
1241.0,,597,22,41.0,21,20.0,1.0,87126.0,200000.0,17.0,0,-112874.0
1242.0,,526,262,17.0,18,11.0,1.0,34239.0,200000.0,12.0,1,-165761.0
1243.0,20220302,466,123,33.0,9,16.0,1.0,89267.0,200000.0,6.0,0,-110733.0
1244.0,,281,77,4.0,30,10.0,1.0,113009.0,200000.0,18.0,1,-86991.0
1245.0,20240610,617,142,55.0,15,12.0,1.0,109670.0,200000.0,6.0,0,-90330.0
1246.0,20210916,609,319,16.0,21,3.0,1.0,107876.0,200000.0,7.0,0,-92124.0
1247.0,20230620,234,209,11.0,20,11.0,1.0,47158.0,200000.0,6.0,0,-152842.0
1248.0,,622,453,54.0,28,10.0,1.0,104306.0,200000.0,1.0,1,-95694.0
1249.0,20201217,676,377,72.0,1,4.0,1.0,36199.0,200000.0,3.0,0,-163801.0
1250.0,,289,469,49.0,6,10.0,1.0,115986.0,200000.0,11.0,1,-84014.0
1251.0,,765,124,67.0,19,5.0,1.0,43821.0,200000.0,4.0,1,-156179.0
1252.0,,197,263,51.0,14,14.0,1.0,76089.0,200000.0,3.0,1,-123911.0
1253.0,,436,240,47.0,22,10.0,1.0,89273.0,200000.0,5.0,1,-110727.0
1254.0,,138,327,2.0,20,12.0,1.0,99714.0,200000.0,6.0,1,-100286.0
1255.0,20230705,144,121,53.0,11,6.0,1.0,94430.0,200000.0,16.0,0,-105570.0
1256.0,20210714,48,230,75.0,25,12.0,1.0,102559.0,200000.0,20.0,0,-97441.0
1257.0,,333,195,35.0,11,4.0,1.0,63205.0,200000.0,26.0,1,-136795.0
1258.0,,565,357,45.0,16,19.0,1.0,65904.0,200000.0,21.0,0,-134096.0
1259.0,,679,418,55.0,17,8.0,1.0,88790.0,200000.0,8.0,1,-111210.0
1260.0,20210322,141,218,21.0,22,3.0,1.0,102272.0,200000.0,5.0,0,-97728.0
1261.0,,264,235,57.0,15,20.0,1.0,94140.0,200000.0,28.0,1,-105860.0
1262.0,20201003,523,460,11.0,26,11.0,1.0,31576.0,200000.0,21.0,0,-168424.0
1263.0,,605,206,8.0,3,4.0,1.0,31481.0,200000.0,11.0,0,-168519.0
1264.0,,322,39,11.0,30,2.0,1.0,93522.0,200000.0,14.0,0,-106478.0
1265.0,20200510,524,101,55.0,29,12.0,1.0,89883.0,200000.0,8.0,0,-110117.0
1266.0,,573,291,57.0,28,9.0,1.0,93989.0,200000.0,6.0,1,-106011.0
1267.0,20230329,38,152,9.0,26,15.0,1.0,114520.0,200000.0,23.0,1,-85480.0
1268.0,,151,98,72.0,10,18.0,1.0,72947.0,200000.0,7.0,1,-127053.0
1269.0,,638,471,64.0,4,6.0,1.0,116277.0,200000.0,13.0,0,-83723.0
1270.0,,658,206,6.0,23,3.0,1.0,112035.0,200000.0,4.0,1,-87965.0
1271.0,20200726,773,278,80.0,1,5.0,1.0,86591.0,200000.0,20.0,0,-113409.0
1272.0,,221,246,54.0,23,7.0,1.0,81081.0,200000.0,0.0,1,-118919.0
1273.0,,717,314,67.0,19,1.0,1.0,103773.0,200000.0,27.0,0,-96227.0
1274.0,,331,133,6.0,24,10.0,1.0,30646.0,200000.0,19.0,1,-169354.0
1275.0,,18,382,77.0,14,18.0,1.0,44894.0,200000.0,23.0,0,-155106.0
1276.0,,106,129,7.0,2,16.0,1.0,104007.0,200000.0,22.0,0,-95993.0
1277.0,,722,401,46.0,4,15.0,1.0,118734.0,200000.0,25.0,1,-81266.0
1278.0,,140,426,34.0,6,18.0,1.0,41727.0,200000.0,19.0,1,-158273.0
1279.0,20230724,338,127,27.0,26,20.0,1.0,67500.0,200000.0,25.0,1,-132500.0
1280.0,20220115,339,473,13.0,27,1.0,1.0,76085.0,200000.0,25.0,0,-123915.0
1281.0,20211116,750,60,44.0,22,19.0,1.0,35054.0,200000.0,30.0,1,-164946.0
1282.0,,214,117,19.0,13,9.0,1.0,43458.0,200000.0,20.0,1,-156542.0
1283.0,20200314,725,267,32.0,13,17.0,1.0,71625.0,200000.0,4.0,0,-128375.0
1284.0,20200925,308,462,78.0,22,19.0,1.0,63482.0,200000.0,16.0,1,-136518.0
1285.0,,756,163,39.0,8,10.0,1.0,49349.0,200000.0,7.0,0,-150651.0
1286.0,,487,180,74.0,30,8.0,1.0,114659.0,200000.0,26.0,0,-85341.0
1287.0,,104,389,72.0,10,20.0,1.0,93535.0,200000.0,20.0,0,-106465.0
1288.0,,395,308,6.0,12,5.0,1.0,41860.0,200000.0,1.0,0,-158140.0
1289.0,,134,448,74.0,15,17.0,1.0,78576.0,200000.0,6.0,0,-121424.0
1290.0,,38,370,68.0,20,3.0,1.0,82521.0,200000.0,26.0,0,-117479.0
1291.0,20201008,53,101,67.0,10,1.0,1.0,27956.0,200000.0,29.0,0,-172044.0
1292.0,,691,379,59.0,25,5.0,1.0,115441.0,200000.0,28.0,1,-84559.0
1293.0,20220120,657,61,45.0,20,19.0,1.0,44287.0,200000.0,1.0,0,-155713.0
1294.0,,642,401,3.0,8,2.0,1.0,77780.0,200000.0,25.0,1,-122220.0
1295.0,,252,334,18.0,14,2.0,1.0,40819.0,200000.0,3.0,0,-159181.0
1296.0,,277,430,8.0,5,5.0,1.0,64079.0,200000.0,3.0,0,-135921.0
1297.0,,209,61,25.0,1,12.0,1.0,92010.0,200000.0,9.0,0,-107990.0
1298.0,,328,129,58.0,4,6.0,1.0,27617.0,200000.0,14.0,0,-172383.0
1299.0,20220205,630,142,64.0,11,11.0,1.0,37200.0,200000.0,5.0,1,-162800.0
1300.0,,280,253,2.0,5,5.0,1.0,90099.0,200000.0,7.0,0,-109901.0
1301.0,,681,244,17.0,18,16.0,1.0,50554.0,200000.0,2.0,0,-149446.0
1302.0,,557,129,79.0,4,8.0,1.0,67816.0,200000.0,11.0,0,-132184.0
1303.0,20200401,210,433,38.0,9,20.0,1.0,30001.0,200000.0,19.0,1,-169999.0
1304.0,,523,11,10.0,12,20.0,1.0,66627.0,200000.0,22.0,1,-133373.0
1305.0,,708,460,76.0,13,8.0,1.0,71410.0,200000.0,27.0,0,-128590.0
1306.0,,493,281,59.0,11,16.0,1.0,109389.0,200000.0,27.0,0,-90611.0
1307.0,,620,276,60.0,10,7.0,1.0,109119.0,200000.0,10.0,0,-90881.0
1308.0,20210528,760,175,75.0,17,5.0,1.0,26685.0,200000.0,16.0,1,-173315.0
1309.0,20240623,34,236,26.0,18,17.0,1.0,95822.0,200000.0,2.0,1,-104178.0
1310.0,,238,361,33.0,12,5.0,1.0,55033.0,200000.0,8.0,0,-144967.0
1311.0,20240206,791,13,62.0,8,6.0,1.0,43284.0,200000.0,10.0,0,-156716.0
1312.0,,617,396,49.0,8,20.0,1.0,51279.0,200000.0,20.0,1,-148721.0
1313.0,,443,249,24.0,20,15.0,1.0,63125.0,200000.0,4.0,0,-136875.0
1314.0,,126,374,72.0,29,20.0,1.0,54050.0,200000.0,10.0,1,-145950.0
1315.0,,325,134,45.0,19,13.0,1.0,88883.0,200000.0,14.0,0,-111117.0
1316.0,,123,478,19.0,18,7.0,1.0,112622.0,200000.0,15.0,0,-87378.0
1317.0,,692,214,37.0,4,12.0,1.0,40994.0,200000.0,3.0,1,-159006.0
1318.0,20200426,629,127,2.0,16,5.0,1.0,73412.0,200000.0,5.0,0,-126588.0
1319.0,,511,191,53.0,14,10.0,1.0,67838.0,200000.0,12.0,1,-132162.0
1320.0,,594,51,26.0,16,11.0,1.0,92180.0,200000.0,16.0,1,-107820.0
1321.0,,705,81,18.0,1,15.0,1.0,93581.0,200000.0,21.0,1,-106419.0
1322.0,,687,123,60.0,3,20.0,1.0,34139.0,200000.0,21.0,0,-165861.0
1323.0,,621,217,53.0,27,4.0,1.0,49278.0,200000.0,22.0,1,-150722.0
1324.0,20231118,684,453,43.0,22,4.0,1.0,68126.0,200000.0,1.0,1,-131874.0
1325.0,20220629,253,109,71.0,7,17.0,1.0,108944.0,200000.0,4.0,1,-91056.0
1326.0,,738,163,56.0,4,1.0,1.0,77069.0,200000.0,18.0,0,-122931.0
1327.0,20200301,360,298,28.0,10,9.0,1.0,94823.0,200000.0,21.0,0,-105177.0
1328.0,,130,435,34.0,18,14.0,1.0,87696.0,200000.0,16.0,1,-112304.0
1329.0,20211116,445,373,25.0,23,7.0,1.0,109361.0,200000.0,28.0,1,-90639.0
1330.0,20200603,309,450,21.0,16,20.0,1.0,47457.0,200000.0,13.0,1,-152543.0
1331.0,20200529,308,222,74.0,16,14.0,1.0,29198.0,200000.0,13.0,0,-170802.0
1332.0,,273,445,64.0,12,9.0,1.0,39849.0,200000.0,22.0,0,-160151.0
1333.0,,259,452,45.0,19,16.0,1.0,100067.0,200000.0,0.0,1,-99933.0
1334.0,,641,339,6.0,30,17.0,1.0,84733.0,200000.0,27.0,1,-115267.0
1335.0,20200314,774,280,60.0,20,12.0,1.0,73995.0,200000.0,6.0,1,-126005.0
1336.0,20240510,90,145,13.0,22,8.0,1.0,90992.0,200000.0,10.0,0,-109008.0
1337.0,20240206,186,46,10.0,29,15.0,1.0,36506.0,200000.0,20.0,1,-163494.0
1338.0,,588,480,2.0,24,11.0,1.0,67539.0,200000.0,16.0,1,-132461.0
1339.0,,232,347,4.0,5,4.0,1.0,49854.0,200000.0,8.0,1,-150146.0
1340.0,,196,431,59.0,19,3.0,1.0,32860.0,200000.0,27.0,1,-167140.0
1341.0,,12,370,49.0,22,10.0,1.0,58504.0,200000.0,15.0,0,-141496.0
1342.0,20220725,75,153,48.0,12,16.0,1.0,88283.0,200000.0,27.0,1,-111717.0
1343.0,20230813,352,27,35.0,2,3.0,1.0,74361.0,200000.0,27.0,1,-125639.0
1344.0,20220320,501,62,60.0,11,14.0,1.0,79566.0,200000.0,4.0,0,-120434.0
1345.0,,651,426,45.0,1,12.0,1.0,79719.0,200000.0,0.0,0,-120281.0
1346.0,,492,360,56.0,22,11.0,1.0,50943.0,200000.0,5.0,0,-149057.0
1347.0,,61,68,26.0,21,8.0,1.0,47823.0,200000.0,0.0,0,-152177.0
1348.0,20241111,671,475,6.0,2,14.0,1.0,84714.0,200000.0,22.0,1,-115286.0
1349.0,,405,402,17.0,21,1.0,1.0,42689.0,200000.0,10.0,0,-157311.0
1350.0,,361,279,49.0,24,16.0,1.0,62921.0,200000.0,18.0,1,-137079.0
1351.0,,366,68,50.0,15,8.0,1.0,42979.0,200000.0,3.0,1,-157021.0
1352.0,20241226,105,440,12.0,5,19.0,1.0,34045.0,200000.0,27.0,0,-165955.0
1353.0,,16,464,55.0,22,11.0,1.0,60431.0,200000.0,4.0,0,-139569.0
1354.0,,610,2,9.0,30,13.0,1.0,84665.0,200000.0,4.0,1,-115335.0
1355.0,20240113,397,82,53.0,28,13.0,1.0,92781.0,200000.0,9.0,1,-107219.0
1356.0,,789,211,40.0,24,16.0,1.0,111182.0,200000.0,17.0,1,-88818.0
1357.0,20220106,287,157,8.0,5,7.0,1.0,102075.0,200000.0,21.0,1,-97925.0
1358.0,20201116,282,19,5.0,28,12.0,1.0,86852.0,200000.0,18.0,0,-113148.0
1359.0,,669,82,30.0,3,16.0,1.0,86616.0,200000.0,3.0,1,-113384.0
1360.0,,585,434,51.0,1,17.0,1.0,63140.0,200000.0,15.0,1,-136860.0
1361.0,,324,390,52.0,20,20.0,1.0,66300.0,200000.0,3.0,1,-133700.0
1362.0,,637,309,22.0,30,11.0,1.0,45346.0,200000.0,4.0,1,-154654.0
1363.0,20230307,156,317,3.0,25,17.0,1.0,101817.0,200000.0,11.0,0,-98183.0
1364.0,,363,491,30.0,4,6.0,1.0,92042.0,200000.0,21.0,1,-107958.0
1365.0,20220220,745,323,7.0,8,8.0,1.0,118237.0,200000.0,21.0,0,-81763.0
1366.0,,294,137,35.0,26,4.0,1.0,74114.0,200000.0,25.0,0,-125886.0
1367.0,,486,435,26.0,17,12.0,1.0,84888.0,200000.0,14.0,0,-115112.0
1368.0,20230517,285,134,77.0,6,15.0,1.0,71264.0,200000.0,10.0,1,-128736.0
1369.0,20230428,463,386,10.0,7,18.0,1.0,86941.0,200000.0,26.0,0,-113059.0
1370.0,20230329,353,124,4.0,11,13.0,1.0,61360.0,200000.0,15.0,1,-138640.0
1371.0,20200406,23,193,48.0,25,10.0,1.0,25976.0,200000.0,12.0,0,-174024.0
1372.0,,346,136,50.0,21,15.0,1.0,32348.0,200000.0,14.0,1,-167652.0
1373.0,20240303,34,271,41.0,22,7.0,1.0,72523.0,200000.0,0.0,0,-127477.0
1374.0,20200525,777,138,7.0,30,6.0,1.0,29669.0,200000.0,13.0,1,-170331.0
1375.0,,80,116,61.0,26,15.0,1.0,33928.0,200000.0,14.0,0,-166072.0
1376.0,,502,8,50.0,30,4.0,1.0,83646.0,200000.0,29.0,0,-116354.0
1377.0,,217,63,71.0,24,10.0,1.0,82682.0,200000.0,17.0,0,-117318.0
1378.0,,176,137,66.0,16,18.0,1.0,102656.0,200000.0,2.0,0,-97344.0
1379.0,,230,238,66.0,14,14.0,1.0,41335.0,200000.0,12.0,0,-158665.0
1380.0,20220216,647,213,24.0,3,7.0,1.0,60372.0,200000.0,16.0,1,-139628.0
1381.0,20220425,517,472,65.0,9,3.0,1.0,107191.0,200000.0,14.0,1,-92809.0
1382.0,20211010,431,164,51.0,15,10.0,1.0,33170.0,200000.0,25.0,1,-166830.0
1383.0,,384,481,7.0,28,11.0,1.0,28192.0,200000.0,3.0,1,-171808.0
1384.0,20230627,710,127,60.0,14,15.0,1.0,82384.0,200000.0,29.0,0,-117616.0
1385.0,,753,429,7.0,8,17.0,1.0,82380.0,200000.0,27.0,1,-117620.0
1386.0,20200217,253,316,37.0,4,17.0,1.0,111379.0,200000.0,27.0,1,-88621.0
1387.0,20230525,241,222,51.0,12,16.0,1.0,68363.0,200000.0,27.0,1,-131637.0
1388.0,20210514,186,348,1.0,14,17.0,1.0,108131.0,200000.0,2.0,0,-91869.0
1389.0,,271,297,45.0,27,16.0,1.0,63633.0,200000.0,20.0,1,-136367.0
1390.0,,236,458,8.0,7,18.0,1.0,31731.0,200000.0,16.0,0,-168269.0
1391.0,,702,128,3.0,4,5.0,1.0,41960.0,200000.0,3.0,1,-158040.0
1392.0,20241230,541,174,79.0,5,15.0,1.0,109697.0,200000.0,13.0,1,-90303.0
1393.0,,765,233,50.0,19,12.0,1.0,45583.0,200000.0,6.0,0,-154417.0
1394.0,,317,436,26.0,1,16.0,1.0,31594.0,200000.0,24.0,1,-168406.0
1395.0,,275,299,80.0,27,11.0,1.0,55664.0,200000.0,28.0,0,-144336.0
1396.0,,469,500,48.0,17,6.0,1.0,87736.0,200000.0,5.0,1,-112264.0
1397.0,20230813,172,262,51.0,16,2.0,1.0,63176.0,200000.0,4.0,0,-136824.0
1398.0,,275,72,71.0,3,11.0,1.0,78544.0,200000.0,11.0,0,-121456.0
1399.0,,4,324,27.0,23,6.0,1.0,51059.0,200000.0,22.0,0,-148941.0
1400.0,,636,442,79.0,21,1.0,1.0,72870.0,200000.0,8.0,0,-127130.0
1401.0,,270,289,36.0,11,17.0,1.0,29447.0,200000.0,5.0,0,-170553.0
1402.0,,161,6,80.0,30,2.0,1.0,51277.0,200000.0,8.0,1,-148723.0
1403.0,,256,443,74.0,21,11.0,1.0,63624.0,200000.0,7.0,1,-136376.0
1404.0,,140,121,41.0,1,8.0,1.0,101618.0,200000.0,17.0,0,-98382.0
1405.0,,671,137,53.0,25,12.0,1.0,57914.0,200000.0,12.0,1,-142086.0
1406.0,20240129,58,285,45.0,22,17.0,1.0,39296.0,200000.0,3.0,0,-160704.0
1407.0,,366,25,59.0,10,15.0,1.0,92946.0,200000.0,14.0,0,-107054.0
1408.0,20220824,393,338,49.0,7,15.0,1.0,37947.0,200000.0,18.0,0,-162053.0
1409.0,,630,9,9.0,9,17.0,1.0,30686.0,200000.0,7.0,1,-169314.0
1410.0,20240111,635,285,58.0,2,7.0,1.0,25247.0,200000.0,1.0,0,-174753.0
1411.0,,252,351,17.0,18,11.0,1.0,63589.0,200000.0,24.0,0,-136411.0
1412.0,,105,344,39.0,9,17.0,1.0,95235.0,200000.0,22.0,1,-104765.0
1413.0,20220715,206,446,77.0,8,20.0,1.0,97985.0,200000.0,29.0,1,-102015.0
1414.0,,682,165,50.0,28,10.0,1.0,33984.0,200000.0,13.0,0,-166016.0
1415.0,,254,425,19.0,13,9.0,1.0,30199.0,200000.0,1.0,0,-169801.0
1416.0,,727,346,68.0,28,3.0,1.0,94633.0,200000.0,3.0,1,-105367.0
1417.0,20200128,672,340,28.0,27,3.0,1.0,96781.0,200000.0,18.0,0,-103219.0
1418.0,,293,142,16.0,29,10.0,1.0,102315.0,200000.0,18.0,0,-97685.0
1419.0,,204,54,21.0,22,4.0,1.0,61523.0,200000.0,23.0,0,-138477.0
1420.0,,182,375,13.0,13,12.0,1.0,53037.0,200000.0,6.0,0,-146963.0
1421.0,,98,331,37.0,19,10.0,1.0,82552.0,200000.0,29.0,1,-117448.0
1422.0,,648,23,13.0,26,13.0,1.0,103795.0,200000.0,11.0,1,-96205.0
1423.0,,258,457,43.0,21,17.0,1.0,39441.0,200000.0,28.0,0,-160559.0
1424.0,,776,356,19.0,12,15.0,1.0,77612.0,200000.0,12.0,0,-122388.0
1425.0,,34,95,24.0,27,19.0,1.0,63394.0,200000.0,2.0,1,-136606.0
1426.0,,604,393,68.0,17,5.0,1.0,77765.0,200000.0,16.0,0,-122235.0
1427.0,,414,305,34.0,22,10.0,1.0,67872.0,200000.0,3.0,0,-132128.0
1428.0,,388,456,67.0,7,18.0,1.0,29758.0,200000.0,10.0,0,-170242.0
1429.0,,556,476,1.0,29,14.0,1.0,69950.0,200000.0,2.0,1,-130050.0
1430.0,20220510,5,330,44.0,16,2.0,1.0,28403.0,200000.0,27.0,0,-171597.0
1431.0,20220920,156,393,37.0,28,4.0,1.0,68948.0,200000.0,10.0,0,-131052.0
1432.0,20230813,459,15,67.0,11,7.0,1.0,101278.0,200000.0,18.0,1,-98722.0
1433.0,,555,274,40.0,23,15.0,1.0,90847.0,200000.0,14.0,1,-109153.0
1434.0,,112,55,39.0,1,1.0,1.0,93936.0,200000.0,16.0,0,-106064.0
1435.0,,333,376,15.0,1,8.0,1.0,86550.0,200000.0,21.0,1,-113450.0
1436.0,20230219,625,400,75.0,1,7.0,1.0,68345.0,200000.0,22.0,1,-131655.0
1437.0,20200116,352,297,58.0,5,1.0,1.0,46041.0,200000.0,9.0,1,-153959.0
1438.0,,253,497,35.0,15,12.0,1.0,72555.0,200000.0,21.0,1,-127445.0
1439.0,,704,447,12.0,18,14.0,1.0,93116.0,200000.0,5.0,1,-106884.0
1440.0,,564,225,36.0,6,8.0,1.0,37050.0,200000.0,29.0,1,-162950.0
1441.0,20200106,618,336,73.0,28,11.0,1.0,91100.0,200000.0,3.0,0,-108900.0
1442.0,20220324,392,418,64.0,18,2.0,1.0,65090.0,200000.0,22.0,0,-134910.0
1443.0,20221110,314,365,16.0,28,16.0,1.0,27230.0,200000.0,3.0,1,-172770.0
1444.0,,494,270,24.0,30,16.0,1.0,107929.0,200000.0,26.0,0,-92071.0
1445.0,20211020,369,97,49.0,23,17.0,1.0,31713.0,200000.0,30.0,1,-168287.0
1446.0,20200510,560,73,67.0,27,16.0,1.0,91211.0,200000.0,17.0,0,-108789.0
1447.0,,484,223,57.0,26,9.0,1.0,96451.0,200000.0,17.0,1,-103549.0
1448.0,,523,479,65.0,15,8.0,1.0,34807.0,200000.0,15.0,1,-165193.0
1449.0,,661,215,7.0,1,8.0,1.0,71944.0,200000.0,19.0,1,-128056.0
1450.0,20220422,239,311,11.0,17,3.0,1.0,105446.0,200000.0,18.0,1,-94554.0
1451.0,,36,273,20.0,21,11.0,1.0,92234.0,200000.0,28.0,1,-107766.0
1452.0,,577,27,35.0,2,17.0,1.0,26096.0,200000.0,8.0,0,-173904.0
1453.0,,607,283,7.0,11,12.0,1.0,62955.0,200000.0,29.0,1,-137045.0
1454.0,,121,196,79.0,15,12.0,1.0,112687.0,200000.0,8.0,1,-87313.0
1455.0,20200430,661,408,30.0,6,4.0,1.0,118264.0,200000.0,18.0,0,-81736.0
1456.0,20210409,792,114,26.0,24,10.0,1.0,118041.0,200000.0,16.0,0,-81959.0
1457.0,,415,14,2.0,7,4.0,1.0,105740.0,200000.0,2.0,1,-94260.0
1458.0,,453,361,73.0,21,9.0,1.0,112895.0,200000.0,23.0,0,-87105.0
1459.0,,795,256,22.0,21,11.0,1.0,99779.0,200000.0,25.0,0,-100221.0
1460.0,20201122,678,166,3.0,14,11.0,1.0,40830.0,200000.0,30.0,0,-159170.0
1461.0,,200,221,51.0,9,16.0,1.0,101556.0,200000.0,24.0,1,-98444.0
1462.0,,263,274,70.0,17,2.0,1.0,115309.0,200000.0,19.0,0,-84691.0
1463.0,20201202,155,462,22.0,14,11.0,1.0,66818.0,200000.0,28.0,0,-133182.0
1464.0,20200929,587,231,12.0,27,12.0,1.0,55846.0,200000.0,23.0,0,-144154.0
1465.0,,82,343,77.0,7,2.0,1.0,26963.0,200000.0,16.0,1,-173037.0
1466.0,20200902,769,287,38.0,14,6.0,1.0,50733.0,200000.0,22.0,1,-149267.0
1467.0,20230702,579,135,7.0,27,16.0,1.0,109554.0,200000.0,28.0,0,-90446.0
1468.0,,709,120,58.0,29,17.0,1.0,61393.0,200000.0,23.0,1,-138607.0
1469.0,,89,417,32.0,9,10.0,1.0,103108.0,200000.0,20.0,0,-96892.0
1470.0,,766,10,13.0,19,18.0,1.0,41977.0,200000.0,4.0,1,-158023.0
1471.0,20230408,52,90,4.0,14,19.0,1.0,110800.0,200000.0,15.0,1,-89200.0
1472.0,,403,178,75.0,6,2.0,1.0,36513.0,200000.0,28.0,1,-163487.0
1473.0,,767,318,22.0,7,15.0,1.0,37553.0,200000.0,25.0,0,-162447.0
1474.0,,418,351,38.0,4,7.0,1.0,88360.0,200000.0,21.0,0,-111640.0
1475.0,20231009,748,387,58.0,18,7.0,1.0,43930.0,200000.0,7.0,1,-156070.0
1476.0,,695,296,26.0,1,11.0,1.0,54308.0,200000.0,24.0,1,-145692.0
1477.0,,116,210,7.0,11,19.0,1.0,48156.0,200000.0,26.0,1,-151844.0
1478.0,,560,219,31.0,29,14.0,1.0,95702.0,200000.0,28.0,0,-104298.0
1479.0,,383,304,35.0,14,4.0,1.0,112893.0,200000.0,24.0,1,-87107.0
1480.0,,173,351,76.0,12,1.0,1.0,54335.0,200000.0,25.0,0,-145665.0
1481.0,,701,340,39.0,18,12.0,1.0,103344.0,200000.0,8.0,0,-96656.0
1482.0,,34,8,72.0,25,8.0,1.0,78717.0,200000.0,13.0,1,-121283.0
1483.0,,756,212,16.0,14,19.0,1.0,117707.0,200000.0,7.0,0,-82293.0
1484.0,20230627,707,364,1.0,28,6.0,1.0,76919.0,200000.0,3.0,0,-123081.0
1485.0,20240422,62,380,39.0,10,14.0,1.0,52181.0,200000.0,25.0,0,-147819.0
1486.0,,410,249,2.0,6,7.0,1.0,91059.0,200000.0,4.0,1,-108941.0
1487.0,,258,195,72.0,9,20.0,1.0,44270.0,200000.0,21.0,0,-155730.0
1488.0,,652,171,12.0,3,13.0,1.0,116367.0,200000.0,4.0,0,-83633.0
1489.0,20220112,49,314,64.0,3,4.0,1.0,105075.0,200000.0,0.0,1,-94925.0
1490.0,,9,107,25.0,29,18.0,1.0,76890.0,200000.0,8.0,1,-123110.0
1491.0,,447,44,51.0,12,15.0,1.0,80499.0,200000.0,29.0,1,-119501.0
1492.0,,798,452,74.0,18,14.0,1.0,91948.0,200000.0,24.0,0,-108052.0
1493.0,20200314,196,300,21.0,21,6.0,1.0,39111.0,200000.0,10.0,0,-160889.0
1494.0,,375,215,66.0,5,12.0,1.0,103425.0,200000.0,1.0,1,-96575.0
1495.0,20220815,582,111,36.0,16,10.0,1.0,34345.0,200000.0,27.0,1,-165655.0
1496.0,,571,332,50.0,10,3.0,1.0,113301.0,200000.0,20.0,0,-86699.0
1497.0,,493,63,10.0,15,15.0,1.0,103329.0,200000.0,9.0,1,-96671.0
1498.0,,538,33,5.0,19,12.0,1.0,43307.0,200000.0,13.0,0,-156693.0
1499.0,,521,184,50.0,29,5.0,1.0,96589.0,200000.0,4.0,1,-103411.0
1500.0,,731,423,65.0,3,20.0,1.0,58647.0,200000.0,20.0,1,-141353.0
1501.0,,502,472,39.0,16,3.0,1.0,66451.0,200000.0,21.0,0,-133549.0
1502.0,,189,455,15.0,10,15.0,1.0,47674.0,200000.0,21.0,1,-152326.0
1503.0,,307,380,66.0,11,13.0,1.0,95521.0,200000.0,5.0,0,-104479.0
1504.0,20230410,12,240,75.0,1,7.0,1.0,113672.0,200000.0,0.0,1,-86328.0
1505.0,20210111,93,410,31.0,11,7.0,1.0,97658.0,200000.0,8.0,1,-102342.0
1506.0,20201116,100,277,66.0,30,5.0,1.0,47429.0,200000.0,3.0,0,-152571.0
1507.0,20210419,109,259,29.0,18,19.0,1.0,94127.0,200000.0,6.0,1,-105873.0
1508.0,,712,111,68.0,28,4.0,1.0,65471.0,200000.0,8.0,0,-134529.0
1509.0,,322,291,57.0,21,6.0,1.0,67251.0,200000.0,2.0,0,-132749.0
1510.0,,460,182,16.0,13,8.0,1.0,118220.0,200000.0,29.0,1,-81780.0
1511.0,,130,223,12.0,30,16.0,1.0,53880.0,200000.0,26.0,1,-146120.0
1512.0,,644,116,41.0,15,9.0,1.0,79828.0,200000.0,27.0,1,-120172.0
1513.0,,630,462,7.0,19,10.0,1.0,67968.0,200000.0,16.0,0,-132032.0
1514.0,20230606,375,222,62.0,12,7.0,1.0,79209.0,200000.0,30.0,1,-120791.0
1515.0,,288,14,14.0,11,11.0,1.0,54971.0,200000.0,0.0,0,-145029.0
1516.0,,2,219,18.0,16,14.0,1.0,114087.0,200000.0,19.0,0,-85913.0
1517.0,,710,6,58.0,1,12.0,1.0,114534.0,200000.0,12.0,0,-85466.0
1518.0,,196,79,35.0,30,6.0,1.0,101527.0,200000.0,13.0,1,-98473.0
1519.0,,654,255,44.0,26,6.0,1.0,102876.0,200000.0,26.0,1,-97124.0
1520.0,20210911,594,71,28.0,5,7.0,1.0,88406.0,200000.0,26.0,1,-111594.0
1521.0,,341,82,60.0,29,15.0,1.0,73630.0,200000.0,7.0,0,-126370.0
1522.0,,5,488,28.0,5,18.0,1.0,32356.0,200000.0,2.0,0,-167644.0
1523.0,20231216,265,339,13.0,25,18.0,1.0,88948.0,200000.0,19.0,0,-111052.0
1524.0,,461,423,77.0,15,5.0,1.0,68402.0,200000.0,14.0,0,-131598.0
1525.0,20220531,39,384,50.0,12,20.0,1.0,40081.0,200000.0,2.0,0,-159919.0
1526.0,,11,499,64.0,4,12.0,1.0,106822.0,200000.0,11.0,1,-93178.0
1527.0,,143,487,15.0,7,15.0,1.0,47050.0,200000.0,23.0,0,-152950.0
1528.0,20220123,424,193,1.0,9,3.0,1.0,102897.0,200000.0,6.0,1,-97103.0
1529.0,20201106,428,472,23.0,24,20.0,1.0,95745.0,200000.0,9.0,0,-104255.0
1530.0,20211227,700,126,49.0,20,11.0,1.0,61815.0,200000.0,21.0,0,-138185.0
1531.0,,234,445,59.0,27,20.0,1.0,39381.0,200000.0,7.0,0,-160619.0
1532.0,20200321,275,254,58.0,23,4.0,1.0,33121.0,200000.0,13.0,0,-166879.0
1533.0,,636,492,35.0,24,3.0,1.0,47730.0,200000.0,3.0,0,-152270.0
1534.0,20200528,693,458,54.0,15,1.0,1.0,91671.0,200000.0,9.0,0,-108329.0
1535.0,,362,327,22.0,22,3.0,1.0,81614.0,200000.0,11.0,0,-118386.0
1536.0,20210723,55,75,36.0,8,18.0,1.0,44974.0,200000.0,21.0,1,-155026.0
1537.0,20230723,784,213,29.0,15,9.0,1.0,93328.0,200000.0,26.0,0,-106672.0
1538.0,,632,14,68.0,29,19.0,1.0,38280.0,200000.0,30.0,1,-161720.0
1539.0,20210511,320,340,75.0,15,13.0,1.0,86628.0,200000.0,5.0,0,-113372.0
1540.0,20230112,416,398,66.0,16,10.0,1.0,67519.0,200000.0,5.0,1,-132481.0
1541.0,,151,255,75.0,13,4.0,1.0,47699.0,200000.0,28.0,1,-152301.0
1542.0,,234,21,40.0,1,10.0,1.0,56002.0,200000.0,6.0,0,-143998.0
1543.0,,230,64,27.0,21,14.0,1.0,63561.0,200000.0,27.0,1,-136439.0
1544.0,,782,247,66.0,3,16.0,1.0,114347.0,200000.0,10.0,1,-85653.0
1545.0,,350,233,47.0,10,19.0,1.0,106522.0,200000.0,15.0,0,-93478.0
1546.0,,654,391,55.0,24,19.0,1.0,112973.0,200000.0,26.0,1,-87027.0
1547.0,,145,26,4.0,30,8.0,1.0,62001.0,200000.0,9.0,1,-137999.0
1548.0,,575,494,67.0,2,2.0,1.0,109141.0,200000.0,27.0,1,-90859.0
1549.0,20200420,109,330,64.0,18,2.0,1.0,33118.0,200000.0,23.0,0,-166882.0
1550.0,,740,54,32.0,6,13.0,1.0,58668.0,200000.0,10.0,1,-141332.0
1551.0,,731,20,48.0,7,14.0,1.0,95933.0,200000.0,27.0,0,-104067.0
1552.0,,270,85,1.0,24,2.0,1.0,93439.0,200000.0,2.0,1,-106561.0
1553.0,,535,314,45.0,21,10.0,1.0,112931.0,200000.0,6.0,0,-87069.0
1554.0,,643,80,6.0,20,18.0,1.0,25719.0,200000.0,26.0,1,-174281.0
1555.0,,434,7,25.0,28,17.0,1.0,36996.0,200000.0,16.0,1,-163004.0
1556.0,20240604,599,310,24.0,25,20.0,1.0,96890.0,200000.0,29.0,0,-103110.0
1557.0,20210803,362,476,30.0,5,13.0,1.0,84017.0,200000.0,13.0,1,-115983.0
1558.0,20220805,210,188,70.0,6,3.0,1.0,57572.0,200000.0,13.0,0,-142428.0
1559.0,,504,131,74.0,10,17.0,1.0,49935.0,200000.0,1.0,0,-150065.0
1560.0,,567,90,50.0,21,1.0,1.0,86782.0,200000.0,4.0,0,-113218.0
1561.0,20240727,35,432,80.0,2,3.0,1.0,53250.0,200000.0,26.0,0,-146750.0
1562.0,,710,98,18.0,14,1.0,1.0,63642.0,200000.0,15.0,0,-136358.0
1563.0,,530,190,10.0,14,14.0,1.0,48923.0,200000.0,4.0,0,-151077.0
1564.0,,324,458,7.0,17,4.0,1.0,45267.0,200000.0,12.0,0,-154733.0
1565.0,20210306,350,161,79.0,27,10.0,1.0,48777.0,200000.0,28.0,0,-151223.0
1566.0,,358,127,66.0,19,19.0,1.0,93722.0,200000.0,9.0,1,-106278.0
1567.0,20220627,96,360,45.0,21,15.0,1.0,96512.0,200000.0,16.0,1,-103488.0
1568.0,,202,242,35.0,25,3.0,1.0,79114.0,200000.0,24.0,0,-120886.0
1569.0,,367,289,19.0,11,3.0,1.0,117012.0,200000.0,20.0,1,-82988.0
1570.0,,627,340,19.0,21,15.0,1.0,50386.0,200000.0,6.0,0,-149614.0
1571.0,,526,68,58.0,3,14.0,1.0,53918.0,200000.0,20.0,0,-146082.0
1572.0,,460,99,13.0,20,20.0,1.0,107847.0,200000.0,3.0,1,-92153.0
1573.0,20210507,481,403,71.0,22,19.0,1.0,39128.0,200000.0,7.0,0,-160872.0
1574.0,20211116,170,456,51.0,19,6.0,1.0,83314.0,200000.0,6.0,1,-116686.0
1575.0,20241111,800,182,46.0,9,7.0,1.0,27524.0,200000.0,14.0,1,-172476.0
1576.0,20240206,614,240,70.0,5,16.0,1.0,101614.0,200000.0,17.0,1,-98386.0
1577.0,,662,370,24.0,9,12.0,1.0,27071.0,200000.0,21.0,0,-172929.0
1578.0,,226,464,6.0,15,1.0,1.0,80864.0,200000.0,4.0,1,-119136.0
1579.0,,526,246,12.0,26,18.0,1.0,117122.0,200000.0,19.0,0,-82878.0
1580.0,,27,486,42.0,18,12.0,1.0,114077.0,200000.0,6.0,0,-85923.0
1581.0,,478,401,16.0,30,8.0,1.0,43002.0,200000.0,14.0,1,-156998.0
1582.0,20200603,318,444,27.0,2,14.0,1.0,87093.0,200000.0,12.0,0,-112907.0
1583.0,,336,368,74.0,30,5.0,1.0,90505.0,200000.0,5.0,1,-109495.0
1584.0,20240306,69,130,36.0,9,17.0,1.0,86916.0,200000.0,27.0,0,-113084.0
1585.0,,503,88,15.0,20,20.0,1.0,32124.0,200000.0,0.0,1,-167876.0
1586.0,,567,473,34.0,20,13.0,1.0,115168.0,200000.0,27.0,1,-84832.0
1587.0,,731,312,1.0,7,19.0,1.0,37566.0,200000.0,7.0,0,-162434.0
1588.0,20201120,644,85,40.0,6,6.0,1.0,104022.0,200000.0,18.0,1,-95978.0
1589.0,,437,77,71.0,8,18.0,1.0,80523.0,200000.0,20.0,1,-119477.0
1590.0,,96,393,1.0,12,12.0,1.0,42064.0,200000.0,18.0,1,-157936.0
1591.0,,164,46,43.0,10,2.0,1.0,40853.0,200000.0,27.0,1,-159147.0
1592.0,,124,201,74.0,25,16.0,1.0,89174.0,200000.0,15.0,0,-110826.0
1593.0,,115,1,15.0,17,3.0,1.0,28800.0,200000.0,4.0,1,-171200.0
1594.0,,209,437,25.0,19,5.0,1.0,95099.0,200000.0,25.0,0,-104901.0
1595.0,20211106,199,308,69.0,12,2.0,1.0,42931.0,200000.0,22.0,1,-157069.0
1596.0,20220115,199,35,55.0,22,2.0,1.0,33682.0,200000.0,21.0,1,-166318.0
1597.0,,224,292,48.0,14,17.0,1.0,102923.0,200000.0,25.0,0,-97077.0
1598.0,,654,264,67.0,11,3.0,1.0,74828.0,200000.0,26.0,0,-125172.0
1599.0,,149,63,20.0,18,9.0,1.0,51533.0,200000.0,4.0,1,-148467.0
1600.0,,163,355,38.0,29,2.0,1.0,118546.0,200000.0,7.0,0,-81454.0
1601.0,20210507,334,407,22.0,3,15.0,1.0,50933.0,200000.0,15.0,0,-149067.0
1602.0,,241,459,77.0,2,15.0,1.0,30089.0,200000.0,15.0,0,-169911.0
1603.0,,152,252,30.0,4,9.0,1.0,27544.0,200000.0,6.0,1,-172456.0
1604.0,,92,423,78.0,17,4.0,1.0,58397.0,200000.0,30.0,1,-141603.0
1605.0,,720,474,2.0,25,11.0,1.0,107479.0,200000.0,8.0,0,-92521.0
1606.0,20211129,150,323,38.0,17,3.0,1.0,51029.0,200000.0,6.0,1,-148971.0
1607.0,,60,187,2.0,12,16.0,1.0,47194.0,200000.0,23.0,0,-152806.0
1608.0,20230216,366,271,12.0,1,11.0,1.0,74183.0,200000.0,13.0,1,-125817.0
1609.0,20200808,499,417,37.0,25,13.0,1.0,75586.0,200000.0,7.0,0,-124414.0
1610.0,20210605,283,253,17.0,16,19.0,1.0,81587.0,200000.0,12.0,1,-118413.0
1611.0,,724,45,24.0,2,3.0,1.0,116718.0,200000.0,25.0,0,-83282.0
1612.0,,524,30,21.0,21,5.0,1.0,98909.0,200000.0,1.0,0,-101091.0
1613.0,20200608,723,375,72.0,6,18.0,1.0,59023.0,200000.0,15.0,0,-140977.0
1614.0,20240306,355,26,64.0,20,5.0,1.0,93007.0,200000.0,1.0,1,-106993.0
1615.0,20220529,256,274,65.0,7,7.0,1.0,112608.0,200000.0,29.0,0,-87392.0
1616.0,20240707,553,107,71.0,5,16.0,1.0,26016.0,200000.0,15.0,1,-173984.0
1617.0,20230323,774,97,55.0,29,18.0,1.0,80766.0,200000.0,12.0,1,-119234.0
1618.0,20220715,387,270,59.0,28,7.0,1.0,50294.0,200000.0,17.0,0,-149706.0
1619.0,,592,338,71.0,20,7.0,1.0,77531.0,200000.0,0.0,0,-122469.0
1620.0,,27,17,36.0,4,15.0,1.0,25956.0,200000.0,4.0,1,-174044.0
1621.0,,291,157,37.0,29,10.0,1.0,113501.0,200000.0,3.0,1,-86499.0
1622.0,20240801,750,316,38.0,13,1.0,1.0,57897.0,200000.0,4.0,0,-142103.0
1623.0,,446,235,22.0,11,19.0,1.0,78378.0,200000.0,13.0,1,-121622.0
1624.0,,638,25,5.0,12,18.0,1.0,92831.0,200000.0,19.0,1,-107169.0
1625.0,,648,381,47.0,10,2.0,1.0,28340.0,200000.0,26.0,1,-171660.0
1626.0,,360,181,72.0,24,4.0,1.0,25627.0,200000.0,14.0,1,-174373.0
1627.0,,588,157,70.0,30,20.0,1.0,68704.0,200000.0,25.0,0,-131296.0
1628.0,20220918,538,452,28.0,4,10.0,1.0,108304.0,200000.0,9.0,0,-91696.0
1629.0,,396,27,20.0,30,8.0,1.0,53477.0,200000.0,21.0,0,-146523.0
1630.0,,313,405,73.0,28,2.0,1.0,45502.0,200000.0,30.0,1,-154498.0
1631.0,20210707,587,141,67.0,17,18.0,1.0,40485.0,200000.0,6.0,0,-159515.0
1632.0,,372,92,27.0,17,16.0,1.0,49855.0,200000.0,29.0,1,-150145.0
1633.0,,106,262,79.0,29,5.0,1.0,34411.0,200000.0,13.0,1,-165589.0
1634.0,,521,157,66.0,29,7.0,1.0,112196.0,200000.0,26.0,0,-87804.0
1635.0,,193,441,26.0,2,6.0,1.0,95303.0,200000.0,14.0,1,-104697.0
1636.0,,557,490,42.0,29,9.0,1.0,45167.0,200000.0,7.0,0,-154833.0
1637.0,,6,458,59.0,23,9.0,1.0,58366.0,200000.0,14.0,1,-141634.0
1638.0,,776,46,53.0,29,2.0,1.0,81346.0,200000.0,29.0,1,-118654.0
1639.0,20220417,738,229,68.0,6,5.0,1.0,76988.0,200000.0,0.0,1,-123012.0
1640.0,,739,10,57.0,30,9.0,1.0,111173.0,200000.0,27.0,1,-88827.0
1641.0,,466,442,18.0,27,1.0,1.0,34233.0,200000.0,15.0,0,-165767.0
1642.0,20231130,213,241,2.0,19,9.0,1.0,40072.0,200000.0,19.0,0,-159928.0
1643.0,,437,245,72.0,22,11.0,1.0,52078.0,200000.0,29.0,1,-147922.0
1644.0,,361,155,18.0,28,14.0,1.0,66451.0,200000.0,26.0,1,-133549.0
1645.0,,750,46,10.0,25,8.0,1.0,47661.0,200000.0,8.0,1,-152339.0
1646.0,,766,171,60.0,27,6.0,1.0,49203.0,200000.0,18.0,1,-150797.0
1647.0,,112,273,70.0,9,4.0,1.0,86032.0,200000.0,4.0,0,-113968.0
1648.0,20210301,265,38,12.0,20,19.0,1.0,81128.0,200000.0,0.0,1,-118872.0
1649.0,20240730,231,35,20.0,7,9.0,1.0,92392.0,200000.0,24.0,1,-107608.0
1650.0,,636,491,71.0,17,12.0,1.0,99515.0,200000.0,5.0,1,-100485.0
1651.0,,497,110,5.0,9,16.0,1.0,91784.0,200000.0,2.0,1,-108216.0
1652.0,,196,175,13.0,25,19.0,1.0,33115.0,200000.0,19.0,1,-166885.0
1653.0,20241004,18,272,77.0,1,4.0,1.0,30140.0,200000.0,2.0,0,-169860.0
1654.0,,50,216,47.0,17,19.0,1.0,38873.0,200000.0,29.0,0,-161127.0
1655.0,,186,285,8.0,18,18.0,1.0,83780.0,200000.0,6.0,0,-116220.0
1656.0,,100,482,73.0,14,2.0,1.0,113350.0,200000.0,26.0,1,-86650.0
1657.0,20210728,220,254,23.0,15,16.0,1.0,103761.0,200000.0,1.0,0,-96239.0
1658.0,20200522,588,496,43.0,11,10.0,1.0,27551.0,200000.0,18.0,0,-172449.0
1659.0,,456,249,70.0,18,6.0,1.0,76662.0,200000.0,3.0,0,-123338.0
1660.0,,617,417,37.0,8,10.0,1.0,33240.0,200000.0,10.0,0,-166760.0
1661.0,,464,373,70.0,1,3.0,1.0,110737.0,200000.0,14.0,0,-89263.0
1662.0,20200730,29,446,62.0,21,13.0,1.0,93184.0,200000.0,22.0,0,-106816.0
1663.0,,761,476,34.0,8,10.0,1.0,48671.0,200000.0,19.0,1,-151329.0
1664.0,20200116,648,354,80.0,20,11.0,1.0,107533.0,200000.0,2.0,0,-92467.0
1665.0,,449,387,20.0,5,1.0,1.0,45248.0,200000.0,2.0,0,-154752.0
1666.0,20200206,156,186,55.0,13,11.0,1.0,52846.0,200000.0,11.0,1,-147154.0
1667.0,20230724,19,224,60.0,23,7.0,1.0,46543.0,200000.0,21.0,0,-153457.0
1668.0,20241230,291,202,69.0,14,17.0,1.0,102230.0,200000.0,23.0,1,-97770.0
1669.0,,564,386,11.0,11,4.0,1.0,30998.0,200000.0,12.0,0,-169002.0
1670.0,,437,200,67.0,14,5.0,1.0,70301.0,200000.0,25.0,1,-129699.0
1671.0,,34,129,39.0,28,2.0,1.0,33985.0,200000.0,2.0,0,-166015.0
1672.0,,287,481,8.0,30,17.0,1.0,65304.0,200000.0,18.0,1,-134696.0
1673.0,20211010,553,367,38.0,30,4.0,1.0,78512.0,200000.0,18.0,0,-121488.0
1674.0,,271,416,8.0,16,16.0,1.0,41067.0,200000.0,30.0,0,-158933.0
1675.0,20221214,30,235,72.0,16,4.0,1.0,104574.0,200000.0,11.0,0,-95426.0
1676.0,,533,384,3.0,15,9.0,1.0,42031.0,200000.0,24.0,1,-157969.0
1677.0,,545,190,68.0,29,9.0,1.0,66842.0,200000.0,0.0,0,-133158.0
1678.0,20200110,457,323,65.0,1,19.0,1.0,86802.0,200000.0,16.0,0,-113198.0
1679.0,,239,255,18.0,9,12.0,1.0,92179.0,200000.0,22.0,0,-107821.0
1680.0,,414,60,19.0,21,1.0,1.0,54369.0,200000.0,3.0,0,-145631.0
1681.0,,137,365,14.0,5,11.0,1.0,89769.0,200000.0,27.0,1,-110231.0
1682.0,20240829,280,395,11.0,11,6.0,1.0,88907.0,200000.0,26.0,1,-111093.0
1683.0,,383,218,8.0,11,17.0,1.0,29805.0,200000.0,1.0,0,-170195.0
1684.0,20200326,737,106,31.0,19,13.0,1.0,49560.0,200000.0,19.0,1,-150440.0
1685.0,20220911,655,163,41.0,15,11.0,1.0,70278.0,200000.0,19.0,0,-129722.0
1686.0,,439,131,49.0,18,3.0,1.0,76578.0,200000.0,7.0,0,-123422.0
1687.0,,1,49,35.0,29,6.0,1.0,60471.0,200000.0,27.0,0,-139529.0
1688.0,20241117,626,396,9.0,1,2.0,1.0,29622.0,200000.0,13.0,1,-170378.0
1689.0,,747,472,73.0,21,7.0,1.0,87711.0,200000.0,8.0,1,-112289.0
1690.0,20210402,227,266,17.0,21,2.0,1.0,70880.0,200000.0,2.0,1,-129120.0
1691.0,20201116,631,92,47.0,3,6.0,1.0,107592.0,200000.0,6.0,1,-92408.0
1692.0,,208,431,25.0,27,12.0,1.0,118195.0,200000.0,3.0,0,-81805.0
1693.0,,535,138,22.0,2,16.0,1.0,106640.0,200000.0,19.0,1,-93360.0
1694.0,,394,493,41.0,25,20.0,1.0,57569.0,200000.0,9.0,1,-142431.0
1695.0,,530,497,54.0,3,19.0,1.0,104817.0,200000.0,10.0,1,-95183.0
1696.0,,117,253,1.0,24,2.0,1.0,68169.0,200000.0,5.0,1,-131831.0
1697.0,,367,138,65.0,1,20.0,1.0,87238.0,200000.0,29.0,1,-112762.0
1698.0,,52,363,18.0,9,2.0,1.0,38663.0,200000.0,20.0,1,-161337.0
1699.0,20220519,4,93,8.0,26,11.0,1.0,106719.0,200000.0,14.0,0,-93281.0
1700.0,,523,184,23.0,21,14.0,1.0,45475.0,200000.0,26.0,1,-154525.0
1701.0,20231128,164,349,3.0,7,4.0,1.0,69064.0,200000.0,2.0,0,-130936.0
1702.0,20210326,548,187,66.0,4,18.0,1.0,105266.0,200000.0,7.0,1,-94734.0
1703.0,20201116,213,279,38.0,8,7.0,1.0,119366.0,200000.0,19.0,1,-80634.0
1704.0,,441,271,19.0,13,12.0,1.0,30614.0,200000.0,23.0,0,-169386.0
1705.0,,712,314,9.0,7,1.0,1.0,87354.0,200000.0,19.0,0,-112646.0
1706.0,,266,50,78.0,10,4.0,1.0,96602.0,200000.0,8.0,0,-103398.0
1707.0,,299,72,42.0,15,20.0,1.0,71159.0,200000.0,30.0,1,-128841.0
1708.0,20200403,650,211,13.0,30,6.0,1.0,81329.0,200000.0,24.0,0,-118671.0
1709.0,20201120,628,218,21.0,26,7.0,1.0,60183.0,200000.0,24.0,0,-139817.0
1710.0,,477,19,6.0,10,17.0,1.0,53112.0,200000.0,1.0,0,-146888.0
1711.0,,505,437,29.0,21,1.0,1.0,110481.0,200000.0,8.0,0,-89519.0
1712.0,20200116,705,222,59.0,18,15.0,1.0,95412.0,200000.0,13.0,0,-104588.0
1713.0,20220519,405,409,2.0,29,8.0,1.0,40822.0,200000.0,26.0,1,-159178.0
1714.0,,405,257,53.0,21,7.0,1.0,33011.0,200000.0,10.0,0,-166989.0
1715.0,,515,488,25.0,14,20.0,1.0,99628.0,200000.0,12.0,0,-100372.0
1716.0,,52,492,65.0,1,19.0,1.0,43592.0,200000.0,28.0,1,-156408.0
1717.0,,704,55,79.0,10,6.0,1.0,57224.0,200000.0,28.0,0,-142776.0
1718.0,,492,113,67.0,3,8.0,1.0,96564.0,200000.0,26.0,0,-103436.0
1719.0,,298,475,65.0,9,15.0,1.0,45088.0,200000.0,4.0,1,-154912.0
1720.0,20241114,303,233,68.0,30,6.0,1.0,76043.0,200000.0,23.0,1,-123957.0
1721.0,,43,152,75.0,28,2.0,1.0,106953.0,200000.0,10.0,0,-93047.0
1722.0,,671,125,45.0,7,14.0,1.0,97612.0,200000.0,20.0,0,-102388.0
1723.0,,558,19,6.0,5,1.0,1.0,116324.0,200000.0,4.0,1,-83676.0
1724.0,20230523,499,390,6.0,3,14.0,1.0,48702.0,200000.0,30.0,0,-151298.0
1725.0,20210222,201,122,78.0,23,12.0,1.0,36582.0,200000.0,15.0,0,-163418.0
1726.0,,268,177,71.0,10,8.0,1.0,118139.0,200000.0,13.0,0,-81861.0
1727.0,,747,180,35.0,16,11.0,1.0,110686.0,200000.0,21.0,0,-89314.0
1728.0,,741,272,1.0,25,8.0,1.0,39676.0,200000.0,5.0,1,-160324.0
1729.0,,521,465,55.0,5,19.0,1.0,33052.0,200000.0,17.0,1,-166948.0
1730.0,20240914,711,116,74.0,6,7.0,1.0,104819.0,200000.0,7.0,0,-95181.0
1731.0,,673,327,43.0,12,13.0,1.0,31497.0,200000.0,25.0,0,-168503.0
1732.0,20221123,100,317,79.0,19,19.0,1.0,58327.0,200000.0,15.0,1,-141673.0
1733.0,,376,96,15.0,1,17.0,1.0,49686.0,200000.0,2.0,0,-150314.0
1734.0,,169,90,41.0,17,8.0,1.0,50499.0,200000.0,23.0,0,-149501.0
1735.0,20230710,669,1,27.0,10,2.0,1.0,107459.0,200000.0,0.0,0,-92541.0
1736.0,,267,99,20.0,19,10.0,1.0,106306.0,200000.0,19.0,0,-93694.0
1737.0,20220910,705,44,54.0,13,15.0,1.0,113506.0,200000.0,27.0,1,-86494.0
1738.0,,279,427,70.0,23,3.0,1.0,93703.0,200000.0,27.0,1,-106297.0
1739.0,,227,87,18.0,15,20.0,1.0,49547.0,200000.0,28.0,0,-150453.0
1740.0,,687,410,64.0,23,20.0,1.0,36907.0,200000.0,17.0,0,-163093.0
1741.0,20241101,559,100,24.0,4,18.0,1.0,93054.0,200000.0,30.0,0,-106946.0
1742.0,20221006,424,385,77.0,12,8.0,1.0,75075.0,200000.0,22.0,1,-124925.0
1743.0,,183,291,37.0,5,11.0,1.0,78591.0,200000.0,0.0,0,-121409.0
1744.0,,205,339,78.0,16,10.0,1.0,81391.0,200000.0,17.0,0,-118609.0
1745.0,20231118,275,312,59.0,1,8.0,1.0,107522.0,200000.0,29.0,1,-92478.0
1746.0,,323,240,1.0,11,20.0,1.0,53066.0,200000.0,11.0,1,-146934.0
1747.0,20200831,191,438,57.0,11,10.0,1.0,44633.0,200000.0,16.0,0,-155367.0
1748.0,20210127,489,36,23.0,26,8.0,1.0,93285.0,200000.0,15.0,0,-106715.0
1749.0,20220705,659,193,15.0,23,19.0,1.0,63732.0,200000.0,11.0,0,-136268.0
1750.0,,402,403,1.0,27,17.0,1.0,106849.0,200000.0,11.0,1,-93151.0
1751.0,,291,346,66.0,21,2.0,1.0,107500.0,200000.0,25.0,0,-92500.0
1752.0,20200501,600,151,32.0,19,19.0,1.0,38721.0,200000.0,17.0,0,-161279.0
1753.0,,131,295,52.0,23,3.0,1.0,29407.0,200000.0,22.0,1,-170593.0
1754.0,,445,93,53.0,13,7.0,1.0,86233.0,200000.0,9.0,1,-113767.0
1755.0,20230723,430,426,39.0,13,9.0,1.0,92092.0,200000.0,14.0,1,-107908.0
1756.0,,606,477,36.0,15,20.0,1.0,56261.0,200000.0,30.0,1,-143739.0
1757.0,,592,381,24.0,21,11.0,1.0,64542.0,200000.0,15.0,0,-135458.0
1758.0,,732,92,42.0,24,4.0,1.0,48154.0,200000.0,16.0,0,-151846.0
1759.0,,620,245,22.0,20,11.0,1.0,77528.0,200000.0,14.0,1,-122472.0
1760.0,,212,37,16.0,6,19.0,1.0,118829.0,200000.0,3.0,0,-81171.0
1761.0,20240701,180,170,26.0,17,2.0,1.0,81460.0,200000.0,5.0,1,-118540.0
1762.0,,315,341,48.0,14,1.0,1.0,91677.0,200000.0,7.0,1,-108323.0
1763.0,,57,276,22.0,13,19.0,1.0,55844.0,200000.0,1.0,1,-144156.0
1764.0,,649,250,56.0,24,13.0,1.0,52234.0,200000.0,16.0,1,-147766.0
1765.0,,210,245,73.0,7,7.0,1.0,26719.0,200000.0,15.0,0,-173281.0
1766.0,,114,132,13.0,30,2.0,1.0,72321.0,200000.0,14.0,0,-127679.0
1767.0,,453,354,65.0,19,8.0,1.0,45737.0,200000.0,7.0,1,-154263.0
1768.0,,601,409,5.0,18,14.0,1.0,74530.0,200000.0,6.0,1,-125470.0
1769.0,,637,88,25.0,12,16.0,1.0,71314.0,200000.0,23.0,1,-128686.0
1770.0,,797,80,16.0,25,17.0,1.0,70044.0,200000.0,25.0,0,-129956.0
1771.0,,37,336,21.0,6,16.0,1.0,116996.0,200000.0,25.0,0,-83004.0
1772.0,,708,484,17.0,8,11.0,1.0,101867.0,200000.0,8.0,0,-98133.0
1773.0,,423,420,44.0,8,15.0,1.0,31700.0,200000.0,21.0,0,-168300.0
1774.0,,579,315,40.0,6,3.0,1.0,66189.0,200000.0,6.0,1,-133811.0
1775.0,,220,349,78.0,8,16.0,1.0,61309.0,200000.0,16.0,1,-138691.0
1776.0,,214,265,6.0,26,3.0,1.0,25261.0,200000.0,1.0,0,-174739.0
1777.0,,391,484,33.0,13,3.0,1.0,25081.0,200000.0,10.0,1,-174919.0
1778.0,,138,29,4.0,26,11.0,1.0,103918.0,200000.0,23.0,0,-96082.0
1779.0,,372,10,74.0,8,6.0,1.0,76866.0,200000.0,8.0,0,-123134.0
1780.0,20220417,712,245,41.0,2,12.0,1.0,110619.0,200000.0,7.0,0,-89381.0
1781.0,,236,167,32.0,11,14.0,1.0,80229.0,200000.0,24.0,1,-119771.0
1782.0,20231201,227,358,8.0,1,1.0,1.0,50982.0,200000.0,9.0,0,-149018.0
1783.0,20200217,144,163,73.0,20,6.0,1.0,95494.0,200000.0,21.0,0,-104506.0
1784.0,,318,249,13.0,25,7.0,1.0,94330.0,200000.0,29.0,0,-105670.0
1785.0,,646,269,58.0,26,9.0,1.0,111563.0,200000.0,30.0,1,-88437.0
1786.0,,222,309,80.0,5,10.0,1.0,46989.0,200000.0,26.0,0,-153011.0
1787.0,20211127,449,459,11.0,16,16.0,1.0,109947.0,200000.0,12.0,1,-90053.0
1788.0,20200706,93,282,32.0,20,5.0,1.0,57013.0,200000.0,17.0,0,-142987.0
1789.0,,291,76,30.0,3,12.0,1.0,81470.0,200000.0,24.0,0,-118530.0
1790.0,,753,441,48.0,21,20.0,1.0,39885.0,200000.0,25.0,1,-160115.0
1791.0,,356,330,36.0,10,18.0,1.0,57047.0,200000.0,21.0,1,-142953.0
1792.0,20230807,688,230,49.0,12,14.0,1.0,28686.0,200000.0,7.0,1,-171314.0
1793.0,20200612,333,319,44.0,16,8.0,1.0,102745.0,200000.0,8.0,0,-97255.0
1794.0,,334,323,61.0,1,2.0,1.0,113348.0,200000.0,23.0,0,-86652.0
1795.0,,625,189,44.0,30,2.0,1.0,100894.0,200000.0,26.0,1,-99106.0
1796.0,,15,336,31.0,4,18.0,1.0,80171.0,200000.0,21.0,1,-119829.0
1797.0,,540,152,3.0,27,10.0,1.0,86102.0,200000.0,8.0,1,-113898.0
1798.0,20221002,118,180,2.0,29,15.0,1.0,77089.0,200000.0,30.0,1,-122911.0
1799.0,20220824,325,220,58.0,2,9.0,1.0,63403.0,200000.0,21.0,1,-136597.0
1800.0,,472,497,68.0,8,16.0,1.0,33987.0,200000.0,4.0,1,-166013.0
1801.0,,143,333,14.0,22,3.0,1.0,41063.0,200000.0,14.0,1,-158937.0
1802.0,,302,112,4.0,6,15.0,1.0,75606.0,200000.0,3.0,1,-124394.0
1803.0,,307,146,1.0,7,10.0,1.0,107318.0,200000.0,19.0,1,-92682.0
1804.0,,7,46,77.0,12,2.0,1.0,96870.0,200000.0,3.0,0,-103130.0
1805.0,20201017,575,135,40.0,19,15.0,1.0,40963.0,200000.0,17.0,1,-159037.0
1806.0,,146,198,58.0,10,16.0,1.0,59629.0,200000.0,30.0,1,-140371.0
1807.0,20200714,44,271,47.0,23,8.0,1.0,74435.0,200000.0,8.0,0,-125565.0
1808.0,,660,335,6.0,21,19.0,1.0,94892.0,200000.0,17.0,0,-105108.0
1809.0,,342,113,37.0,21,1.0,1.0,115753.0,200000.0,29.0,1,-84247.0
1810.0,,262,206,55.0,16,13.0,1.0,34995.0,200000.0,13.0,0,-165005.0
1811.0,,790,184,77.0,9,18.0,1.0,26311.0,200000.0,22.0,1,-173689.0
1812.0,20201124,530,447,36.0,6,15.0,1.0,67372.0,200000.0,13.0,1,-132628.0
1813.0,,95,85,79.0,8,7.0,1.0,53789.0,200000.0,28.0,0,-146211.0
1814.0,,787,41,76.0,20,12.0,1.0,57855.0,200000.0,11.0,0,-142145.0
1815.0,20210324,213,211,79.0,26,14.0,1.0,73445.0,200000.0,21.0,1,-126555.0
1816.0,20220913,191,232,79.0,1,14.0,1.0,32360.0,200000.0,14.0,1,-167640.0
1817.0,,125,124,62.0,4,14.0,1.0,117644.0,200000.0,15.0,0,-82356.0
1818.0,20210326,792,263,41.0,18,9.0,1.0,31616.0,200000.0,19.0,0,-168384.0
1819.0,,702,178,52.0,26,20.0,1.0,91205.0,200000.0,19.0,0,-108795.0
1820.0,,46,166,31.0,16,7.0,1.0,60388.0,200000.0,20.0,0,-139612.0
1821.0,20210306,672,125,42.0,1,3.0,1.0,110887.0,200000.0,24.0,1,-89113.0
1822.0,20200206,353,162,20.0,24,16.0,1.0,27383.0,200000.0,13.0,1,-172617.0
1823.0,20211106,579,357,46.0,14,8.0,1.0,91209.0,200000.0,26.0,1,-108791.0
1824.0,,179,321,36.0,15,19.0,1.0,109767.0,200000.0,19.0,1,-90233.0
1825.0,,327,7,3.0,17,13.0,1.0,56304.0,200000.0,8.0,1,-143696.0
1826.0,,587,4,28.0,28,18.0,1.0,68420.0,200000.0,28.0,0,-131580.0
1827.0,,85,139,16.0,8,6.0,1.0,87854.0,200000.0,27.0,0,-112146.0
1828.0,20240114,238,352,9.0,30,19.0,1.0,48522.0,200000.0,23.0,1,-151478.0
1829.0,,525,215,33.0,18,10.0,1.0,115493.0,200000.0,16.0,0,-84507.0
1830.0,,33,316,3.0,28,17.0,1.0,69919.0,200000.0,15.0,1,-130081.0
1831.0,,224,419,14.0,2,15.0,1.0,26810.0,200000.0,28.0,0,-173190.0
1832.0,,674,61,5.0,15,20.0,1.0,90775.0,200000.0,20.0,1,-109225.0
1833.0,20240914,6,155,44.0,20,1.0,1.0,104609.0,200000.0,17.0,0,-95391.0
1834.0,,698,391,32.0,21,1.0,1.0,101709.0,200000.0,12.0,1,-98291.0
1835.0,,523,441,70.0,13,1.0,1.0,113382.0,200000.0,19.0,0,-86618.0
1836.0,,526,252,54.0,13,9.0,1.0,25769.0,200000.0,9.0,1,-174231.0
1837.0,20220707,97,187,25.0,2,16.0,1.0,39256.0,200000.0,5.0,0,-160744.0
1838.0,20200522,737,199,24.0,29,4.0,1.0,84233.0,200000.0,12.0,1,-115767.0
1839.0,20220425,434,123,55.0,19,3.0,1.0,32537.0,200000.0,8.0,0,-167463.0
1840.0,,84,106,76.0,15,8.0,1.0,27079.0,200000.0,28.0,0,-172921.0
1841.0,20220912,296,19,17.0,18,11.0,1.0,65076.0,200000.0,22.0,0,-134924.0
1842.0,,609,303,9.0,29,13.0,1.0,98075.0,200000.0,16.0,1,-101925.0
1843.0,,591,438,44.0,22,14.0,1.0,52991.0,200000.0,1.0,1,-147009.0
1844.0,20200717,486,345,26.0,10,15.0,1.0,62746.0,200000.0,0.0,1,-137254.0
1845.0,,494,313,39.0,15,14.0,1.0,97191.0,200000.0,10.0,0,-102809.0
1846.0,20210419,298,257,49.0,26,10.0,1.0,43997.0,200000.0,3.0,1,-156003.0
1847.0,,87,264,35.0,25,8.0,1.0,45684.0,200000.0,17.0,1,-154316.0
1848.0,,31,176,38.0,3,7.0,1.0,94282.0,200000.0,13.0,1,-105718.0
1849.0,,576,62,52.0,12,9.0,1.0,76858.0,200000.0,4.0,1,-123142.0
1850.0,20200612,724,297,9.0,9,18.0,1.0,92975.0,200000.0,16.0,0,-107025.0
1851.0,,148,36,58.0,7,18.0,1.0,43814.0,200000.0,9.0,1,-156186.0
1852.0,,496,65,18.0,13,19.0,1.0,28078.0,200000.0,27.0,1,-171922.0
1853.0,20211020,161,408,5.0,10,2.0,1.0,102143.0,200000.0,3.0,0,-97857.0
1854.0,,638,15,15.0,14,4.0,1.0,93076.0,200000.0,7.0,0,-106924.0
1855.0,20240303,547,172,36.0,20,3.0,1.0,109722.0,200000.0,24.0,1,-90278.0
1856.0,,275,497,76.0,27,13.0,1.0,117242.0,200000.0,29.0,1,-82758.0
1857.0,,178,104,63.0,13,11.0,1.0,74810.0,200000.0,1.0,0,-125190.0
1858.0,20200214,40,40,20.0,27,18.0,1.0,61250.0,200000.0,16.0,0,-138750.0
1859.0,20231216,308,185,35.0,25,11.0,1.0,39073.0,200000.0,28.0,1,-160927.0
1860.0,,664,72,67.0,5,16.0,1.0,64110.0,200000.0,25.0,0,-135890.0
1861.0,20210429,229,72,5.0,20,18.0,1.0,115384.0,200000.0,6.0,1,-84616.0
1862.0,,215,377,73.0,2,7.0,1.0,69095.0,200000.0,29.0,0,-130905.0
1863.0,,393,127,9.0,7,3.0,1.0,104038.0,200000.0,9.0,0,-95962.0
1864.0,20201204,238,196,56.0,2,3.0,1.0,57095.0,200000.0,26.0,0,-142905.0
1865.0,20210127,603,146,67.0,2,13.0,1.0,77016.0,200000.0,27.0,1,-122984.0
1866.0,,238,242,4.0,14,10.0,1.0,38530.0,200000.0,11.0,1,-161470.0
1867.0,20200406,781,416,42.0,30,3.0,1.0,95597.0,200000.0,29.0,1,-104403.0
1868.0,20220517,470,29,7.0,18,16.0,1.0,32551.0,200000.0,18.0,0,-167449.0
1869.0,,160,437,50.0,8,11.0,1.0,107119.0,200000.0,29.0,1,-92881.0
1870.0,,205,340,59.0,24,19.0,1.0,85991.0,200000.0,11.0,1,-114009.0
1871.0,,630,404,73.0,20,8.0,1.0,33950.0,200000.0,12.0,0,-166050.0
1872.0,,671,312,24.0,22,11.0,1.0,74258.0,200000.0,30.0,1,-125742.0
1873.0,,648,197,39.0,16,7.0,1.0,78447.0,200000.0,19.0,1,-121553.0
1874.0,,53,211,69.0,27,6.0,1.0,75374.0,200000.0,17.0,0,-124626.0
1875.0,,380,59,34.0,15,1.0,1.0,54090.0,200000.0,14.0,0,-145910.0
1876.0,20240914,231,386,45.0,16,7.0,1.0,84668.0,200000.0,11.0,0,-115332.0
1877.0,20211224,496,239,22.0,13,10.0,1.0,40499.0,200000.0,11.0,0,-159501.0
1878.0,20211121,223,205,45.0,8,2.0,1.0,25918.0,200000.0,21.0,0,-174082.0
1879.0,20200612,336,92,52.0,6,15.0,1.0,31771.0,200000.0,4.0,1,-168229.0
1880.0,20241226,363,461,26.0,28,7.0,1.0,69793.0,200000.0,18.0,1,-130207.0
1881.0,20220725,367,218,10.0,19,11.0,1.0,97290.0,200000.0,10.0,0,-102710.0
1882.0,20210429,143,245,50.0,25,16.0,1.0,93058.0,200000.0,27.0,0,-106942.0
1883.0,,448,405,74.0,25,19.0,1.0,107965.0,200000.0,13.0,0,-92035.0
1884.0,,137,92,45.0,23,12.0,1.0,40916.0,200000.0,24.0,1,-159084.0
1885.0,,692,232,49.0,17,7.0,1.0,48952.0,200000.0,23.0,0,-151048.0
1886.0,,370,213,51.0,24,3.0,1.0,68088.0,200000.0,14.0,1,-131912.0
1887.0,20200722,311,1,68.0,20,17.0,1.0,25514.0,200000.0,7.0,1,-174486.0
1888.0,,299,291,47.0,26,4.0,1.0,101306.0,200000.0,22.0,0,-98694.0
1889.0,,350,63,67.0,23,7.0,1.0,47364.0,200000.0,18.0,0,-152636.0
1890.0,20211127,662,429,47.0,19,7.0,1.0,76281.0,200000.0,25.0,0,-123719.0
1891.0,20231114,438,349,22.0,2,8.0,1.0,29570.0,200000.0,1.0,1,-170430.0
1892.0,20220715,274,63,36.0,19,18.0,1.0,32213.0,200000.0,3.0,0,-167787.0
1893.0,,333,381,34.0,7,10.0,1.0,39165.0,200000.0,2.0,0,-160835.0
1894.0,,627,24,28.0,5,11.0,1.0,48181.0,200000.0,29.0,0,-151819.0
1895.0,20200706,538,144,79.0,20,15.0,1.0,25999.0,200000.0,11.0,0,-174001.0
1896.0,,618,316,37.0,4,18.0,1.0,78994.0,200000.0,16.0,0,-121006.0
1897.0,,374,96,3.0,15,8.0,1.0,63444.0,200000.0,24.0,1,-136556.0
1898.0,,610,64,23.0,6,6.0,1.0,112369.0,200000.0,18.0,1,-87631.0
1899.0,,558,152,11.0,23,11.0,1.0,55498.0,200000.0,21.0,1,-144502.0
1900.0,20201122,786,418,77.0,9,20.0,1.0,38682.0,200000.0,2.0,0,-161318.0
1901.0,,711,190,75.0,21,16.0,1.0,50369.0,200000.0,29.0,1,-149631.0
1902.0,,210,216,17.0,28,6.0,1.0,87798.0,200000.0,4.0,1,-112202.0
1903.0,,137,495,23.0,13,8.0,1.0,62629.0,200000.0,28.0,1,-137371.0
1904.0,,583,3,17.0,10,19.0,1.0,88672.0,200000.0,28.0,1,-111328.0
1905.0,,119,358,30.0,18,12.0,1.0,79803.0,200000.0,26.0,0,-120197.0
1906.0,20220906,351,120,34.0,12,7.0,1.0,90392.0,200000.0,5.0,0,-109608.0
1907.0,,148,42,76.0,30,5.0,1.0,43386.0,200000.0,0.0,0,-156614.0
1908.0,,744,92,55.0,27,9.0,1.0,82967.0,200000.0,30.0,1,-117033.0
1909.0,,595,285,74.0,20,19.0,1.0,84160.0,200000.0,18.0,1,-115840.0
1910.0,20201020,146,95,5.0,7,11.0,1.0,57672.0,200000.0,6.0,1,-142328.0
1911.0,20241123,609,411,28.0,4,19.0,1.0,40384.0,200000.0,1.0,0,-159616.0
1912.0,,567,75,54.0,30,8.0,1.0,105426.0,200000.0,12.0,1,-94574.0
1913.0,20230926,556,98,65.0,22,7.0,1.0,35884.0,200000.0,21.0,0,-164116.0
1914.0,20241009,761,429,4.0,13,1.0,1.0,80407.0,200000.0,16.0,1,-119593.0
1915.0,,548,425,36.0,29,3.0,1.0,97118.0,200000.0,27.0,1,-102882.0
1916.0,,787,178,29.0,27,14.0,1.0,34120.0,200000.0,29.0,0,-165880.0
1917.0,,131,209,38.0,9,7.0,1.0,65630.0,200000.0,27.0,1,-134370.0
1918.0,,657,35,55.0,30,17.0,1.0,26437.0,200000.0,23.0,1,-173563.0
1919.0,,337,92,32.0,25,1.0,1.0,62591.0,200000.0,23.0,0,-137409.0
1920.0,,737,57,25.0,9,4.0,1.0,44643.0,200000.0,3.0,1,-155357.0
1921.0,20240703,340,480,46.0,29,5.0,1.0,34281.0,200000.0,25.0,1,-165719.0
1922.0,,745,374,49.0,27,2.0,1.0,27662.0,200000.0,29.0,0,-172338.0
1923.0,,633,461,50.0,6,18.0,1.0,105477.0,200000.0,10.0,1,-94523.0
1924.0,,369,350,6.0,26,19.0,1.0,75908.0,200000.0,1.0,0,-124092.0
1925.0,,243,494,6.0,21,4.0,1.0,96754.0,200000.0,30.0,0,-103246.0
1926.0,20220324,702,89,42.0,1,11.0,1.0,89797.0,200000.0,16.0,0,-110203.0
1927.0,,615,73,27.0,13,14.0,1.0,53501.0,200000.0,15.0,0,-146499.0
1928.0,20200529,502,137,57.0,23,9.0,1.0,25618.0,200000.0,21.0,0,-174382.0
1929.0,,237,85,42.0,11,16.0,1.0,110487.0,200000.0,19.0,1,-89513.0
1930.0,20221111,420,75,19.0,15,18.0,1.0,50530.0,200000.0,15.0,1,-149470.0
1931.0,,459,274,8.0,1,15.0,1.0,78487.0,200000.0,16.0,0,-121513.0
1932.0,20211103,768,353,15.0,8,1.0,1.0,114635.0,200000.0,0.0,0,-85365.0
1933.0,,113,303,32.0,22,2.0,1.0,79952.0,200000.0,16.0,0,-120048.0
1934.0,20240410,234,52,73.0,22,12.0,1.0,58587.0,200000.0,5.0,0,-141413.0
1935.0,20200409,657,341,54.0,13,7.0,1.0,37773.0,200000.0,6.0,1,-162227.0
1936.0,20211014,404,189,46.0,16,14.0,1.0,90811.0,200000.0,28.0,1,-109189.0
1937.0,,405,119,75.0,4,5.0,1.0,103792.0,200000.0,17.0,0,-96208.0
1938.0,,482,476,34.0,21,19.0,1.0,39994.0,200000.0,21.0,1,-160006.0
1939.0,20201021,198,330,76.0,8,4.0,1.0,75746.0,200000.0,19.0,1,-124254.0
1940.0,20220805,268,292,3.0,9,4.0,1.0,98461.0,200000.0,1.0,0,-101539.0
1941.0,,407,388,72.0,12,17.0,1.0,105843.0,200000.0,14.0,0,-94157.0
1942.0,20220302,22,470,26.0,28,15.0,1.0,112070.0,200000.0,28.0,1,-87930.0
1943.0,,641,267,9.0,12,3.0,1.0,73245.0,200000.0,17.0,0,-126755.0
1944.0,,111,226,68.0,2,15.0,1.0,41526.0,200000.0,23.0,0,-158474.0
1945.0,,563,6,58.0,22,18.0,1.0,111085.0,200000.0,24.0,1,-88915.0
1946.0,,689,92,64.0,4,9.0,1.0,62158.0,200000.0,20.0,1,-137842.0
1947.0,,528,183,25.0,5,3.0,1.0,111729.0,200000.0,16.0,1,-88271.0
1948.0,20220909,679,128,14.0,10,9.0,1.0,33595.0,200000.0,7.0,1,-166405.0
1949.0,,308,312,45.0,22,19.0,1.0,40541.0,200000.0,8.0,0,-159459.0
1950.0,,348,276,78.0,2,11.0,1.0,71216.0,200000.0,22.0,0,-128784.0
1951.0,,409,131,37.0,4,9.0,1.0,82989.0,200000.0,22.0,0,-117011.0
1952.0,,525,325,76.0,22,17.0,1.0,91259.0,200000.0,20.0,1,-108741.0
1953.0,20200808,125,336,49.0,21,10.0,1.0,35044.0,200000.0,21.0,1,-164956.0
1954.0,,723,282,28.0,12,7.0,1.0,114635.0,200000.0,12.0,0,-85365.0
1955.0,,450,223,30.0,8,17.0,1.0,56867.0,200000.0,6.0,0,-143133.0
1956.0,,599,306,35.0,20,12.0,1.0,87219.0,200000.0,9.0,1,-112781.0
1957.0,,504,453,49.0,23,16.0,1.0,91772.0,200000.0,30.0,1,-108228.0
1958.0,,321,363,1.0,25,18.0,1.0,49782.0,200000.0,13.0,1,-150218.0
1959.0,20211028,581,301,73.0,3,1.0,1.0,45619.0,200000.0,17.0,0,-154381.0
1960.0,20220522,307,475,4.0,19,13.0,1.0,104219.0,200000.0,7.0,0,-95781.0
1961.0,20220407,86,77,57.0,24,11.0,1.0,95506.0,200000.0,24.0,1,-104494.0
1962.0,,736,317,38.0,18,14.0,1.0,39265.0,200000.0,1.0,0,-160735.0
1963.0,,63,19,43.0,4,14.0,1.0,119811.0,200000.0,22.0,0,-80189.0
1964.0,,220,88,41.0,3,9.0,1.0,72834.0,200000.0,18.0,0,-127166.0
1965.0,,177,366,75.0,14,6.0,1.0,45460.0,200000.0,21.0,1,-154540.0
1966.0,,284,5,10.0,19,17.0,1.0,75274.0,200000.0,19.0,1,-124726.0
1967.0,,70,170,27.0,11,5.0,1.0,48656.0,200000.0,9.0,0,-151344.0
1968.0,,503,97,61.0,4,14.0,1.0,96321.0,200000.0,19.0,0,-103679.0
1969.0,,496,134,40.0,9,15.0,1.0,70607.0,200000.0,5.0,1,-129393.0
1970.0,,700,299,19.0,12,20.0,1.0,116800.0,200000.0,1.0,0,-83200.0
1971.0,,534,258,29.0,30,3.0,1.0,74916.0,200000.0,11.0,1,-125084.0
1972.0,20240604,44,323,28.0,9,3.0,1.0,29638.0,200000.0,12.0,1,-170362.0
1973.0,20240114,722,352,54.0,2,11.0,1.0,116747.0,200000.0,11.0,0,-83253.0
1974.0,,428,46,14.0,15,10.0,1.0,42188.0,200000.0,16.0,0,-157812.0
1975.0,,703,190,36.0,14,19.0,1.0,45161.0,200000.0,15.0,0,-154839.0
1976.0,20211201,645,192,53.0,4,6.0,1.0,38746.0,200000.0,15.0,1,-161254.0
1977.0,20221110,400,216,66.0,25,16.0,1.0,105891.0,200000.0,0.0,1,-94109.0
1978.0,,697,388,43.0,22,19.0,1.0,80082.0,200000.0,16.0,1,-119918.0
1979.0,20200611,364,132,61.0,28,15.0,1.0,26592.0,200000.0,11.0,1,-173408.0
1980.0,20230926,156,440,15.0,13,14.0,1.0,38907.0,200000.0,5.0,1,-161093.0
1981.0,20230906,782,433,56.0,15,5.0,1.0,39417.0,200000.0,18.0,0,-160583.0
1982.0,,21,414,62.0,20,18.0,1.0,70910.0,200000.0,18.0,1,-129090.0
1983.0,,75,362,57.0,26,3.0,1.0,98667.0,200000.0,9.0,1,-101333.0
1984.0,,118,119,59.0,7,6.0,1.0,117112.0,200000.0,1.0,0,-82888.0
1985.0,,1,384,43.0,13,8.0,1.0,75908.0,200000.0,17.0,0,-124092.0
1986.0,,551,313,27.0,19,8.0,1.0,101873.0,200000.0,19.0,1,-98127.0
1987.0,20230908,346,114,26.0,1,5.0,1.0,37344.0,200000.0,4.0,0,-162656.0
1988.0,,53,302,70.0,24,8.0,1.0,105685.0,200000.0,22.0,1,-94315.0
1989.0,,604,272,80.0,16,6.0,1.0,67754.0,200000.0,30.0,1,-132246.0
1990.0,20240103,574,309,54.0,10,11.0,1.0,85622.0,200000.0,1.0,1,-114378.0
1991.0,20230930,50,115,11.0,24,5.0,1.0,77978.0,200000.0,4.0,1,-122022.0
1992.0,,681,414,32.0,5,12.0,1.0,83110.0,200000.0,11.0,1,-116890.0
1993.0,,746,246,15.0,5,18.0,1.0,79452.0,200000.0,15.0,0,-120548.0
1994.0,,126,376,20.0,17,7.0,1.0,52240.0,200000.0,16.0,0,-147760.0
1995.0,,271,165,43.0,21,10.0,1.0,70162.0,200000.0,30.0,0,-129838.0
1996.0,20200611,98,48,73.0,26,5.0,1.0,25871.0,200000.0,12.0,0,-174129.0
1997.0,,268,160,7.0,8,9.0,1.0,96157.0,200000.0,26.0,1,-103843.0
1998.0,20200603,253,260,57.0,11,15.0,1.0,28909.0,200000.0,24.0,0,-171091.0
1999.0,,332,217,19.0,20,16.0,1.0,30699.0,200000.0,30.0,1,-169301.0
2000.0,,33,494,29.0,29,15.0,1.0,50876.0,200000.0,18.0,0,-149124.0
