id_venta,id_tiempo,id_cliente,id_vehiculo,id_vendedor,id_sucursal,id_tipo_pago,cantidad,precio_venta,costo_vehiculo,descuento,precio_neto,margen_ganancia,financiado,comision_vendedor
1272.0,,331,592,29.0,32,10.0,1.0,39381.0,35901.0,33.0,26385.269999999997,3480.0,1,475.11
68.0,,293,61,83.0,25,8.0,1.0,78910.0,63933.0,19.0,63917.100000000006,14977.0,0,1769.31
1949.0,,280,257,84.0,10,1.0,1.0,135285.0,114790.0,10.0,121756.5,20495.0,1,3205.53
663.0,,819,202,70.0,7,1.0,1.0,1000.0,39047.0,25.0,750.0,-38047.0,0,1079.56
1442.0,20230727.0,25,192,87.0,20,1.0,1.0,35973.0,27115.0,2.0,35253.54,8858.0,0,1039.46
668.0,,868,423,66.0,6,9.0,1.0,1000.0,84820.0,28.0,720.0,-83820.0,0,3430.28
1488.0,,302,27,39.0,1,4.0,1.0,152781.0,116247.0,22.0,119169.18000000001,36534.0,0,4643.67
1540.0,,372,440,99.0,27,7.0,1.0,50866.0,36557.0,11.0,45270.74,14309.0,0,757.08
1338.0,,132,221,30.0,1,3.0,1.0,155540.0,119276.0,21.0,122876.6,36264.0,1,3706.68
213.0,,543,450,55.0,2,12.0,1.0,43537.0,39255.0,15.0,37006.45,4282.0,1,965.71
991.0,,121,123,64.0,30,8.0,1.0,58734.0,52560.0,4.0,56384.64,6174.0,1,772.46
1453.0,,630,563,72.0,5,19.0,1.0,1000.0,109593.0,28.0,720.0,-108593.0,0,4222.37
1862.0,,769,180,27.0,13,15.0,1.0,28851.0,26934.0,17.0,23946.329999999998,1917.0,1,
326.0,20220812.0,896,228,20.0,7,18.0,1.0,35625.0,27484.0,14.0,30637.5,8141.0,0,605.51
774.0,,828,173,67.0,18,14.0,1.0,86750.0,63996.0,24.0,65930.0,22754.0,1,1627.72
562.0,20230306.0,18,161,48.0,31,18.0,1.0,21372.0,16456.0,6.0,20089.68,4916.0,1,513.72
665.0,20200614.0,63,32,98.0,28,2.0,1.0,1000.0,101286.0,22.0,780.0,-100286.0,1,3064.61
1835.0,,45,347,56.0,10,12.0,1.0,159399.0,114910.0,15.0,135489.15,44489.0,0,3585.38
204.0,,184,89,20.0,27,19.0,1.0,,102855.0,11.0,,,1,2298.72
1002.0,,65,295,79.0,31,2.0,1.0,47534.0,34082.0,35.0,30897.100000000002,13452.0,0,1598.66
1677.0,,688,106,75.0,16,15.0,1.0,26845.0,24106.0,10.0,24160.5,2739.0,1,879.09
1994.0,,1,425,13.0,35,3.0,1.0,42471.0,31300.0,8.0,39073.32,11171.0,0,1340.29
882.0,,777,72,29.0,10,7.0,1.0,48326.0,38940.0,25.0,36244.5,9386.0,0,900.78
593.0,,145,158,29.0,1,18.0,1.0,142324.0,115147.0,12.0,125245.12,27177.0,0,3056.74
181.0,,205,68,19.0,4,7.0,1.0,,89238.0,24.0,,,0,2673.53
113.0,,183,510,63.0,34,16.0,1.0,81539.0,77370.0,16.0,68492.76,4169.0,0,1995.68
515.0,,630,249,22.0,10,19.0,1.0,1000.0,84955.0,3.0,970.0,-83955.0,0,
1681.0,,88,343,63.0,17,16.0,1.0,137923.0,108307.0,32.0,93787.63999999998,29616.0,1,2258.36
314.0,,786,2,51.0,34,10.0,1.0,125242.0,99343.0,5.0,118979.9,25899.0,1,1542.09
1686.0,20211215.0,463,564,62.0,22,2.0,1.0,78703.0,62632.0,31.0,54305.06999999999,16071.0,0,2256.96
693.0,,542,246,88.0,25,15.0,1.0,75346.0,70960.0,3.0,73085.62,4386.0,0,
1533.0,,187,296,67.0,3,9.0,1.0,41694.0,39383.0,30.0,29185.8,2311.0,1,1444.07
1124.0,,549,349,84.0,3,3.0,1.0,127866.0,113125.0,0.0,127866.0,14741.0,0,2364.21
1828.0,,738,286,76.0,5,3.0,1.0,38076.0,28915.0,13.0,33126.12,9161.0,0,383.86
647.0,,853,347,39.0,3,10.0,1.0,103129.0,82661.0,21.0,81471.91,20468.0,1,2842.54
1541.0,,374,407,80.0,33,8.0,1.0,53229.0,44078.0,22.0,41518.62,9151.0,1,1217.41
1720.0,20240128.0,711,453,29.0,26,8.0,1.0,1000.0,19627.0,12.0,880.0,-18627.0,0,639.23
1599.0,,654,197,53.0,5,16.0,1.0,80129.0,59476.0,4.0,76923.84,20653.0,0,2711.49
1758.0,,494,528,73.0,4,15.0,1.0,83606.0,75918.0,25.0,62704.5,7688.0,1,2660.3
1456.0,,623,324,12.0,28,19.0,1.0,1000.0,81989.0,3.0,970.0,-80989.0,1,1419.31
1198.0,,552,282,64.0,23,11.0,1.0,100880.0,84205.0,8.0,92809.6,16675.0,1,2127.13
162.0,20210216.0,301,103,65.0,6,6.0,1.0,115858.0,87442.0,12.0,101955.04,28416.0,1,2520.92
941.0,,299,256,93.0,1,9.0,1.0,107136.0,96217.0,11.0,95351.04000000001,10919.0,1,2243.2
954.0,,382,338,49.0,33,14.0,1.0,28083.0,20533.0,5.0,26678.85,7550.0,0,434.47
1602.0,,539,510,19.0,12,7.0,1.0,54066.0,38667.0,19.0,43793.46000000001,15399.0,1,865.28
857.0,,461,201,71.0,11,17.0,1.0,1000.0,54337.0,20.0,800.0,-53337.0,1,2151.05
528.0,,18,170,32.0,1,9.0,1.0,35555.0,28094.0,25.0,26666.25,7461.0,0,387.32
827.0,,828,479,55.0,12,12.0,1.0,1000.0,53183.0,2.0,980.0,-52183.0,0,873.47
911.0,,859,542,9.0,6,1.0,1.0,122795.0,106425.0,8.0,112971.40000000001,16370.0,1,3181.38
379.0,20240301.0,144,387,10.0,20,12.0,1.0,20424.0,17310.0,5.0,19402.8,3114.0,0,208.64
1481.0,,591,223,80.0,5,3.0,1.0,20393.0,19117.0,23.0,15702.61,1276.0,1,292.27
1178.0,,811,157,45.0,1,13.0,1.0,139818.0,104757.0,15.0,118845.3,35061.0,0,3432.21
1818.0,20200426.0,312,488,1.0,15,1.0,1.0,26869.0,24472.0,8.0,24719.48,2397.0,0,
1701.0,,662,165,33.0,24,16.0,1.0,111083.0,80695.0,22.0,86644.74,30388.0,0,1771.75
1208.0,,75,50,97.0,19,7.0,0.0,144842.0,119581.0,0.0,144842.0,25261.0,1,2836.65
664.0,,750,128,42.0,27,4.0,1.0,22874.0,20513.0,17.0,18985.42,2361.0,1,570.4
1256.0,,425,560,6.0,15,5.0,1.0,95496.0,73091.0,23.0,73531.92,22405.0,0,2478.81
444.0,,67,140,38.0,26,16.0,1.0,,35023.0,27.0,,,1,1071.16
100.0,,709,109,53.0,10,10.0,1.0,116559.0,95277.0,17.0,96743.97,21282.0,0,2188.4
1826.0,,33,466,79.0,3,13.0,1.0,57107.0,47719.0,21.0,45114.53,9388.0,0,1419.48
995.0,,142,564,47.0,18,19.0,1.0,112378.0,88631.0,28.0,80912.16,23747.0,1,952.12
419.0,,790,348,5.0,7,12.0,1.0,39430.0,36653.0,20.0,31544.0,2777.0,0,865.11
311.0,,36,569,5.0,34,4.0,0.0,92062.0,83265.0,30.0,64443.399999999994,8797.0,0,1574.13
123.0,,820,483,6.0,23,13.0,1.0,22059.0,16380.0,11.0,19632.510000000002,5679.0,0,252.18
1636.0,20210206.0,382,484,14.0,23,2.0,1.0,56987.0,43860.0,31.0,39321.03,13127.0,1,1328.12
855.0,,278,221,12.0,2,6.0,1.0,1000.0,119682.0,12.0,880.0,-118682.0,0,1460.32
138.0,,141,161,24.0,18,15.0,1.0,140684.0,103646.0,34.0,92851.43999999999,37038.0,1,4914.87
1026.0,,517,507,14.0,20,13.0,1.0,147696.0,110326.0,7.0,137357.28,37370.0,1,4225.47
1182.0,,483,251,74.0,15,15.0,1.0,45560.0,33144.0,32.0,30980.799999999996,12416.0,1,984.33
1380.0,20220521.0,741,95,68.0,28,17.0,1.0,44442.0,36291.0,17.0,36886.86,8151.0,1,701.94
434.0,,154,84,38.0,27,19.0,1.0,88849.0,76926.0,3.0,86183.53,11923.0,0,1894.18
1141.0,,767,73,11.0,34,1.0,1.0,27288.0,20928.0,11.0,24286.32,6360.0,0,231.29
1987.0,,859,343,67.0,34,17.0,1.0,1000.0,87698.0,19.0,810.0,-86698.0,0,2943.6
1140.0,20241217.0,819,58,25.0,2,15.0,1.0,137173.0,114893.0,7.0,127570.88999999998,22280.0,0,3457.69
164.0,,26,386,29.0,8,2.0,1.0,25254.0,23521.0,22.0,19698.12,1733.0,0,593.11
269.0,,605,382,54.0,30,14.0,1.0,39825.0,37897.0,28.0,28674.0,1928.0,1,1351.67
1709.0,,654,577,93.0,20,20.0,1.0,1000.0,55359.0,35.0,650.0,-54359.0,1,1510.07
1393.0,,19,562,62.0,28,20.0,1.0,133141.0,98316.0,0.0,133141.0,34825.0,1,2626.57
403.0,,660,273,100.0,4,10.0,1.0,128961.0,104840.0,25.0,96720.75,24121.0,1,
1427.0,,892,453,66.0,11,12.0,1.0,,26873.0,23.0,,,1,430.29
1254.0,,887,400,31.0,6,3.0,0.0,77908.0,60861.0,8.0,71675.36,17047.0,0,1302.58
397.0,,884,531,27.0,7,14.0,1.0,128533.0,96135.0,0.0,128533.0,32398.0,0,3458.06
907.0,,275,169,71.0,26,3.0,1.0,43743.0,37570.0,23.0,33682.11,6173.0,1,
16.0,,848,282,100.0,28,3.0,1.0,1000.0,31230.0,32.0,679.9999999999999,-30230.0,1,714.41
1322.0,,725,175,87.0,6,16.0,1.0,27900.0,23278.0,21.0,22041.0,4622.0,0,595.82
1366.0,,190,31,75.0,21,15.0,1.0,124081.0,109889.0,10.0,111672.90000000001,14192.0,1,1002.76
1242.0,,23,117,17.0,9,9.0,1.0,1000.0,53430.0,30.0,700.0,-52430.0,0,
481.0,,321,401,57.0,8,9.0,1.0,59023.0,50676.0,0.0,59023.0,8347.0,1,1118.07
82.0,20200904.0,337,239,76.0,13,1.0,1.0,,106080.0,27.0,,,1,4140.94
1259.0,,410,268,25.0,27,4.0,1.0,163595.0,118020.0,19.0,132511.95,45575.0,1,
1401.0,,282,510,60.0,23,16.0,1.0,143271.0,106988.0,26.0,106020.54,36283.0,0,4902.7
396.0,,144,227,45.0,13,18.0,1.0,143461.0,104782.0,28.0,103291.92,38679.0,0,3749.38
1569.0,,504,92,80.0,33,6.0,1.0,56424.0,44218.0,13.0,49088.88,12206.0,0,1314.53
1260.0,20201016.0,217,502,19.0,29,8.0,1.0,130871.0,102997.0,22.0,102079.38,27874.0,0,4130.13
433.0,,74,414,4.0,31,13.0,1.0,86279.0,62950.0,0.0,86279.0,23329.0,0,756.83
1874.0,,416,557,57.0,12,18.0,1.0,99880.0,79894.0,27.0,72912.4,19986.0,1,1856.78
216.0,,890,402,11.0,1,5.0,1.0,26276.0,19184.0,26.0,19444.239999999998,7092.0,1,471.84
145.0,20231128.0,3,587,84.0,15,2.0,1.0,30298.0,25241.0,25.0,22723.5,5057.0,1,975.07
1368.0,,708,270,28.0,30,15.0,1.0,25808.0,22802.0,23.0,19872.16,3006.0,1,402.57
619.0,20201112.0,377,235,47.0,5,1.0,1.0,134863.0,117108.0,100.0,0.0,17755.0,0,4715.48
555.0,20241107.0,562,134,19.0,32,3.0,1.0,46167.0,36715.0,23.0,35548.590000000004,9452.0,1,459.07
1806.0,,790,484,15.0,28,18.0,1.0,71830.0,66518.0,18.0,58900.600000000006,5312.0,1,840.22
1021.0,,502,57,18.0,22,19.0,1.0,53463.0,43992.0,19.0,43305.030000000006,9471.0,1,712.36
239.0,,46,480,43.0,19,20.0,0.0,72747.0,55210.0,34.0,48013.02,17537.0,1,1018.41
338.0,,223,78,8.0,17,7.0,1.0,1000.0,71016.0,32.0,679.9999999999999,-70016.0,1,2304.92
1972.0,20220903.0,218,419,43.0,20,16.0,1.0,1000.0,55676.0,35.0,650.0,-54676.0,1,1777.27
1029.0,,92,516,40.0,30,14.0,1.0,19436.0,16951.0,7.0,18075.48,2485.0,1,418.9
1447.0,,208,590,64.0,13,11.0,1.0,68652.0,53427.0,15.0,58354.2,15225.0,1,1990.88
50.0,,599,523,11.0,33,6.0,1.0,30003.0,25730.0,100.0,0.0,4273.0,1,936.08
883.0,,119,208,20.0,21,9.0,1.0,68138.0,57460.0,28.0,49059.36,10678.0,0,1217.34
238.0,20230515.0,595,428,51.0,7,6.0,1.0,106233.0,76087.0,28.0,76487.76,30146.0,0,1216.27
1206.0,,795,380,81.0,5,2.0,1.0,53991.0,41140.0,16.0,45352.439999999995,12851.0,0,1608.71
642.0,20200507.0,106,278,10.0,3,19.0,1.0,1000.0,21704.0,26.0,740.0,-20704.0,1,682.0
1896.0,,558,466,77.0,21,15.0,1.0,80770.0,76823.0,26.0,59769.8,3947.0,1,1700.6
1160.0,,818,197,10.0,16,17.0,1.0,157478.0,117534.0,22.0,122832.84000000001,39944.0,1,2765.72
1901.0,,98,242,72.0,1,7.0,1.0,1000.0,49341.0,8.0,920.0,-48341.0,0,598.62
930.0,20211102.0,569,571,83.0,25,8.0,1.0,113221.0,87457.0,16.0,95105.64,25764.0,1,1533.19
1512.0,,805,357,70.0,8,15.0,1.0,89184.0,79212.0,3.0,86508.48,9972.0,0,2439.82
1293.0,,584,262,96.0,13,2.0,1.0,49623.0,45106.0,26.0,36721.02,4517.0,0,1397.99
1857.0,,666,280,37.0,10,11.0,1.0,1000.0,85857.0,15.0,850.0,-84857.0,0,1279.56
822.0,,505,399,4.0,30,13.0,1.0,101232.0,77620.0,24.0,76936.32,23612.0,1,2165.11
859.0,,789,127,72.0,32,16.0,1.0,45287.0,38872.0,34.0,29889.419999999995,6415.0,0,
862.0,,2,239,72.0,17,17.0,1.0,23625.0,18813.0,20.0,18900.0,4812.0,1,269.02
4.0,,27,310,25.0,15,3.0,1.0,1000.0,71611.0,3.0,970.0,-70611.0,1,1146.14
1905.0,,708,8,18.0,5,12.0,1.0,129962.0,96358.0,11.0,115666.18000000001,33604.0,0,
815.0,,272,297,27.0,21,5.0,1.0,1000.0,66700.0,10.0,900.0,-65700.0,0,1366.73
1955.0,,760,10,78.0,18,20.0,1.0,20516.0,17334.0,4.0,19695.36,3182.0,0,672.93
1696.0,20230414.0,698,112,74.0,20,4.0,1.0,93835.0,72688.0,5.0,89143.25,21147.0,0,2398.89
221.0,,799,302,99.0,33,4.0,1.0,38551.0,28623.0,7.0,35852.43,9928.0,1,700.71
229.0,20210709.0,849,415,85.0,18,3.0,1.0,18933.0,15329.0,6.0,17797.02,3604.0,0,293.74
1058.0,,751,471,7.0,25,17.0,1.0,26091.0,19799.0,6.0,24525.539999999997,6292.0,0,339.73
10.0,,290,144,54.0,2,1.0,1.0,130227.0,114077.0,35.0,84647.55,16150.0,0,
1787.0,,117,584,8.0,1,2.0,1.0,119971.0,99793.0,10.0,107973.90000000001,20178.0,0,3492.49
1234.0,,835,463,31.0,16,11.0,1.0,1000.0,88288.0,22.0,780.0,-87288.0,1,3794.67
365.0,,197,297,16.0,25,14.0,1.0,95050.0,84988.0,14.0,81743.0,10062.0,0,1987.89
1008.0,,205,470,32.0,17,1.0,1.0,73491.0,65096.0,7.0,68346.62999999999,8395.0,1,1716.91
557.0,,528,556,44.0,21,1.0,1.0,69621.0,50520.0,27.0,50823.33,19101.0,1,1076.13
1483.0,,807,374,39.0,34,11.0,1.0,127277.0,96686.0,100.0,0.0,30591.0,0,3723.37
331.0,,307,65,66.0,19,7.0,1.0,41489.0,29916.0,3.0,40244.33,11573.0,1,1266.98
831.0,,103,488,3.0,34,17.0,1.0,45894.0,35363.0,18.0,37633.08,10531.0,1,1584.26
1679.0,,732,132,54.0,7,17.0,1.0,1000.0,90950.0,9.0,910.0,-89950.0,0,1815.4
1801.0,,515,547,30.0,22,12.0,1.0,1000.0,61218.0,7.0,929.9999999999999,-60218.0,0,1911.85
376.0,,151,212,19.0,26,5.0,1.0,18655.0,15604.0,18.0,15297.1,3051.0,0,536.35
807.0,,125,445,12.0,14,18.0,1.0,26188.0,19363.0,24.0,19902.88,6825.0,0,307.63
492.0,,226,129,56.0,35,4.0,1.0,1000.0,42795.0,100.0,0.0,-41795.0,0,1322.39
975.0,,264,24,60.0,9,18.0,1.0,1000.0,86465.0,31.0,690.0,-85465.0,0,2168.82
699.0,,807,311,51.0,18,9.0,1.0,116753.0,83622.0,24.0,88732.28,33131.0,0,3688.8
1360.0,20211106.0,261,185,9.0,26,17.0,1.0,1000.0,114180.0,10.0,900.0,-113180.0,0,
964.0,,687,166,91.0,16,11.0,1.0,151609.0,114848.0,8.0,139480.28,36761.0,0,3359.89
410.0,20230326.0,415,235,78.0,13,9.0,1.0,43466.0,35693.0,6.0,40858.04,7773.0,0,398.66
441.0,,748,480,10.0,30,7.0,1.0,104626.0,77086.0,32.0,71145.68,27540.0,1,3120.88
1487.0,,104,591,3.0,11,4.0,1.0,1000.0,97907.0,8.0,920.0,-96907.0,0,3632.35
1529.0,,746,201,21.0,21,12.0,1.0,105857.0,98932.0,26.0,78334.18,6925.0,1,2257.9
1746.0,20200503.0,871,200,66.0,30,16.0,1.0,90057.0,71968.0,5.0,85554.15,18089.0,1,2734.86
207.0,,822,12,74.0,9,15.0,1.0,42872.0,39973.0,31.0,29581.679999999997,2899.0,1,363.63
125.0,,215,456,73.0,14,8.0,1.0,136034.0,111644.0,100.0,0.0,24390.0,1,
1197.0,,297,170,66.0,33,12.0,1.0,76291.0,58147.0,10.0,68661.90000000001,18144.0,0,
778.0,20200807.0,361,508,84.0,5,11.0,1.0,51207.0,43088.0,18.0,41989.740000000005,8119.0,1,464.13
279.0,,876,45,70.0,4,15.0,1.0,136633.0,114099.0,25.0,102474.75,22534.0,1,3143.46
400.0,,777,272,25.0,6,10.0,1.0,74158.0,66755.0,31.0,51169.02,7403.0,1,2065.17
1727.0,,807,405,84.0,23,10.0,1.0,41355.0,29686.0,33.0,27707.85,11669.0,1,565.19
948.0,,779,579,79.0,28,19.0,1.0,26449.0,19416.0,8.0,24333.08,7033.0,1,824.21
71.0,,429,373,59.0,19,9.0,1.0,110893.0,93200.0,30.0,77625.09999999999,17693.0,1,3785.83
609.0,,619,189,72.0,4,20.0,0.0,27421.0,23265.0,16.0,23033.64,4156.0,1,637.0
1110.0,,98,493,44.0,33,8.0,1.0,85026.0,64614.0,18.0,69721.32,20412.0,1,1197.28
109.0,20201219.0,815,329,84.0,16,15.0,1.0,1000.0,21662.0,11.0,890.0,-20662.0,1,781.61
943.0,,757,445,45.0,3,2.0,1.0,105130.0,75106.0,11.0,93565.7,30024.0,1,1628.99
742.0,,895,443,31.0,33,19.0,1.0,156482.0,111842.0,28.0,112667.04,44640.0,1,2380.89
491.0,,882,280,64.0,17,2.0,1.0,61571.0,52802.0,15.0,52335.35,8769.0,0,1578.14
749.0,20201121.0,43,316,89.0,23,19.0,1.0,90441.0,77379.0,5.0,85918.95,13062.0,1,1867.79
88.0,,428,582,8.0,11,3.0,1.0,106122.0,78653.0,26.0,78530.28,27469.0,1,1520.12
490.0,,31,465,61.0,25,4.0,1.0,137484.0,111030.0,19.0,111362.04000000001,26454.0,0,3667.9
532.0,,413,300,51.0,9,2.0,1.0,38382.0,34175.0,6.0,36079.079999999994,4207.0,1,357.66
1340.0,,556,419,46.0,26,18.0,1.0,98960.0,81449.0,21.0,78178.40000000001,17511.0,1,3302.68
1737.0,,886,56,100.0,34,7.0,1.0,50063.0,43649.0,11.0,44556.07,6414.0,1,687.27
1389.0,,131,445,23.0,33,7.0,1.0,61035.0,44419.0,2.0,59814.299999999996,16616.0,0,539.03
1332.0,20211225.0,59,587,84.0,1,18.0,1.0,1000.0,88064.0,11.0,890.0,-87064.0,0,3270.86
1280.0,,663,116,67.0,31,19.0,1.0,64121.0,59432.0,5.0,60914.95,4689.0,0,1876.84
761.0,,286,281,48.0,20,18.0,1.0,1000.0,56638.0,31.0,690.0,-55638.0,1,2047.61
104.0,,670,405,70.0,35,17.0,1.0,144774.0,109358.0,19.0,117266.94,35416.0,1,3205.53
227.0,,513,358,12.0,9,12.0,1.0,49358.0,38896.0,11.0,43928.62,10462.0,0,1226.59
1644.0,,835,94,100.0,27,8.0,1.0,1000.0,94633.0,23.0,770.0,-93633.0,0,
917.0,,180,507,37.0,21,17.0,1.0,141440.0,103140.0,4.0,135782.4,38300.0,0,3693.35
322.0,,41,384,56.0,10,9.0,1.0,38122.0,27901.0,17.0,31641.26,10221.0,0,1280.44
1959.0,20220710.0,8,283,75.0,27,2.0,1.0,1000.0,51243.0,27.0,730.0,-50243.0,1,758.31
1472.0,,312,237,67.0,9,5.0,1.0,106551.0,94169.0,5.0,101223.45,12382.0,1,
775.0,,432,44,96.0,22,19.0,1.0,150733.0,107770.0,35.0,97976.45,42963.0,0,4340.24
1359.0,,250,180,78.0,19,9.0,1.0,84199.0,62566.0,0.0,84199.0,21633.0,0,1286.94
1634.0,,681,560,21.0,26,18.0,1.0,97573.0,92728.0,6.0,91718.62,4845.0,0,2212.38
1496.0,,350,579,32.0,25,11.0,1.0,118572.0,111247.0,22.0,92486.16,7325.0,0,3504.34
1334.0,,250,380,41.0,6,6.0,1.0,59907.0,43300.0,13.0,52119.09,16607.0,1,848.76
1230.0,,377,82,19.0,2,11.0,1.0,1000.0,63476.0,14.0,860.0,-62476.0,1,2064.27
1138.0,,81,84,20.0,16,9.0,1.0,89159.0,81258.0,35.0,57953.35,7901.0,0,1371.37
800.0,,526,417,32.0,5,5.0,1.0,1000.0,51956.0,16.0,840.0,-50956.0,1,1879.91
576.0,,152,370,35.0,15,3.0,1.0,138390.0,118982.0,25.0,103792.5,19408.0,1,2455.72
290.0,,734,305,74.0,19,16.0,1.0,1000.0,26496.0,15.0,850.0,-25496.0,0,
1745.0,,880,312,50.0,24,6.0,1.0,54432.0,47313.0,32.0,37013.759999999995,7119.0,0,1189.64
1116.0,,185,372,41.0,6,10.0,1.0,74734.0,67369.0,6.0,70249.95999999999,7365.0,1,807.85
1227.0,,444,571,80.0,30,12.0,1.0,97871.0,84084.0,5.0,92977.45,13787.0,0,1146.46
1466.0,,687,542,4.0,12,4.0,1.0,63407.0,57345.0,16.0,53261.88,6062.0,0,1537.42
1624.0,,739,154,42.0,5,5.0,1.0,1000.0,99451.0,9.0,910.0,-98451.0,1,3759.85
1297.0,20210805.0,653,439,84.0,25,17.0,1.0,35185.0,31835.0,31.0,24277.649999999998,3350.0,0,1011.2
1791.0,,602,494,62.0,21,3.0,1.0,30896.0,25675.0,24.0,23480.96,5221.0,0,506.68
160.0,,763,3,8.0,29,3.0,1.0,1000.0,49684.0,24.0,760.0,-48684.0,1,820.61
1594.0,20210806.0,237,363,21.0,8,14.0,1.0,140881.0,102570.0,32.0,95799.07999999999,38311.0,0,2002.13
1144.0,20211111.0,383,522,31.0,2,14.0,1.0,1000.0,54376.0,32.0,679.9999999999999,-53376.0,1,2612.86
1346.0,,414,479,38.0,25,1.0,1.0,41428.0,31278.0,10.0,37285.200000000004,10150.0,0,664.27
22.0,,611,366,96.0,8,2.0,1.0,121465.0,104222.0,8.0,111747.8,17243.0,1,2420.96
140.0,,147,143,68.0,28,2.0,1.0,41799.0,34824.0,24.0,31767.24,6975.0,0,657.67
1514.0,,300,51,20.0,1,2.0,1.0,36791.0,33782.0,3.0,35687.27,3009.0,0,945.43
1063.0,,232,492,95.0,25,1.0,1.0,125302.0,98229.0,6.0,117783.87999999999,27073.0,0,2858.06
1816.0,,844,468,51.0,30,8.0,1.0,20219.0,17757.0,18.0,16579.58,2462.0,1,635.7
1741.0,,520,34,65.0,2,18.0,1.0,1000.0,93680.0,19.0,810.0,-92680.0,0,3635.48
472.0,,447,400,92.0,3,13.0,1.0,129161.0,99220.0,14.0,111078.45999999999,29941.0,1,2350.16
1988.0,,184,324,9.0,14,17.0,1.0,135636.0,113117.0,17.0,112577.87999999999,22519.0,1,
1590.0,,362,86,66.0,6,12.0,1.0,1000.0,112761.0,2.0,980.0,-111761.0,0,4334.54
510.0,,595,280,48.0,21,5.0,1.0,110032.0,85120.0,32.0,74821.76,24912.0,1,959.46
19.0,,189,294,61.0,32,13.0,1.0,72287.0,65384.0,15.0,61443.95,6903.0,0,1590.29
1827.0,,820,239,6.0,29,9.0,1.0,28476.0,26697.0,6.0,26767.44,1779.0,1,710.54
1824.0,,160,193,35.0,22,3.0,1.0,1000.0,85983.0,13.0,870.0,-84983.0,1,2690.5
1576.0,,805,570,7.0,15,9.0,1.0,1000.0,111122.0,13.0,870.0,-110122.0,0,2124.14
1143.0,,350,318,33.0,28,8.0,1.0,52175.0,48764.0,9.0,47479.25,3411.0,0,1363.47
826.0,,263,215,16.0,14,12.0,1.0,111346.0,98160.0,17.0,92417.18,13186.0,1,
1167.0,,242,153,47.0,6,14.0,1.0,1000.0,90144.0,18.0,820.0000000000001,-89144.0,0,3399.94
173.0,,155,565,35.0,3,8.0,1.0,1000.0,37584.0,27.0,730.0,-36584.0,0,790.15
905.0,,823,52,91.0,15,17.0,1.0,72662.0,67438.0,32.0,49410.159999999996,5224.0,1,1990.02
1261.0,20230724.0,429,224,72.0,25,11.0,1.0,117314.0,108780.0,28.0,84466.08,8534.0,1,2295.25
1023.0,,570,284,10.0,25,7.0,1.0,29215.0,26588.0,2.0,28630.7,2627.0,0,478.88
1989.0,,280,533,82.0,13,3.0,1.0,1000.0,16572.0,3.0,970.0,-15572.0,1,348.72
1186.0,,719,194,9.0,14,18.0,1.0,79366.0,60813.0,27.0,57937.18,18553.0,1,908.3
719.0,,128,161,99.0,19,17.0,1.0,98156.0,71766.0,31.0,67727.64,26390.0,0,
574.0,20240924.0,712,313,31.0,17,9.0,1.0,1000.0,86503.0,20.0,800.0,-85503.0,0,3305.74
1.0,,604,257,91.0,5,5.0,1.0,38366.0,36439.0,11.0,34145.74,1927.0,0,1298.86
858.0,,887,350,42.0,12,10.0,1.0,111409.0,81618.0,34.0,73529.93999999999,29791.0,1,1557.75
1893.0,,66,260,34.0,27,2.0,1.0,32705.0,28774.0,34.0,21585.299999999996,3931.0,0,445.94
1821.0,,188,195,100.0,3,6.0,1.0,120441.0,87481.0,27.0,87921.93,32960.0,1,2428.39
461.0,,283,315,54.0,7,19.0,1.0,116854.0,84444.0,12.0,102831.52,32410.0,1,2156.09
1339.0,20200716.0,867,414,87.0,29,4.0,1.0,91764.0,81415.0,14.0,78917.04,10349.0,0,2801.29
1882.0,,186,123,24.0,12,8.0,1.0,41599.0,31718.0,34.0,27455.339999999997,9881.0,0,1342.58
1790.0,,499,560,10.0,26,8.0,1.0,1000.0,97174.0,16.0,840.0,-96174.0,1,4303.1
1045.0,,537,225,92.0,28,6.0,1.0,142594.0,106063.0,20.0,114075.20000000001,36531.0,1,3270.42
1277.0,,548,291,51.0,16,20.0,1.0,47057.0,37935.0,27.0,34351.61,9122.0,1,432.17
997.0,,849,527,58.0,12,16.0,1.0,109392.0,97556.0,4.0,105016.31999999999,11836.0,1,3823.55
1134.0,20220414.0,894,427,53.0,4,11.0,1.0,124263.0,112863.0,27.0,90711.98999999999,11400.0,1,2526.1
1878.0,,251,270,32.0,19,7.0,1.0,1000.0,118804.0,25.0,750.0,-117804.0,1,3096.05
529.0,,19,434,67.0,18,1.0,1.0,1000.0,91530.0,31.0,690.0,-90530.0,1,
1930.0,,787,382,4.0,25,9.0,1.0,70987.0,58007.0,22.0,55369.86,12980.0,0,1230.83
1267.0,,794,107,80.0,23,3.0,1.0,158977.0,114985.0,31.0,109694.12999999999,43992.0,1,1680.65
623.0,20240427.0,148,588,75.0,2,3.0,1.0,1000.0,68900.0,35.0,650.0,-67900.0,0,668.43
176.0,,571,2,46.0,21,19.0,1.0,113363.0,99369.0,10.0,102026.7,13994.0,0,922.58
211.0,20200909.0,364,11,20.0,22,4.0,1.0,,72366.0,33.0,,,1,1597.71
1967.0,,646,379,48.0,1,14.0,1.0,32202.0,23752.0,20.0,25761.600000000002,8450.0,1,487.81
1822.0,,467,356,89.0,8,7.0,1.0,1000.0,31272.0,6.0,940.0,-30272.0,1,1472.68
1049.0,,355,484,62.0,25,7.0,1.0,119467.0,93772.0,3.0,115882.98999999999,25695.0,0,3161.56
1803.0,,674,252,5.0,29,17.0,1.0,16801.0,15078.0,11.0,14952.89,1723.0,0,548.49
1880.0,,711,90,36.0,30,16.0,1.0,,108140.0,31.0,,,1,
1097.0,20241227.0,897,398,90.0,11,4.0,1.0,125120.0,118117.0,5.0,118864.0,7003.0,1,2483.38
1783.0,,510,347,97.0,35,5.0,1.0,52621.0,39880.0,18.0,43149.22,12741.0,1,1197.49
1870.0,,293,249,79.0,8,8.0,1.0,1000.0,16319.0,28.0,720.0,-15319.0,0,608.43
1951.0,,316,141,8.0,8,14.0,1.0,95075.0,76901.0,18.0,77961.5,18174.0,1,1541.85
329.0,,573,467,97.0,32,2.0,1.0,46053.0,36326.0,13.0,40066.11,9727.0,1,881.88
550.0,,161,233,54.0,18,8.0,1.0,1000.0,90886.0,3.0,970.0,-89886.0,1,
1010.0,,18,504,25.0,32,7.0,1.0,56540.0,47199.0,24.0,42970.4,9341.0,0,1463.29
1688.0,,582,239,46.0,24,5.0,1.0,60132.0,51116.0,19.0,48706.920000000006,9016.0,1,481.53
982.0,,818,365,20.0,7,13.0,1.0,1000.0,44635.0,0.0,1000.0,-43635.0,1,781.53
512.0,,10,132,85.0,5,13.0,1.0,1000.0,51949.0,26.0,740.0,-50949.0,0,2484.18
1699.0,,772,487,84.0,17,17.0,1.0,72110.0,68644.0,12.0,63456.8,3466.0,0,882.61
63.0,,363,470,31.0,5,1.0,1.0,135305.0,117706.0,14.0,116362.3,17599.0,1,1594.22
710.0,20210626.0,314,204,73.0,26,13.0,1.0,130260.0,106887.0,6.0,122444.4,23373.0,0,3331.69
1868.0,20200513.0,864,584,67.0,33,8.0,1.0,160943.0,119146.0,32.0,109441.23999999999,41797.0,0,5348.03
745.0,,857,221,19.0,2,15.0,1.0,1000.0,90782.0,20.0,800.0,-89782.0,1,
1102.0,,527,214,43.0,30,18.0,1.0,92781.0,84533.0,26.0,68657.94,8248.0,1,3239.12
646.0,,188,78,86.0,13,11.0,1.0,71613.0,65940.0,100.0,0.0,5673.0,0,2089.44
1413.0,,250,509,81.0,28,15.0,1.0,18844.0,15073.0,5.0,17901.8,3771.0,1,625.92
1344.0,,424,111,61.0,3,10.0,1.0,85811.0,78308.0,30.0,60067.7,7503.0,0,1532.78
851.0,,109,261,71.0,15,16.0,1.0,98748.0,85763.0,14.0,84923.28,12985.0,0,3217.97
921.0,,328,381,98.0,34,4.0,1.0,48682.0,37755.0,3.0,47221.54,10927.0,1,1257.81
158.0,,221,265,90.0,25,16.0,1.0,50672.0,44265.0,23.0,39017.44,6407.0,1,473.34
1115.0,,872,561,14.0,16,12.0,1.0,76732.0,56523.0,17.0,63687.56,20209.0,0,2300.77
1524.0,,75,298,87.0,26,12.0,1.0,45363.0,40277.0,3.0,44002.11,5086.0,1,1359.37
1883.0,,101,150,74.0,30,10.0,1.0,109269.0,84892.0,28.0,78673.68,24377.0,1,2504.15
514.0,,244,429,37.0,7,8.0,1.0,1000.0,62507.0,31.0,690.0,-61507.0,1,2157.89
465.0,20240312.0,511,41,48.0,33,8.0,1.0,130424.0,93629.0,24.0,99122.24,36795.0,0,2698.0
672.0,,6,211,16.0,9,14.0,1.0,32091.0,28564.0,23.0,24710.07,3527.0,0,984.55
832.0,,551,456,57.0,34,5.0,1.0,67074.0,63592.0,13.0,58354.38,3482.0,1,738.25
1041.0,,355,125,18.0,34,20.0,1.0,22854.0,16744.0,18.0,18740.280000000002,6110.0,0,623.15
468.0,,301,307,83.0,27,17.0,1.0,26167.0,24373.0,10.0,23550.3,1794.0,1,
1438.0,,312,542,96.0,8,10.0,1.0,82462.0,62880.0,24.0,62671.12,19582.0,1,2662.65
811.0,20220109.0,118,216,5.0,25,13.0,1.0,81246.0,64060.0,9.0,73933.86,17186.0,0,1654.72
902.0,,748,141,4.0,1,5.0,1.0,130222.0,118469.0,18.0,106782.04000000001,11753.0,1,3530.09
667.0,,397,98,71.0,26,4.0,1.0,1000.0,18270.0,5.0,950.0,-17270.0,0,368.86
143.0,,883,463,41.0,1,4.0,1.0,62971.0,48124.0,23.0,48487.67,14847.0,0,639.95
1506.0,,887,141,34.0,11,5.0,1.0,1000.0,68939.0,20.0,800.0,-67939.0,1,
414.0,,207,82,37.0,3,10.0,1.0,116223.0,99885.0,25.0,87167.25,16338.0,1,3244.23
929.0,,416,271,79.0,25,10.0,1.0,88304.0,72528.0,8.0,81239.68000000001,15776.0,0,1925.07
192.0,,716,331,27.0,35,1.0,1.0,23060.0,18856.0,27.0,16833.8,4204.0,0,528.02
254.0,,11,593,29.0,30,2.0,1.0,1000.0,84500.0,0.0,1000.0,-83500.0,0,3689.68
1251.0,,66,323,71.0,10,18.0,1.0,68494.0,51057.0,22.0,53425.32,17437.0,0,2247.14
1990.0,,543,255,71.0,3,20.0,1.0,87474.0,69186.0,30.0,61231.799999999996,18288.0,0,2152.2
965.0,,833,37,36.0,8,9.0,1.0,24757.0,20134.0,20.0,19805.600000000002,4623.0,0,831.02
1815.0,20230709.0,472,579,44.0,7,20.0,1.0,54417.0,51428.0,9.0,49519.47,2989.0,1,1027.09
542.0,,726,150,50.0,23,16.0,1.0,137450.0,105108.0,16.0,115458.0,32342.0,1,
151.0,,361,23,26.0,34,13.0,1.0,52828.0,38315.0,10.0,47545.200000000004,14513.0,0,835.66
194.0,,223,279,59.0,26,1.0,1.0,1000.0,55420.0,34.0,659.9999999999999,-54420.0,0,1086.41
306.0,,862,172,2.0,7,9.0,1.0,79053.0,65636.0,7.0,73519.29,13417.0,0,1470.85
1395.0,,543,569,18.0,13,4.0,1.0,111869.0,89118.0,14.0,96207.34,22751.0,0,2856.58
250.0,,377,328,64.0,32,19.0,1.0,103870.0,89642.0,2.0,101792.59999999999,14228.0,1,2261.93
107.0,,109,333,9.0,20,6.0,1.0,67206.0,59951.0,18.0,55108.920000000006,7255.0,0,2193.16
1052.0,20221021.0,341,160,78.0,12,19.0,1.0,127654.0,96701.0,23.0,98293.58,30953.0,0,2557.81
1579.0,,200,162,40.0,34,18.0,1.0,59296.0,43659.0,32.0,40321.28,15637.0,1,1559.49
683.0,,833,379,76.0,13,14.0,1.0,125000.0,110132.0,31.0,86250.0,14868.0,1,3396.37
869.0,20200719.0,488,149,53.0,27,14.0,1.0,113314.0,92809.0,8.0,104248.88,20505.0,0,3675.76
771.0,,260,294,46.0,34,4.0,1.0,86484.0,74356.0,15.0,73511.4,12128.0,1,1907.02
341.0,,76,580,17.0,8,12.0,1.0,74329.0,65116.0,25.0,55746.75,9213.0,0,917.16
1187.0,,882,214,24.0,19,15.0,1.0,142597.0,118734.0,13.0,124059.39,23863.0,0,4196.1
1733.0,,99,523,41.0,21,10.0,1.0,1000.0,73947.0,14.0,860.0,-72947.0,0,1609.14
1876.0,,57,338,77.0,24,1.0,1.0,1000.0,45653.0,4.0,960.0,-44653.0,1,1217.24
1031.0,,101,569,30.0,14,19.0,1.0,1000.0,26866.0,24.0,760.0,-25866.0,0,556.75
1832.0,,220,14,56.0,28,11.0,1.0,50574.0,45156.0,20.0,40459.200000000004,5418.0,0,473.49
1842.0,,673,318,5.0,2,5.0,1.0,1000.0,104285.0,0.0,1000.0,-103285.0,1,
1539.0,20201105.0,552,584,84.0,6,19.0,1.0,65954.0,51701.0,32.0,44848.719999999994,14253.0,0,1811.73
3.0,,529,248,50.0,3,6.0,1.0,77942.0,69930.0,6.0,73265.48,8012.0,1,821.18
1281.0,20241019.0,671,476,13.0,8,11.0,1.0,107860.0,82930.0,13.0,93838.2,24930.0,1,3707.16
1312.0,,667,307,32.0,23,1.0,1.0,146689.0,112650.0,16.0,123218.76,34039.0,1,4240.63
1257.0,,394,165,77.0,14,8.0,1.0,1000.0,38388.0,5.0,950.0,-37388.0,1,459.78
1915.0,,52,102,2.0,3,9.0,1.0,118528.0,91765.0,8.0,109045.76000000001,26763.0,0,3329.95
1319.0,,807,439,80.0,35,12.0,1.0,1000.0,26709.0,25.0,750.0,-25709.0,0,837.16
298.0,,232,334,46.0,12,15.0,1.0,28424.0,26941.0,26.0,21033.76,1483.0,0,337.67
1557.0,,523,600,99.0,21,2.0,1.0,88192.0,81396.0,0.0,88192.0,6796.0,0,2873.76
281.0,,414,61,85.0,24,6.0,1.0,1000.0,79281.0,18.0,820.0000000000001,-78281.0,1,3211.97
1692.0,,497,127,100.0,35,14.0,1.0,134142.0,114526.0,19.0,108655.02,19616.0,0,3318.35
1092.0,,810,85,4.0,18,1.0,1.0,59715.0,54795.0,34.0,39411.899999999994,4920.0,0,1454.34
1525.0,,668,407,14.0,13,10.0,1.0,1000.0,90291.0,28.0,720.0,-89291.0,1,3086.4
752.0,,814,72,99.0,24,7.0,1.0,34040.0,25062.0,25.0,25530.0,8978.0,0,1165.91
1255.0,,424,53,14.0,3,18.0,1.0,1000.0,60583.0,6.0,940.0,-59583.0,0,2382.42
1195.0,,431,80,98.0,24,7.0,1.0,70884.0,63700.0,5.0,67339.8,7184.0,0,1163.89
183.0,,354,241,65.0,21,2.0,1.0,51140.0,38767.0,18.0,41934.8,12373.0,0,771.37
1962.0,,205,398,8.0,28,18.0,1.0,95605.0,78414.0,27.0,69791.65,17191.0,1,1231.86
43.0,,618,546,9.0,25,17.0,1.0,47563.0,39376.0,21.0,37574.770000000004,8187.0,0,1581.47
840.0,,736,301,34.0,5,19.0,1.0,67949.0,60550.0,23.0,52320.73,7399.0,1,1019.54
1583.0,,605,100,55.0,20,4.0,1.0,123671.0,94732.0,25.0,92753.25,28939.0,1,1450.49
577.0,,660,484,85.0,32,2.0,1.0,1000.0,31784.0,23.0,770.0,-30784.0,0,609.58
1224.0,,730,392,28.0,6,5.0,1.0,123605.0,96258.0,14.0,106300.3,27347.0,0,
1924.0,,664,371,61.0,30,14.0,1.0,1000.0,94821.0,18.0,820.0000000000001,-93821.0,1,1153.97
1899.0,,323,127,25.0,8,16.0,1.0,112402.0,84068.0,33.0,75309.34,28334.0,1,2241.45
1147.0,,613,193,56.0,4,4.0,1.0,1000.0,44729.0,8.0,920.0,-43729.0,1,1231.43
1331.0,,440,275,52.0,21,13.0,1.0,82866.0,60310.0,4.0,79551.36,22556.0,0,1020.69
1168.0,,847,410,85.0,16,9.0,1.0,1000.0,51506.0,20.0,800.0,-50506.0,1,1205.59
27.0,,161,386,37.0,11,16.0,0.0,116944.0,102758.0,15.0,99402.4,14186.0,0,2590.01
110.0,,564,209,64.0,22,8.0,1.0,128820.0,115696.0,18.0,105632.40000000001,13124.0,0,1535.2
1252.0,,332,492,12.0,4,6.0,1.0,60281.0,55988.0,11.0,53650.090000000004,4293.0,0,1934.64
952.0,,312,82,32.0,3,13.0,1.0,,23462.0,7.0,,,0,925.07
1238.0,,686,468,91.0,34,17.0,1.0,59548.0,49785.0,20.0,47638.4,9763.0,1,700.0
645.0,,271,590,8.0,1,2.0,1.0,131246.0,105173.0,29.0,93184.65999999999,26073.0,1,1172.74
1418.0,,334,542,79.0,33,13.0,1.0,150447.0,117656.0,34.0,99295.01999999999,32791.0,1,4572.39
1873.0,,704,496,64.0,28,15.0,1.0,1000.0,71304.0,27.0,730.0,-70304.0,1,1585.36
147.0,,39,284,95.0,2,16.0,1.0,37586.0,28926.0,23.0,28941.22,8660.0,1,456.69
1719.0,,774,489,57.0,22,16.0,1.0,99966.0,87273.0,15.0,84971.09999999999,12693.0,0,2937.47
494.0,,357,343,86.0,35,17.0,1.0,29201.0,26242.0,12.0,25696.88,2959.0,1,801.7
767.0,,510,16,71.0,20,17.0,1.0,52489.0,43827.0,10.0,47240.1,8662.0,1,
582.0,,793,80,27.0,2,18.0,1.0,1000.0,113011.0,10.0,900.0,-112011.0,0,2917.75
643.0,,64,394,52.0,30,18.0,1.0,33162.0,26082.0,11.0,29514.18,7080.0,1,337.48
350.0,,660,122,100.0,32,3.0,1.0,89219.0,77515.0,18.0,73159.58,11704.0,0,2391.77
1437.0,,358,295,82.0,16,11.0,1.0,22578.0,17222.0,3.0,21900.66,5356.0,1,610.62
1419.0,,504,579,10.0,5,3.0,1.0,88307.0,65635.0,15.0,75060.95,22672.0,1,2839.43
1747.0,,603,82,12.0,12,9.0,1.0,70075.0,52660.0,28.0,50454.0,17415.0,1,2228.13
1933.0,,685,468,96.0,15,11.0,1.0,1000.0,72482.0,26.0,740.0,-71482.0,0,1548.08
654.0,,819,34,4.0,22,8.0,1.0,95352.0,77036.0,25.0,71514.0,18316.0,0,2819.52
1812.0,,848,62,61.0,7,12.0,1.0,95415.0,86269.0,9.0,86827.65000000001,9146.0,0,
1652.0,,52,218,53.0,23,9.0,1.0,1000.0,21649.0,25.0,750.0,-20649.0,0,
1508.0,,76,40,2.0,28,3.0,1.0,1000.0,96707.0,28.0,720.0,-95707.0,0,3113.7
2.0,,588,320,10.0,30,10.0,1.0,114002.0,87106.0,20.0,91201.6,26896.0,0,3647.18
979.0,,534,91,34.0,19,3.0,1.0,125894.0,119701.0,7.0,117081.42,6193.0,0,3658.1
1093.0,,52,505,21.0,20,3.0,1.0,84906.0,69004.0,23.0,65377.62,15902.0,0,
1797.0,,76,68,78.0,9,12.0,1.0,52180.0,42684.0,17.0,43309.4,9496.0,0,1310.49
464.0,,534,310,33.0,29,18.0,1.0,99631.0,85124.0,22.0,77712.18000000001,14507.0,0,
819.0,,549,307,19.0,31,13.0,1.0,107167.0,90998.0,28.000000000000004,77160.23999999999,16169.0,0,2715.74
1379.0,20241107.0,253,265,20.0,2,2.0,1.0,132074.0,116127.0,4.0,126791.04,15947.0,0,2093.11
1302.0,,421,503,12.0,9,15.0,1.0,1000.0,40322.0,30.0,700.0,-39322.0,1,
1985.0,,299,146,93.0,26,1.0,1.0,125407.0,100021.0,25.0,94055.25,25386.0,1,3139.77
328.0,,603,465,32.0,7,4.0,1.0,132933.0,114957.0,11.0,118310.37,17976.0,0,2268.49
1811.0,,113,147,48.0,8,5.0,1.0,55670.0,46452.0,15.0,47319.5,9218.0,1,
1471.0,,822,415,26.0,4,3.0,1.0,1000.0,80571.0,14.0,860.0,-79571.0,0,2340.8
1640.0,,145,534,78.0,23,4.0,1.0,41165.0,29981.0,16.0,34578.6,11184.0,0,1356.03
1240.0,20230531.0,405,112,100.0,16,14.0,1.0,74110.0,63148.0,12.0,65216.8,10962.0,1,913.31
649.0,,43,467,9.0,7,18.0,1.0,28521.0,25367.0,33.0,19109.07,3154.0,1,255.34
1157.0,,759,503,36.0,2,8.0,1.0,1000.0,115378.0,24.0,760.0,-114378.0,0,4256.98
1968.0,,192,282,51.0,15,6.0,1.0,21225.0,17587.0,100.0,0.0,3638.0,0,522.59
977.0,,30,404,32.0,35,1.0,1.0,82600.0,71198.0,19.0,66906.0,11402.0,0,974.55
676.0,,809,253,24.0,18,7.0,1.0,56006.0,43257.0,34.0,36963.96,12749.0,1,1214.96
1455.0,,313,80,63.0,13,6.0,1.0,22322.0,17706.0,18.0,18304.04,4616.0,0,
601.0,,659,374,68.0,13,13.0,1.0,84186.0,65950.0,28.0,60613.92,18236.0,0,2649.54
1846.0,,265,53,90.0,21,10.0,1.0,63860.0,55159.0,28.0,45979.2,8701.0,1,566.08
987.0,,784,39,71.0,26,1.0,1.0,36489.0,33479.0,12.0,32110.32,3010.0,1,960.86
692.0,,101,530,68.0,17,10.0,1.0,1000.0,98992.0,6.0,940.0,-97992.0,0,2712.97
892.0,,282,368,96.0,11,6.0,1.0,51732.0,46099.0,16.0,43454.88,5633.0,0,1559.4
486.0,,386,80,29.0,35,10.0,1.0,89723.0,65108.0,8.0,82545.16,24615.0,0,1578.5
630.0,,570,172,30.0,3,4.0,1.0,145467.0,115612.0,31.0,100372.23,29855.0,1,2383.95
660.0,,880,344,20.0,7,12.0,1.0,104492.0,92801.0,24.0,79413.92,11691.0,0,2111.91
702.0,,450,260,49.0,2,1.0,1.0,27273.0,24655.0,6.0,25636.62,2618.0,1,584.09
452.0,,306,440,26.0,24,3.0,1.0,33505.0,25261.0,10.0,30154.5,8244.0,0,798.74
1348.0,,411,540,49.0,18,20.0,1.0,82127.0,60709.0,31.0,56667.63,21418.0,1,1365.88
94.0,20240708.0,796,1,98.0,5,20.0,1.0,36500.0,27685.0,23.0,28105.0,8815.0,0,587.22
81.0,,581,84,82.0,34,12.0,1.0,1000.0,85168.0,26.0,740.0,-84168.0,1,2540.48
1851.0,,223,130,79.0,22,11.0,1.0,106832.0,93919.0,26.0,79055.68,12913.0,0,3565.28
1370.0,,135,274,49.0,4,5.0,1.0,91107.0,77301.0,10.0,81996.3,13806.0,0,2870.18
1035.0,,66,229,50.0,31,15.0,1.0,1000.0,24133.0,6.0,940.0,-23133.0,1,812.15
1535.0,,307,222,24.0,24,7.0,1.0,95195.0,81576.0,16.0,79963.8,13619.0,0,2890.47
1415.0,,874,486,96.0,16,7.0,1.0,24862.0,18653.0,15.0,21132.7,6209.0,1,813.58
926.0,,804,63,85.0,17,20.0,1.0,145505.0,106368.0,0.0,145505.0,39137.0,1,2546.85
730.0,,309,413,86.0,31,4.0,1.0,135189.0,97621.0,31.0,93280.40999999999,37568.0,1,
1011.0,,247,499,1.0,27,16.0,1.0,53705.0,47926.0,16.0,45112.2,5779.0,1,1494.52
910.0,,897,106,93.0,24,20.0,1.0,1000.0,107302.0,17.0,830.0,-106302.0,1,
1249.0,,177,268,58.0,8,8.0,1.0,119255.0,111430.0,25.0,89441.25,7825.0,0,
134.0,,666,289,95.0,1,17.0,1.0,1000.0,102020.0,18.0,820.0000000000001,-101020.0,1,1913.05
425.0,20230605.0,366,406,10.0,14,19.0,1.0,71838.0,59290.0,14.0,61780.68,12548.0,1,713.35
1325.0,,631,291,98.0,3,9.0,1.0,47318.0,38561.0,3.0,45898.46,8757.0,0,633.98
962.0,,202,435,41.0,19,17.0,1.0,79900.0,72385.0,24.0,60724.0,7515.0,0,2042.04
1409.0,,206,436,83.0,3,5.0,1.0,69178.0,64683.0,9.0,62951.98,4495.0,1,1120.32
1250.0,,574,580,15.0,35,15.0,1.0,98428.0,88900.0,33.0,65946.76,9528.0,1,1569.13
796.0,,593,557,34.0,26,11.0,1.0,103761.0,97790.0,4.0,99610.56,5971.0,1,3108.47
641.0,,715,56,2.0,2,18.0,1.0,100212.0,82075.0,6.0,94199.28,18137.0,0,3027.52
1704.0,,201,173,10.0,33,20.0,1.0,1000.0,25184.0,35.0,650.0,-24184.0,1,578.55
1958.0,20210905.0,230,320,28.0,30,15.0,0.0,1000.0,94061.0,30.0,700.0,-93061.0,0,2888.28
1491.0,,665,429,42.0,33,11.0,1.0,97305.0,78599.0,22.0,75897.90000000001,18706.0,1,2012.63
1000.0,,122,42,22.0,25,16.0,1.0,100974.0,74820.0,8.0,92896.08,26154.0,1,
233.0,,562,84,50.0,9,3.0,1.0,1000.0,42096.0,9.0,910.0,-41096.0,1,1242.47
1947.0,,815,479,15.0,17,4.0,1.0,26805.0,24264.0,9.0,24392.55,2541.0,0,556.39
1180.0,,836,20,61.0,23,15.0,1.0,1000.0,53132.0,17.0,830.0,-52132.0,0,1894.22
764.0,,459,235,22.0,25,3.0,1.0,73798.0,55936.0,35.0,47968.700000000004,17862.0,1,1326.04
1123.0,,636,169,64.0,33,17.0,1.0,25067.0,22522.0,28.0,18048.239999999998,2545.0,0,526.97
612.0,,467,140,10.0,3,3.0,1.0,71404.0,66752.0,28.0,51410.88,4652.0,0,1674.53
1237.0,,69,271,22.0,35,4.0,1.0,122432.0,107195.0,100.0,0.0,15237.0,1,2852.55
15.0,,91,137,79.0,31,14.0,1.0,79601.0,57022.0,18.0,65272.82000000001,22579.0,0,
674.0,,126,237,59.0,9,12.0,1.0,68258.0,63909.0,28.0,49145.759999999995,4349.0,1,
631.0,,219,216,88.0,16,15.0,1.0,58281.0,52629.0,35.0,37882.65,5652.0,1,1282.36
1940.0,,428,575,13.0,13,4.0,1.0,77480.0,66525.0,0.0,77480.0,10955.0,0,770.54
386.0,,808,80,11.0,11,7.0,1.0,101664.0,73166.0,34.0,67098.23999999999,28498.0,1,3143.26
1435.0,,257,392,48.0,35,1.0,1.0,1000.0,32060.0,15.0,850.0,-31060.0,1,778.22
1742.0,,385,500,38.0,26,16.0,1.0,1000.0,15156.0,30.0,700.0,-14156.0,1,143.11
124.0,,503,184,69.0,21,20.0,1.0,96524.0,89310.0,30.0,67566.8,7214.0,1,2275.6
1066.0,,803,68,49.0,35,7.0,1.0,21546.0,18263.0,20.0,17236.8,3283.0,1,476.95
1082.0,,644,192,64.0,12,11.0,1.0,1000.0,96033.0,9.0,910.0,-95033.0,0,2021.46
1621.0,,76,119,83.0,28,8.0,1.0,119268.0,98106.0,12.0,104955.84,21162.0,0,2438.09
1436.0,,346,563,58.0,30,4.0,1.0,144909.0,118488.0,5.0,137663.55,26421.0,0,1846.1
86.0,20230531.0,759,138,40.0,6,7.0,1.0,1000.0,106452.0,28.0,720.0,-105452.0,1,2058.21
1433.0,,449,432,46.0,7,10.0,1.0,88188.0,76689.0,33.0,59085.95999999999,11499.0,1,2613.66
1920.0,,406,311,96.0,27,5.0,1.0,52250.0,40003.0,19.0,42322.5,12247.0,1,1715.62
466.0,,527,398,14.0,18,5.0,1.0,1000.0,115638.0,21.0,790.0,-114638.0,1,2037.31
1083.0,,135,537,52.0,16,20.0,1.0,1000.0,93421.0,26.0,740.0,-92421.0,0,821.19
6.0,,713,66,31.0,3,6.0,1.0,1000.0,46255.0,15.0,850.0,-45255.0,1,2066.42
890.0,,499,34,85.0,24,5.0,1.0,100206.0,88613.0,34.0,66135.95999999999,11593.0,1,3453.52
367.0,,664,155,40.0,28,10.0,1.0,1000.0,83683.0,27.0,730.0,-82683.0,0,3617.73
404.0,,555,35,23.0,15,5.0,1.0,38024.0,34396.0,20.0,30419.2,3628.0,0,972.9
913.0,,510,124,52.0,2,3.0,1.0,64793.0,47361.0,2.0,63497.14,17432.0,0,1204.73
914.0,,52,331,2.0,26,12.0,1.0,1000.0,27117.0,33.0,669.9999999999999,-26117.0,0,1104.09
727.0,,825,114,89.0,25,6.0,1.0,69425.0,64321.0,13.0,60399.75,5104.0,0,1563.07
1648.0,,552,516,94.0,32,17.0,1.0,71199.0,57899.0,27.0,51975.27,13300.0,0,1194.69
1354.0,,496,165,28.0,17,14.0,1.0,70664.0,55492.0,6.0,66424.16,15172.0,0,1472.65
72.0,,857,284,83.0,17,17.0,1.0,70375.0,53107.0,30.0,49262.5,17268.0,1,1881.84
972.0,,849,264,53.0,30,2.0,1.0,53220.0,44372.0,15.0,45237.0,8848.0,0,1705.41
580.0,,186,17,13.0,30,13.0,1.0,58838.0,47289.0,7.0,54719.34,11549.0,0,600.71
1973.0,,645,118,62.0,35,9.0,1.0,53888.0,39209.0,13.0,46882.56,14679.0,0,816.26
505.0,,591,200,22.0,16,11.0,1.0,1000.0,30878.0,5.0,950.0,-29878.0,1,1285.79
129.0,,498,526,65.0,21,4.0,1.0,138571.0,117880.0,7.0,128871.02999999998,20691.0,0,1242.25
130.0,,810,67,51.0,15,10.0,1.0,39778.0,28796.0,5.0,37789.1,10982.0,1,1379.44
888.0,,809,404,49.0,8,2.0,1.0,1000.0,69413.0,28.0,720.0,-68413.0,1,1263.16
885.0,,166,236,40.0,16,20.0,1.0,74128.0,70088.0,20.0,59302.4,4040.0,0,1772.48
1468.0,,25,25,88.0,2,13.0,1.0,1000.0,30951.0,29.0,710.0,-29951.0,0,
1530.0,,337,1,7.0,14,12.0,0.0,30263.0,21829.0,7.0,28144.589999999997,8434.0,0,1000.46
1486.0,,57,373,82.0,35,6.0,1.0,53026.0,47835.0,28.0,38178.72,5191.0,1,1498.17
1090.0,,752,460,21.0,12,17.0,1.0,51178.0,40119.0,7.0,47595.53999999999,11059.0,1,877.06
1098.0,,456,531,93.0,5,14.0,1.0,37183.0,31794.0,23.0,28630.91,5389.0,1,1039.14
687.0,,280,279,34.0,14,2.0,1.0,114242.0,91270.0,16.0,95963.28,22972.0,0,1316.0
759.0,,808,408,10.0,22,3.0,1.0,86804.0,67202.0,35.0,56422.6,19602.0,0,956.77
374.0,,531,319,16.0,13,14.0,1.0,94301.0,68321.0,17.0,78269.83,25980.0,0,1608.54
1381.0,,651,364,75.0,13,12.0,1.0,,19547.0,16.0,,,0,388.97
684.0,,679,169,77.0,10,16.0,1.0,1000.0,104241.0,15.0,850.0,-103241.0,0,3694.13
1403.0,,268,325,73.0,7,15.0,1.0,74199.0,68403.0,30.0,51939.299999999996,5796.0,0,894.17
1321.0,,88,589,91.0,6,19.0,1.0,1000.0,41083.0,6.0,940.0,-40083.0,1,679.66
1617.0,,230,303,28.0,15,14.0,1.0,84435.0,65558.0,16.0,70925.4,18877.0,0,2858.26
1778.0,,388,215,83.0,28,8.0,1.0,,76531.0,22.0,,,0,3261.93
1061.0,,658,431,68.0,2,11.0,1.0,31004.0,26673.0,10.0,27903.600000000002,4331.0,1,579.64
248.0,20221202.0,880,373,2.0,27,12.0,1.0,,15518.0,27.0,,,1,308.04
497.0,,799,552,27.0,1,15.0,1.0,44252.0,34884.0,26.0,32746.48,9368.0,0,1522.08
1042.0,,895,385,65.0,12,11.0,1.0,1000.0,27657.0,20.0,800.0,-26657.0,1,1011.42
1422.0,,470,424,76.0,23,3.0,1.0,145031.0,109135.0,34.0,95720.45999999999,35896.0,0,4931.27
802.0,,609,445,68.0,34,18.0,1.0,1000.0,17279.0,33.0,669.9999999999999,-16279.0,0,678.97
366.0,,686,469,1.0,31,19.0,1.0,62334.0,55808.0,32.0,42387.119999999995,6526.0,1,
1760.0,,422,339,11.0,7,20.0,1.0,125111.0,112256.0,28.0,90079.92,12855.0,1,2654.48
984.0,,439,314,4.0,35,17.0,1.0,1000.0,24500.0,4.0,960.0,-23500.0,1,677.23
916.0,,405,314,16.0,14,18.0,1.0,30285.0,26910.0,29.0,21502.35,3375.0,1,620.51
359.0,20201210.0,565,8,96.0,25,13.0,1.0,52788.0,41705.0,12.0,46453.44,11083.0,1,1485.39
1006.0,20230115.0,13,457,6.0,15,5.0,1.0,36286.0,33147.0,18.0,29754.520000000004,3139.0,1,635.96
1184.0,,469,347,97.0,25,1.0,1.0,1000.0,41883.0,4.0,960.0,-40883.0,0,1311.99
1657.0,,676,210,100.0,19,10.0,1.0,119341.0,109825.0,21.0,94279.39,9516.0,1,3184.75
1286.0,,386,567,74.0,33,13.0,1.0,81424.0,62107.0,5.0,77352.8,19317.0,0,1959.94
1750.0,,475,487,8.0,18,17.0,1.0,1000.0,31858.0,5.0,950.0,-30858.0,0,662.62
1903.0,,372,568,41.0,14,10.0,1.0,142153.0,108151.0,22.0,110879.34000000001,34002.0,0,4819.23
188.0,,478,563,74.0,5,9.0,1.0,52584.0,45887.0,26.0,38912.159999999996,6697.0,1,
889.0,,725,437,51.0,19,18.0,1.0,37727.0,28025.0,20.0,30181.600000000002,9702.0,1,1218.44
1434.0,,684,447,28.0,34,17.0,1.0,62191.0,53291.0,25.0,46643.25,8900.0,0,586.59
317.0,,115,456,99.0,11,11.0,1.0,1000.0,107747.0,13.0,870.0,-106747.0,1,2539.2
1247.0,,531,94,85.0,30,6.0,1.0,70216.0,57788.0,20.0,56172.8,12428.0,0,595.58
1722.0,,688,286,54.0,33,11.0,1.0,1000.0,83261.0,27.0,730.0,-82261.0,0,2961.46
1897.0,,480,122,62.0,27,8.0,1.0,75021.0,55493.0,20.0,60016.8,19528.0,0,1612.81
1847.0,,57,361,86.0,31,4.0,1.0,59210.0,54106.0,22.0,46183.8,5104.0,1,581.63
447.0,,626,302,15.0,4,16.0,1.0,140494.0,103268.0,18.0,115205.08,37226.0,0,2421.93
1231.0,,651,557,6.0,27,14.0,1.0,77883.0,62430.0,13.0,67758.21,15453.0,1,1193.32
1069.0,,821,261,32.0,5,13.0,1.0,92169.0,78485.0,15.0,78343.65,13684.0,1,3065.62
114.0,,483,116,87.0,32,19.0,1.0,,18989.0,2.0,,,0,
509.0,20220819.0,454,82,27.0,19,20.0,1.0,117608.0,100464.0,3.0,114079.76,17144.0,0,3255.33
1371.0,,45,216,21.0,9,9.0,1.0,31100.0,22272.0,5.0,29545.0,8828.0,0,
895.0,,25,49,75.0,30,8.0,1.0,1000.0,96547.0,20.0,800.0,-95547.0,0,3416.83
788.0,,553,151,41.0,13,10.0,1.0,34666.0,29330.0,11.0,30852.74,5336.0,0,286.94
564.0,,156,214,29.0,14,13.0,1.0,102277.0,75709.0,14.0,87958.22,26568.0,0,1717.51
506.0,,615,400,71.0,25,8.0,1.0,1000.0,107980.0,4.0,960.0,-106980.0,0,2681.45
98.0,,661,354,63.0,33,12.0,1.0,46418.0,34502.0,22.0,36206.04,11916.0,1,1317.99
1546.0,20201011.0,197,482,16.0,15,5.0,1.0,80908.0,62572.0,11.0,72008.12,18336.0,1,1008.04
295.0,,214,267,70.0,19,6.0,1.0,83803.0,76924.0,26.0,62014.22,6879.0,0,1215.06
887.0,,505,209,21.0,11,13.0,1.0,140697.0,104011.0,33.0,94266.98999999999,36686.0,1,
321.0,,656,260,91.0,19,19.0,1.0,49056.0,37280.0,3.0,47584.32,11776.0,1,1106.27
1943.0,,74,215,98.0,19,16.0,1.0,31010.0,25103.0,32.0,21086.8,5907.0,1,333.42
939.0,,407,98,21.0,12,6.0,1.0,126020.0,91833.0,13.0,109637.4,34187.0,0,1051.47
1071.0,,37,569,39.0,19,12.0,1.0,116028.0,86708.0,26.0,85860.72,29320.0,1,1574.93
967.0,,113,189,63.0,32,12.0,1.0,17795.0,16572.0,0.0,17795.0,1223.0,0,358.37
270.0,,123,7,61.0,26,8.0,1.0,21457.0,18119.0,6.0,20169.579999999998,3338.0,1,228.24
165.0,,62,191,48.0,24,13.0,1.0,55055.0,39497.0,3.0,53403.35,15558.0,1,766.75
1817.0,,740,392,68.0,22,19.0,1.0,155059.0,119599.0,20.0,124047.20000000001,35460.0,1,1242.7
345.0,,43,349,15.0,23,4.0,0.0,91332.0,66991.0,3.0,88592.04,24341.0,1,2004.01
981.0,,372,113,96.0,34,9.0,1.0,1000.0,48034.0,29.0,710.0,-47034.0,0,1501.1
1308.0,,605,428,41.0,20,13.0,1.0,91077.0,84903.0,25.0,68307.75,6174.0,1,1627.4
1908.0,,200,9,42.0,30,17.0,1.0,62579.0,48860.0,34.0,41302.13999999999,13719.0,1,1129.6
373.0,,345,295,53.0,23,6.0,1.0,101278.0,87224.0,10.0,91150.2,14054.0,0,2370.72
681.0,,35,228,5.0,6,6.0,1.0,1000.0,113306.0,28.999999999999996,710.0,-112306.0,0,4075.75
171.0,,897,4,68.0,31,6.0,1.0,109366.0,82800.0,9.0,99523.06,26566.0,1,1293.16
1136.0,,355,187,85.0,32,2.0,1.0,24253.0,20023.0,100.0,0.0,4230.0,1,307.64
854.0,,824,540,21.0,29,5.0,1.0,1000.0,35895.0,34.0,659.9999999999999,-34895.0,1,759.88
581.0,,865,320,100.0,7,9.0,1.0,82770.0,68587.0,31.0,57111.299999999996,14183.0,1,1569.38
632.0,,784,383,13.0,29,11.0,1.0,106120.0,93008.0,32.0,72161.59999999999,13112.0,0,904.0
36.0,,747,230,88.0,25,16.0,1.0,89358.0,65972.0,13.0,77741.46,23386.0,0,2519.94
604.0,,647,595,6.0,5,9.0,1.0,78915.0,73175.0,33.0,52873.049999999996,5740.0,1,886.48
409.0,,205,515,42.0,31,4.0,1.0,142208.0,107257.0,21.0,112344.32,34951.0,1,1363.46
1190.0,,733,219,11.0,35,18.0,1.0,63135.0,52371.0,3.0,61240.95,10764.0,1,2080.31
1451.0,,154,148,70.0,27,12.0,1.0,1000.0,110699.0,14.0,860.0,-109699.0,1,1727.59
458.0,,208,178,35.0,19,4.0,1.0,17928.0,16779.0,17.0,14880.24,1149.0,0,555.74
1718.0,,380,58,46.0,20,2.0,1.0,55765.0,49058.0,29.0,39593.15,6707.0,1,661.28
1917.0,,74,435,93.0,6,6.0,1.0,144034.0,107884.0,8.0,132511.28,36150.0,1,1957.24
1598.0,,878,536,80.0,15,11.0,1.0,1000.0,48284.0,25.0,750.0,-47284.0,0,2093.25
342.0,,284,239,15.0,16,7.0,1.0,94777.0,69340.0,18.0,77717.14,25437.0,1,1105.59
135.0,,401,583,30.0,13,3.0,1.0,90562.0,68789.0,31.0,62487.77999999999,21773.0,1,2542.71
777.0,,120,375,24.0,10,1.0,1.0,103864.0,86802.0,11.0,92438.96,17062.0,0,2829.05
1324.0,,808,381,46.0,25,15.0,1.0,40131.0,33331.0,31.0,27690.39,6800.0,0,460.42
547.0,,617,310,80.0,7,16.0,1.0,32293.0,28310.0,12.0,28417.84,3983.0,0,715.88
1762.0,,616,488,14.0,21,20.0,1.0,65460.0,58560.0,11.0,58259.4,6900.0,1,1343.55
1664.0,,407,207,87.0,10,18.0,1.0,122798.0,91620.0,33.0,82274.65999999999,31178.0,0,3905.21
950.0,,899,245,62.0,32,15.0,1.0,1000.0,34157.0,10.0,900.0,-33157.0,0,1393.95
712.0,,116,539,8.0,6,18.0,1.0,37514.0,27820.0,31.0,25884.659999999996,9694.0,1,525.9
556.0,20201207.0,644,321,45.0,30,10.0,1.0,140408.0,105321.0,6.0,131983.52,35087.0,0,2627.2
1213.0,,867,195,10.0,34,2.0,1.0,,58720.0,28.0,,,1,2049.74
439.0,,193,301,96.0,12,17.0,1.0,1000.0,63311.0,10.0,900.0,-62311.0,0,1489.5
772.0,20220408.0,350,404,22.0,5,20.0,1.0,71144.0,54342.0,15.0,60472.4,16802.0,1,923.93
1288.0,,240,61,7.0,17,7.0,1.0,42133.0,37520.0,9.0,38341.03,4613.0,1,703.27
1016.0,,25,500,68.0,28,12.0,1.0,1000.0,74075.0,3.0,970.0,-73075.0,1,1321.74
1672.0,20221113.0,469,199,40.0,25,14.0,1.0,1000.0,105812.0,28.999999999999996,710.0,-104812.0,0,4592.41
799.0,20210118.0,166,251,31.0,12,8.0,0.0,100189.0,79779.0,8.0,92173.88,20410.0,1,2669.7
1963.0,,237,227,34.0,20,17.0,1.0,,77580.0,20.0,,,1,2212.86
1445.0,,436,229,35.0,33,18.0,1.0,45969.0,36557.0,27.0,33557.37,9412.0,0,1093.49
1284.0,,371,226,30.0,32,17.0,1.0,68990.0,61582.0,25.0,51742.5,7408.0,1,803.6
1649.0,,119,206,30.0,13,7.0,1.0,102623.0,78438.0,20.0,82098.40000000001,24185.0,0,
1537.0,,786,518,68.0,23,3.0,1.0,108216.0,87144.0,15.0,91983.59999999999,21072.0,1,2091.07
1164.0,,214,410,65.0,13,11.0,1.0,117721.0,111373.0,19.0,95354.01000000001,6348.0,0,2785.62
92.0,,357,480,33.0,27,15.0,1.0,48529.0,35681.0,20.0,38823.200000000004,12848.0,0,399.02
523.0,,321,458,30.0,1,16.0,1.0,43431.0,31604.0,31.0,29967.39,11827.0,1,1095.54
261.0,,475,319,88.0,9,14.0,1.0,96557.0,72612.0,100.0,0.0,23945.0,1,2793.92
1112.0,,126,311,37.0,21,2.0,1.0,87020.0,66028.0,4.0,83539.2,20992.0,1,1817.35
70.0,,797,14,1.0,20,13.0,1.0,1000.0,113862.0,15.0,850.0,-112862.0,0,1212.63
136.0,,568,517,5.0,7,10.0,1.0,1000.0,39175.0,7.0,929.9999999999999,-38175.0,1,1642.67
1229.0,,892,502,31.0,18,13.0,1.0,104683.0,97119.0,31.0,72231.26999999999,7564.0,0,2851.47
1575.0,,53,359,66.0,24,7.0,1.0,135021.0,119871.0,33.0,90464.06999999999,15150.0,1,2172.49
1928.0,,667,12,90.0,3,2.0,1.0,139928.0,103379.0,16.0,117539.51999999999,36549.0,1,3210.08
508.0,,811,201,36.0,34,3.0,1.0,1000.0,58039.0,12.0,880.0,-57039.0,1,969.61
1628.0,,144,182,64.0,31,14.0,1.0,33239.0,27070.0,21.0,26258.81,6169.0,0,275.4
637.0,,282,591,78.0,35,7.0,1.0,1000.0,114617.0,28.0,720.0,-113617.0,0,3213.52
1751.0,,298,19,43.0,24,10.0,1.0,1000.0,68596.0,6.0,940.0,-67596.0,0,831.5
1703.0,,204,596,28.0,19,17.0,1.0,94619.0,75080.0,30.0,66233.3,19539.0,0,
1938.0,,610,499,98.0,5,13.0,1.0,108378.0,81054.0,18.0,88869.96,27324.0,0,
14.0,,67,52,60.0,18,7.0,1.0,1000.0,66275.0,1.0,990.0,-65275.0,1,1909.28
780.0,,678,3,73.0,3,16.0,1.0,61183.0,44570.0,5.0,58123.85,16613.0,0,1512.84
996.0,,450,65,90.0,34,19.0,1.0,68371.0,56476.0,27.0,49910.83,11895.0,0,
1756.0,,370,185,8.0,3,9.0,1.0,38070.0,33346.0,23.0,29313.9,4724.0,1,820.11
790.0,,12,329,45.0,30,15.0,1.0,1000.0,21196.0,18.0,820.0000000000001,-20196.0,1,193.69
1105.0,,309,75,4.0,16,10.0,1.0,1000.0,89453.0,18.0,820.0000000000001,-88453.0,0,4262.45
148.0,,105,571,28.0,15,7.0,1.0,1000.0,36736.0,24.0,760.0,-35736.0,0,1147.65
153.0,,567,217,27.0,11,8.0,1.0,72535.0,56364.0,28.0,52225.2,16171.0,0,1589.51
1814.0,,463,134,32.0,12,13.0,1.0,40837.0,37945.0,34.0,26952.42,2892.0,1,
1055.0,,228,231,84.0,26,7.0,1.0,140770.0,114647.0,4.0,135139.19999999998,26123.0,0,4033.52
1642.0,,56,411,43.0,23,18.0,1.0,55385.0,47094.0,4.0,53169.6,8291.0,1,1421.43
1189.0,,614,122,90.0,28,7.0,1.0,137889.0,99824.0,24.0,104795.64,38065.0,0,
265.0,,88,324,17.0,5,7.0,1.0,101816.0,85179.0,12.0,89598.08,16637.0,0,1345.68
1800.0,,365,425,69.0,10,9.0,1.0,88677.0,80816.0,2.0,86903.45999999999,7861.0,0,
1166.0,,424,446,12.0,33,12.0,1.0,71692.0,53272.0,5.0,68107.4,18420.0,1,941.78
1367.0,,291,272,68.0,11,2.0,1.0,74520.0,56501.0,29.0,52909.2,18019.0,1,806.12
1683.0,,819,13,54.0,35,16.0,1.0,1000.0,50840.0,12.0,880.0,-49840.0,1,2071.73
1060.0,,17,251,20.0,4,18.0,1.0,1000.0,107444.0,28.000000000000004,720.0,-106444.0,0,1086.34
1813.0,,840,376,3.0,9,5.0,1.0,1000.0,53942.0,13.0,870.0,-52942.0,1,
1564.0,,705,583,81.0,28,7.0,1.0,28454.0,25864.0,0.0,28454.0,2590.0,0,379.91
180.0,,407,299,23.0,33,6.0,1.0,32140.0,28985.0,12.0,28283.2,3155.0,1,463.4
258.0,,581,440,20.0,34,15.0,1.0,91437.0,69635.0,18.0,74978.34000000001,21802.0,1,1893.74
1549.0,,305,303,53.0,34,14.0,1.0,,100689.0,31.0,,,1,3172.03
1889.0,,30,459,24.0,22,5.0,1.0,1000.0,53924.0,9.0,910.0,-52924.0,0,878.96
1694.0,,339,568,56.0,22,15.0,1.0,53203.0,39760.0,0.0,53203.0,13443.0,1,
680.0,,811,84,13.0,34,19.0,1.0,55293.0,44507.0,23.0,42575.61,10786.0,1,934.18
362.0,,798,595,47.0,8,15.0,1.0,106685.0,83309.0,34.0,70412.09999999999,23376.0,1,1539.04
1586.0,,304,360,97.0,26,11.0,1.0,35248.0,28929.0,30.0,24673.6,6319.0,1,807.72
906.0,,617,298,77.0,16,4.0,1.0,131331.0,113589.0,22.0,102438.18000000001,17742.0,1,4054.87
698.0,,491,286,64.0,5,17.0,1.0,103011.0,86298.0,27.0,75198.03,16713.0,1,
55.0,,53,184,52.0,5,15.0,1.0,59861.0,43165.0,20.0,47888.8,16696.0,1,887.24
370.0,,56,206,66.0,31,20.0,1.0,157522.0,114118.0,3.0,152796.34,43404.0,0,
507.0,,592,100,61.0,16,8.0,1.0,1000.0,61249.0,11.0,890.0,-60249.0,0,2415.0
756.0,,544,67,42.0,18,8.0,1.0,89932.0,74969.0,30.0,62952.399999999994,14963.0,1,1195.91
1856.0,,104,90,70.0,28,14.0,1.0,129435.0,94827.0,13.0,112608.45,34608.0,0,3713.17
527.0,,418,174,73.0,8,18.0,1.0,112095.0,83925.0,35.0,72861.75,28170.0,0,3117.92
1215.0,20200110.0,588,585,86.0,12,1.0,1.0,54444.0,51183.0,17.0,45188.52,3261.0,1,1428.96
597.0,,724,351,30.0,7,14.0,1.0,1000.0,29242.0,32.0,679.9999999999999,-28242.0,0,1195.75
1283.0,,832,232,50.0,11,16.0,1.0,134676.0,101684.0,16.0,113127.84,32992.0,1,4513.76
1376.0,,561,225,72.0,28,5.0,1.0,50287.0,42681.0,27.0,36709.51,7606.0,1,1417.92
1734.0,,281,456,9.0,17,5.0,1.0,27305.0,25203.0,11.0,24301.45,2102.0,0,736.82
1424.0,,392,8,69.0,10,8.0,1.0,48389.0,40360.0,11.0,43066.21,8029.0,1,764.18
1925.0,20221220.0,198,269,29.0,26,18.0,1.0,137250.0,100182.0,26.0,101565.0,37068.0,1,2028.36
797.0,,115,142,44.0,16,19.0,1.0,109516.0,82269.0,10.0,98564.40000000001,27247.0,0,2061.71
1317.0,20201209.0,297,84,48.0,32,16.0,1.0,63715.0,58929.0,14.0,54794.9,4786.0,1,1287.29
1333.0,,766,309,46.0,18,2.0,1.0,118535.0,91145.0,11.0,105496.15000000001,27390.0,1,
1592.0,,498,90,60.0,28,7.0,1.0,113608.0,97889.0,100.0,0.0,15719.0,1,1185.62
1361.0,,660,191,41.0,10,1.0,1.0,1000.0,47064.0,20.0,800.0,-46064.0,0,1494.13
1095.0,,380,96,54.0,10,4.0,1.0,68626.0,58862.0,18.0,56273.32000000001,9764.0,1,1499.77
621.0,,753,565,54.0,24,1.0,1.0,1000.0,98027.0,28.0,720.0,-97027.0,1,3470.33
585.0,,477,481,91.0,20,16.0,1.0,132133.0,98801.0,22.0,103063.74,33332.0,0,3395.29
56.0,,10,461,12.0,34,11.0,1.0,1000.0,102455.0,32.0,679.9999999999999,-101455.0,0,
1805.0,,708,275,58.0,9,7.0,1.0,1000.0,114965.0,25.0,750.0,-113965.0,1,3148.45
1759.0,,623,315,69.0,7,12.0,0.0,117331.0,92825.0,15.0,99731.34999999999,24506.0,1,2950.58
191.0,,693,550,90.0,5,16.0,1.0,109797.0,86932.0,11.0,97719.33,22865.0,0,3542.0
116.0,,818,126,21.0,9,19.0,1.0,1000.0,30888.0,7.000000000000001,929.9999999999999,-29888.0,1,724.76
1475.0,20230924.0,593,34,72.0,24,19.0,1.0,115982.0,94750.0,9.0,105543.62000000001,21232.0,0,1094.19
20.0,,91,102,89.0,32,10.0,1.0,138310.0,100388.0,23.0,106498.7,37922.0,0,4477.44
1469.0,,493,347,29.0,12,17.0,1.0,112409.0,104927.0,19.0,91051.29000000001,7482.0,1,3750.82
1819.0,,327,590,41.0,29,12.0,1.0,20712.0,19056.0,34.0,13669.919999999998,1656.0,0,564.23
669.0,,172,26,26.0,11,20.0,1.0,120309.0,89106.0,32.0,81810.12,31203.0,0,1984.36
750.0,,283,576,39.0,12,8.0,1.0,99014.0,76490.0,0.0,99014.0,22524.0,1,2510.57
201.0,,382,417,78.0,26,10.0,1.0,47451.0,36600.0,0.0,47451.0,10851.0,1,1438.49
424.0,,313,53,24.0,13,5.0,1.0,96452.0,78879.0,18.0,79090.64,17573.0,1,2304.02
1554.0,,180,63,57.0,35,15.0,1.0,62932.0,52412.0,31.0,43423.079999999994,10520.0,1,917.92
1121.0,,226,422,24.0,24,16.0,1.0,136453.0,115590.0,11.0,121443.17,20863.0,1,1093.59
353.0,,479,311,34.0,7,15.0,1.0,1000.0,15153.0,30.0,700.0,-14153.0,0,527.01
1767.0,20240630.0,372,338,36.0,24,11.0,1.0,1000.0,84225.0,13.0,870.0,-83225.0,0,3611.28
1137.0,,592,416,22.0,30,16.0,1.0,143002.0,111315.0,26.0,105821.48,31687.0,1,2375.63
1300.0,,660,230,73.0,19,8.0,1.0,73269.0,65912.0,7.0,68140.17,7357.0,1,2189.21
1076.0,,755,95,12.0,28,13.0,1.0,1000.0,43268.0,16.0,840.0,-42268.0,0,1072.84
607.0,,383,356,87.0,24,4.0,1.0,155409.0,112963.0,17.0,128989.46999999999,42446.0,1,2707.08
278.0,,111,565,53.0,23,13.0,1.0,124760.0,91728.0,3.0,121017.2,33032.0,0,1947.59
1148.0,,840,553,65.0,10,3.0,1.0,55787.0,47598.0,24.0,42398.12,8189.0,0,1795.76
1335.0,,417,208,5.0,2,6.0,1.0,147302.0,115667.0,2.0,144355.96,31635.0,1,3438.6
924.0,20200129.0,168,591,86.0,22,12.0,1.0,1000.0,46311.0,9.0,910.0,-45311.0,0,1164.44
553.0,,736,497,77.0,29,4.0,1.0,33632.0,24586.0,27.0,24551.36,9046.0,0,
1394.0,,737,576,31.0,32,14.0,0.0,75432.0,64229.0,11.0,67134.48,11203.0,1,986.22
793.0,,595,409,46.0,11,13.0,1.0,101404.0,72717.0,20.0,81123.20000000001,28687.0,0,903.96
1127.0,,612,30,17.0,17,14.0,1.0,69646.0,62427.0,28.0,50145.119999999995,7219.0,1,1242.79
421.0,,762,260,39.0,13,19.0,1.0,72869.0,69365.0,0.0,72869.0,3504.0,0,2320.17
821.0,,211,311,49.0,3,7.0,1.0,76615.0,68055.0,22.0,59759.700000000004,8560.0,1,765.87
891.0,20210629.0,563,552,18.0,4,4.0,1.0,140563.0,103859.0,3.0,136346.11,36704.0,1,4523.48
511.0,,305,94,92.0,10,7.0,1.0,30807.0,26043.0,6.0,28958.579999999998,4764.0,1,823.88
398.0,,690,58,74.0,6,10.0,1.0,83722.0,66574.0,9.0,76187.02,17148.0,1,1504.93
662.0,,731,542,42.0,32,14.0,1.0,69737.0,52638.0,6.0,65552.78,17099.0,1,562.69
1690.0,,405,378,89.0,5,11.0,1.0,1000.0,31977.0,10.0,900.0,-30977.0,1,389.34
1216.0,,65,307,84.0,30,5.0,1.0,1000.0,107547.0,17.0,830.0,-106547.0,0,2094.55
1181.0,20230407.0,645,547,63.0,13,12.0,1.0,1000.0,89472.0,32.0,679.9999999999999,-88472.0,0,1361.57
1034.0,,606,268,53.0,28,16.0,1.0,39156.0,36464.0,7.0,36415.079999999994,2692.0,1,752.33
149.0,,867,582,58.0,12,5.0,1.0,113721.0,95178.0,0.0,113721.0,18543.0,0,1209.86
940.0,,233,294,6.0,25,16.0,1.0,80327.0,76322.0,7.0,74704.11,4005.0,0,704.54
246.0,,696,364,71.0,6,18.0,1.0,52852.0,41213.0,33.0,35410.84,11639.0,0,1620.35
878.0,,895,380,86.0,20,18.0,1.0,119811.0,99987.0,10.0,107829.90000000001,19824.0,0,2812.12
259.0,,664,201,93.0,7,6.0,1.0,1000.0,25362.0,3.0,970.0,-24362.0,1,
53.0,,14,263,16.0,21,20.0,1.0,89358.0,68158.0,33.0,59869.85999999999,21200.0,1,2122.21
237.0,20210701.0,147,190,3.0,27,1.0,1.0,1000.0,25726.0,5.0,950.0,-24726.0,1,468.98
1755.0,,558,543,42.0,1,18.0,1.0,70014.0,65442.0,6.0,65813.16,4572.0,1,2071.06
455.0,,241,160,67.0,29,19.0,1.0,24261.0,19720.0,30.0,16982.7,4541.0,1,615.29
377.0,,107,504,46.0,19,6.0,1.0,1000.0,47182.0,34.0,659.9999999999999,-46182.0,1,
828.0,,722,370,12.0,22,18.0,1.0,1000.0,80140.0,100.0,0.0,-79140.0,0,2446.19
1825.0,20220106.0,650,363,3.0,29,19.0,1.0,134285.0,109884.0,16.0,112799.4,24401.0,0,3084.65
128.0,,812,243,10.0,16,15.0,1.0,71969.0,54338.0,0.0,71969.0,17631.0,1,2423.64
1763.0,,684,502,18.0,1,1.0,1.0,69926.0,52552.0,12.0,61534.88,17374.0,0,864.34
1416.0,,283,565,15.0,23,7.0,1.0,108766.0,98595.0,24.0,82662.16,10171.0,1,2059.26
1408.0,,376,21,91.0,21,8.0,1.0,1000.0,118742.0,24.0,760.0,-117742.0,1,4580.46
847.0,,190,226,70.0,29,15.0,0.0,1000.0,115419.0,23.0,770.0,-114419.0,1,
1439.0,20210123.0,786,240,80.0,32,6.0,1.0,40900.0,38103.0,16.0,34356.0,2797.0,0,983.02
390.0,,87,494,44.0,16,17.0,1.0,126588.0,115820.0,16.0,106333.92,10768.0,0,3730.64
653.0,,300,341,2.0,4,4.0,1.0,31039.0,27120.0,26.0,22968.86,3919.0,1,477.53
438.0,,148,197,45.0,2,8.0,1.0,1000.0,97316.0,16.0,840.0,-96316.0,0,1513.08
349.0,,639,58,36.0,28,8.0,1.0,149923.0,118459.0,30.0,104946.09999999999,31464.0,0,3223.77
408.0,,504,191,3.0,35,13.0,1.0,59091.0,54625.0,7.0,54954.63,4466.0,0,1076.94
316.0,,540,298,3.0,16,6.0,1.0,1000.0,79992.0,6.0,940.0,-78992.0,0,
1511.0,,45,499,93.0,4,13.0,1.0,1000.0,67272.0,14.000000000000002,860.0,-66272.0,0,901.18
1459.0,,722,267,68.0,14,16.0,1.0,61533.0,46415.0,5.0,58456.35,15118.0,1,2021.0
592.0,20240616.0,47,294,93.0,23,19.0,1.0,1000.0,36190.0,28.0,720.0,-35190.0,1,1180.18
1784.0,,146,285,50.0,30,10.0,1.0,103551.0,90165.0,18.0,84911.82,13386.0,0,3545.84
1782.0,,555,25,36.0,12,18.0,1.0,19459.0,18092.0,23.0,14983.43,1367.0,1,615.78
1932.0,,555,557,87.0,26,7.0,1.0,54867.0,49479.0,24.0,41698.92,5388.0,0,1799.59
661.0,,27,114,55.0,28,17.0,1.0,29221.0,22390.0,31.0,20162.489999999998,6831.0,1,811.89
1024.0,,365,508,72.0,2,17.0,1.0,87072.0,73159.0,21.0,68786.88,13913.0,1,2215.73
354.0,,284,382,9.0,26,7.0,1.0,117970.0,101043.0,4.0,113251.2,16927.0,0,3475.85
1301.0,,331,340,68.0,23,17.0,1.0,1000.0,66178.0,25.0,750.0,-65178.0,0,1884.26
1982.0,,22,484,26.0,22,13.0,1.0,138663.0,119461.0,16.0,116476.92,19202.0,1,
1194.0,,707,581,51.0,17,9.0,1.0,1000.0,36232.0,5.0,950.0,-35232.0,1,843.61
918.0,,228,309,6.0,27,18.0,1.0,28064.0,21883.0,34.0,18522.239999999998,6181.0,1,781.72
1548.0,,537,107,89.0,32,7.0,1.0,1000.0,29249.0,18.0,820.0000000000001,-28249.0,0,983.2
537.0,,466,74,21.0,6,16.0,1.0,39898.0,32067.0,31.0,27529.62,7831.0,0,568.24
139.0,,443,352,99.0,2,10.0,1.0,122750.0,102680.0,26.0,90835.0,20070.0,1,3107.85
628.0,,534,503,51.0,16,3.0,1.0,118131.0,102449.0,13.0,102773.97,15682.0,0,3737.61
1748.0,,356,453,75.0,27,3.0,1.0,100172.0,74995.0,26.0,74127.28,25177.0,1,2933.96
1030.0,,757,535,19.0,28,3.0,1.0,1000.0,110189.0,0.0,1000.0,-109189.0,0,3449.74
1841.0,,58,6,92.0,18,11.0,1.0,139854.0,109276.0,24.0,106289.04000000001,30578.0,0,3819.68
518.0,,825,461,4.0,18,16.0,0.0,60284.0,54835.0,3.0,58475.479999999996,5449.0,1,2035.47
184.0,,716,70,99.0,29,6.0,1.0,102323.0,96331.0,25.0,76742.25,5992.0,0,1733.2
318.0,,272,328,44.0,12,7.0,1.0,123642.0,101719.0,27.0,90258.66,21923.0,1,
1934.0,20240724.0,310,411,97.0,25,14.0,1.0,30623.0,29046.0,31.0,21129.87,1577.0,0,873.44
795.0,,533,263,46.0,20,20.0,1.0,1000.0,116308.0,11.0,890.0,-115308.0,0,1208.16
450.0,,187,355,11.0,17,2.0,1.0,1000.0,42311.0,8.0,920.0,-41311.0,1,1122.87
174.0,,58,511,78.0,33,4.0,1.0,118975.0,97290.0,29.0,84472.25,21685.0,1,2163.44
54.0,,573,54,99.0,20,20.0,1.0,75279.0,66425.0,24.0,57212.04,8854.0,1,1923.44
119.0,,24,60,7.0,34,16.0,1.0,25439.0,18550.0,17.0,21114.37,6889.0,1,471.74
202.0,,727,101,99.0,27,13.0,1.0,108032.0,87735.0,27.0,78863.36,20297.0,0,3184.89
1571.0,,98,361,30.0,33,18.0,1.0,127206.0,94876.0,26.0,94132.44,32330.0,1,1544.33
1156.0,,369,414,1.0,5,2.0,1.0,146502.0,110122.0,24.0,111341.52,36380.0,1,2419.83
536.0,,694,272,38.0,23,11.0,1.0,51207.0,39618.0,13.0,44550.09,11589.0,0,942.63
1050.0,,481,430,84.0,23,1.0,1.0,92736.0,71428.0,2.0,90881.28,21308.0,1,2871.44
305.0,,180,115,30.0,33,3.0,1.0,84887.0,76549.0,3.0,82340.39,8338.0,0,1230.57
313.0,,759,219,6.0,2,13.0,1.0,29699.0,24185.0,10.0,26729.100000000002,5514.0,0,692.04
1007.0,,562,90,93.0,14,13.0,1.0,119403.0,107916.0,27.0,87164.19,11487.0,0,3350.85
852.0,,74,359,87.0,27,5.0,1.0,81323.0,60116.0,29.0,57739.329999999994,21207.0,1,2394.98
351.0,,218,2,85.0,13,9.0,1.0,157009.0,117333.0,33.0,105196.02999999998,39676.0,1,1719.56
1503.0,,300,270,48.0,5,11.0,1.0,138916.0,105180.0,34.0,91684.55999999998,33736.0,0,1780.6
1622.0,,242,240,3.0,17,12.0,1.0,37712.0,31297.0,25.0,28284.0,6415.0,0,365.47
1207.0,,533,585,52.0,23,17.0,1.0,17433.0,15832.0,15.0,14818.05,1601.0,1,349.84
296.0,,648,538,39.0,33,14.0,1.0,39125.0,33307.0,12.0,34430.0,5818.0,1,539.27
127.0,,526,532,74.0,31,3.0,1.0,21732.0,19210.0,5.0,20645.399999999998,2522.0,1,729.9
453.0,,628,30,89.0,1,13.0,0.0,76697.0,60954.0,27.0,55988.81,15743.0,1,1324.73
1214.0,,795,74,26.0,3,7.0,1.0,1000.0,38735.0,32.0,679.9999999999999,-37735.0,1,643.68
1275.0,,656,502,62.0,32,2.0,1.0,1000.0,17595.0,2.0,980.0,-16595.0,1,487.74
1570.0,,840,373,9.0,7,1.0,1.0,107112.0,96227.0,4.0,102827.51999999999,10885.0,1,
586.0,,535,30,72.0,8,14.0,1.0,23748.0,21300.0,8.0,21848.16,2448.0,1,
1563.0,,816,82,19.0,16,12.0,1.0,1000.0,23971.0,32.0,679.9999999999999,-22971.0,1,509.85
886.0,,5,313,94.0,15,13.0,1.0,18091.0,15493.0,19.0,14653.710000000001,2598.0,0,271.79
617.0,,849,115,56.0,25,1.0,1.0,27831.0,23238.0,7.0,25882.829999999998,4593.0,1,
525.0,,203,583,85.0,35,1.0,1.0,114366.0,84957.0,31.0,78912.54,29409.0,1,3541.68
1785.0,,819,401,18.0,30,16.0,1.0,74283.0,58860.0,28.000000000000004,53483.759999999995,15423.0,1,1444.16
1080.0,20220323.0,870,105,69.0,28,18.0,1.0,1000.0,62171.0,10.0,900.0,-61171.0,0,2046.59
1769.0,,764,64,27.0,7,8.0,1.0,82695.0,67103.0,8.0,76079.40000000001,15592.0,0,2595.65
1838.0,,155,50,23.0,22,16.0,1.0,131239.0,94386.0,27.0,95804.47,36853.0,0,
133.0,,450,343,16.0,23,11.0,1.0,20766.0,18537.0,18.0,17028.120000000003,2229.0,1,614.1
636.0,,265,25,44.0,21,18.0,1.0,57361.0,44802.0,28.0,41299.92,12559.0,0,
1081.0,20231109.0,301,1,98.0,9,10.0,1.0,1000.0,95703.0,4.0,960.0,-94703.0,0,3709.14
1522.0,20200217.0,228,573,33.0,22,4.0,1.0,66707.0,49377.0,6.0,62704.579999999994,17330.0,1,803.56
251.0,,84,499,91.0,10,6.0,1.0,104472.0,89940.0,24.0,79398.72,14532.0,0,2848.19
84.0,,557,567,4.0,22,19.0,1.0,1000.0,43365.0,8.0,920.0,-42365.0,1,997.7
1004.0,,838,28,4.0,4,8.0,1.0,114643.0,97091.0,18.0,94007.26000000001,17552.0,1,3341.33
1446.0,,449,548,42.0,30,16.0,1.0,61386.0,51851.0,16.0,51564.24,9535.0,1,902.93
1172.0,,671,362,56.0,20,5.0,1.0,89595.0,79792.0,14.0,77051.7,9803.0,0,1799.76
1243.0,,897,237,56.0,2,19.0,1.0,127397.0,95424.0,23.0,98095.69,31973.0,0,1050.44
1067.0,,58,560,99.0,1,6.0,1.0,119623.0,111058.0,19.0,96894.63,8565.0,0,1434.33
267.0,,275,562,44.0,25,16.0,1.0,1000.0,83897.0,30.0,700.0,-82897.0,1,1627.06
482.0,,570,87,93.0,24,16.0,1.0,1000.0,55345.0,4.0,960.0,-54345.0,1,705.72
1761.0,,104,170,3.0,17,4.0,1.0,1000.0,68752.0,29.0,710.0,-67752.0,0,1546.63
571.0,,164,310,98.0,3,11.0,1.0,1000.0,72498.0,3.0,970.0,-71498.0,0,2807.87
670.0,,527,209,28.0,23,8.0,1.0,58374.0,44882.0,26.0,43196.76,13492.0,1,644.52
605.0,,541,390,16.0,2,19.0,1.0,116954.0,98894.0,0.0,116954.0,18060.0,1,
1536.0,,811,59,55.0,32,12.0,1.0,60729.0,51290.0,23.0,46761.33,9439.0,1,1988.25
1770.0,20230428.0,855,289,10.0,24,18.0,1.0,114271.0,89955.0,27.0,83417.83,24316.0,0,3755.73
1631.0,,190,75,15.0,21,20.0,1.0,92163.0,68039.0,0.0,92163.0,24124.0,1,3039.44
1977.0,,251,400,30.0,28,5.0,1.0,65975.0,60575.0,10.0,59377.5,5400.0,1,1742.67
1279.0,,302,323,73.0,8,12.0,1.0,78547.0,68008.0,16.0,65979.48,10539.0,0,2419.04
1613.0,,323,515,98.0,2,5.0,1.0,42024.0,34894.0,13.0,36560.88,7130.0,1,879.34
748.0,,825,144,11.0,17,9.0,1.0,1000.0,62677.0,27.0,730.0,-61677.0,1,859.38
245.0,,743,115,15.0,35,13.0,1.0,62657.0,47984.0,33.0,41980.189999999995,14673.0,1,1900.48
1935.0,,612,220,95.0,8,12.0,1.0,,53250.0,27.0,,,0,2121.87
33.0,20240407.0,622,199,83.0,28,12.0,1.0,1000.0,47832.0,6.0,940.0,-46832.0,0,556.82
1203.0,,871,593,6.0,14,13.0,1.0,71107.0,55952.0,21.0,56174.530000000006,15155.0,1,1022.13
622.0,,483,37,25.0,12,12.0,1.0,1000.0,35783.0,4.0,960.0,-34783.0,0,545.4
955.0,,673,27,63.0,35,5.0,0.0,28864.0,25895.0,100.0,0.0,2969.0,1,506.36
1668.0,,500,150,65.0,2,18.0,1.0,32476.0,28749.0,5.0,30852.199999999997,3727.0,1,373.78
650.0,,812,477,33.0,25,3.0,1.0,112419.0,89410.0,29.0,79817.48999999999,23009.0,1,1364.25
1175.0,,259,467,76.0,17,1.0,1.0,43147.0,33164.0,10.0,38832.3,9983.0,1,1300.1
150.0,,464,213,93.0,35,10.0,1.0,1000.0,78605.0,28.0,720.0,-77605.0,1,1457.03
1291.0,,592,122,100.0,34,20.0,1.0,55922.0,45286.0,28.0,40263.84,10636.0,1,966.65
1028.0,,730,521,100.0,17,5.0,1.0,34492.0,26169.0,25.0,25869.0,8323.0,1,
459.0,,534,360,72.0,24,1.0,1.0,45484.0,35107.0,30.0,31838.8,10377.0,0,
1848.0,,575,149,43.0,23,4.0,1.0,,20505.0,29.0,,,1,305.29
1601.0,,162,529,98.0,6,18.0,1.0,1000.0,117006.0,0.0,1000.0,-116006.0,0,2549.95
1219.0,,187,48,13.0,26,5.0,1.0,26078.0,18760.0,33.0,17472.26,7318.0,0,402.1
1916.0,,109,321,12.0,25,13.0,1.0,71901.0,63918.0,30.0,50330.7,7983.0,0,1662.86
579.0,,513,580,62.0,1,9.0,1.0,1000.0,88995.0,35.0,650.0,-87995.0,1,2471.6
1918.0,,314,422,24.0,4,6.0,1.0,93994.0,67547.0,33.0,62975.979999999996,26447.0,1,1812.83
1974.0,,49,166,100.0,2,4.0,1.0,104601.0,89009.0,8.0,96232.92,15592.0,0,2665.17
1038.0,,464,175,66.0,33,11.0,1.0,30501.0,25639.0,16.0,25620.84,4862.0,0,951.2
762.0,,683,488,92.0,8,11.0,1.0,1000.0,46078.0,7.0,929.9999999999999,-45078.0,0,
1996.0,,120,221,87.0,24,8.0,1.0,94562.0,68627.0,3.0,91725.14,25935.0,1,1812.78
734.0,,342,153,85.0,10,10.0,1.0,1000.0,42232.0,12.0,880.0,-41232.0,0,
1399.0,,508,362,19.0,28,16.0,1.0,1000.0,95169.0,8.0,920.0,-94169.0,0,2407.37
1310.0,,97,366,57.0,8,13.0,1.0,112913.0,93569.0,31.0,77909.97,19344.0,0,2787.11
399.0,,733,588,100.0,24,19.0,1.0,26304.0,24765.0,28.0,18938.88,1539.0,0,277.21
928.0,,12,50,47.0,31,19.0,1.0,64403.0,46414.0,2.0,63114.94,17989.0,0,2147.2
58.0,,354,31,28.0,12,14.0,1.0,34275.0,28884.0,13.0,29819.25,5391.0,0,799.19
1911.0,,270,88,17.0,19,15.0,1.0,69235.0,58197.0,9.0,63003.85,11038.0,1,1904.83
543.0,,239,158,85.0,29,9.0,1.0,25611.0,18728.0,15.0,21769.35,6883.0,0,424.51
1209.0,,95,23,32.0,11,10.0,1.0,1000.0,64136.0,6.0,940.0,-63136.0,0,
1336.0,,892,245,62.0,28,7.0,1.0,,39945.0,26.0,,,0,610.73
992.0,,662,522,57.0,19,14.0,1.0,130035.0,100198.0,14.000000000000002,111830.09999999999,29837.0,1,2414.93
1163.0,,303,401,18.0,32,8.0,1.0,1000.0,105884.0,7.0,929.9999999999999,-104884.0,0,3742.1
1179.0,,754,369,19.0,2,19.0,1.0,29811.0,24353.0,22.0,23252.58,5458.0,0,688.13
1077.0,,597,261,97.0,33,11.0,1.0,91705.0,80532.0,30.0,64193.49999999999,11173.0,0,1187.61
1611.0,,327,255,54.0,20,19.0,1.0,81017.0,65167.0,100.0,0.0,15850.0,0,2673.71
1646.0,,791,594,63.0,15,20.0,1.0,123010.0,102970.0,13.0,107018.7,20040.0,1,1108.95
569.0,,390,535,36.0,19,19.0,1.0,41240.0,35369.0,33.0,27630.799999999996,5871.0,0,671.6
853.0,,712,247,14.0,18,3.0,1.0,1000.0,15761.0,6.0,940.0,-14761.0,1,291.54
1890.0,,462,198,99.0,30,2.0,1.0,57366.0,47160.0,15.0,48761.1,10206.0,1,1708.26
1684.0,,288,124,100.0,4,12.0,1.0,1000.0,105557.0,11.0,890.0,-104557.0,1,2615.48
737.0,,198,22,82.0,3,2.0,1.0,40014.0,37592.0,23.0,30810.780000000002,2422.0,0,613.62
473.0,,533,158,67.0,24,9.0,1.0,42670.0,31850.0,8.0,39256.4,10820.0,1,682.26
1779.0,,101,309,4.0,1,5.0,1.0,39088.0,30317.0,20.0,31270.4,8771.0,0,1172.01
1494.0,,683,260,22.0,26,11.0,1.0,59682.0,48903.0,5.0,56697.899999999994,10779.0,0,1120.11
272.0,,271,327,59.0,16,6.0,1.0,,75027.0,6.0,,,0,3277.33
1005.0,,124,169,49.0,3,7.0,1.0,1000.0,101742.0,13.0,870.0,-100742.0,0,4498.17
185.0,,347,79,22.0,19,3.0,1.0,55404.0,50708.0,0.0,55404.0,4696.0,1,587.35
1282.0,,634,310,72.0,12,15.0,0.0,31874.0,23505.0,0.0,31874.0,8369.0,1,464.49
1693.0,,751,42,16.0,18,14.0,1.0,132647.0,100934.0,29.0,94179.37,31713.0,1,1426.17
391.0,,487,339,8.0,4,9.0,1.0,1000.0,46088.0,18.0,820.0000000000001,-45088.0,1,434.81
224.0,,811,290,21.0,28,9.0,1.0,98417.0,81463.0,100.0,0.0,16954.0,0,2725.86
994.0,,440,540,14.0,31,6.0,1.0,100889.0,84384.0,34.0,66586.73999999999,16505.0,0,3098.7
1844.0,,162,312,53.0,11,14.0,1.0,48738.0,41067.0,23.0,37528.26,7671.0,0,
747.0,,661,370,41.0,10,4.0,1.0,34652.0,27991.0,12.0,30493.76,6661.0,0,979.82
112.0,,476,223,59.0,15,3.0,1.0,137051.0,111943.0,35.0,89083.15000000001,25108.0,0,2882.13
1837.0,,811,538,90.0,34,3.0,1.0,1000.0,34480.0,4.0,960.0,-33480.0,1,1348.97
1726.0,,866,576,84.0,13,7.0,1.0,1000.0,97686.0,33.0,669.9999999999999,-96686.0,1,1383.09
1298.0,,575,10,30.0,30,13.0,1.0,163942.0,119897.0,33.0,109841.13999999998,44045.0,1,5445.54
380.0,,292,378,85.0,3,18.0,1.0,134905.0,99872.0,20.0,107924.0,35033.0,0,2406.69
28.0,,546,55,97.0,35,11.0,1.0,28101.0,25209.0,19.0,22761.81,2892.0,1,802.67
769.0,,716,352,16.0,12,19.0,1.0,80941.0,64886.0,19.0,65562.21,16055.0,0,1007.32
559.0,20200302.0,543,227,15.0,22,18.0,1.0,65462.0,57362.0,30.0,45823.399999999994,8100.0,0,1383.16
413.0,,304,579,12.0,5,2.0,1.0,45968.0,35779.0,16.0,38613.119999999995,10189.0,1,811.45
260.0,,778,320,67.0,9,10.0,1.0,49573.0,42211.0,30.0,34701.1,7362.0,0,526.18
356.0,,513,124,82.0,6,14.0,1.0,1000.0,53004.0,24.0,760.0,-52004.0,1,534.45
1452.0,,788,288,93.0,26,11.0,1.0,16851.0,15816.0,100.0,0.0,1035.0,1,239.62
1400.0,,283,144,81.0,31,4.0,1.0,142163.0,118490.0,33.0,95249.20999999999,23673.0,1,3429.57
1012.0,,86,20,70.0,1,9.0,1.0,1000.0,101992.0,23.0,770.0,-100992.0,1,2837.89
1687.0,,81,583,66.0,29,4.0,1.0,,44391.0,14.0,,,1,1232.49
256.0,,562,402,87.0,9,18.0,1.0,1000.0,64842.0,12.0,880.0,-63842.0,1,
1957.0,,264,238,48.0,2,2.0,1.0,1000.0,16634.0,28.0,720.0,-15634.0,1,296.91
575.0,,441,543,79.0,31,19.0,1.0,1000.0,105232.0,100.0,0.0,-104232.0,1,1874.0
1804.0,,877,377,15.0,30,15.0,1.0,99541.0,93696.0,35.0,64701.65,5845.0,0,1087.31
1151.0,,58,165,20.0,30,12.0,1.0,145859.0,116839.0,22.0,113770.02,29020.0,0,4213.61
740.0,,245,61,67.0,22,19.0,1.0,110460.0,97718.0,19.0,89472.6,12742.0,1,3024.22
968.0,,667,455,56.0,6,2.0,1.0,90072.0,80208.0,17.0,74759.76,9864.0,0,1795.92
1020.0,,202,164,16.0,15,20.0,1.0,24816.0,21292.0,7.0,23078.879999999997,3524.0,0,413.52
757.0,20200820.0,120,149,59.0,10,20.0,1.0,1000.0,105058.0,20.0,800.0,-104058.0,1,3286.15
837.0,,755,250,9.0,18,5.0,1.0,34277.0,31207.0,34.0,22622.819999999996,3070.0,0,
724.0,,78,304,81.0,4,6.0,1.0,59339.0,55347.0,16.0,49844.759999999995,3992.0,1,627.42
541.0,20200616.0,109,17,73.0,27,13.0,1.0,86077.0,72452.0,2.0,84355.45999999999,13625.0,1,2136.18
66.0,,326,123,2.0,28,12.0,1.0,115010.0,99115.0,27.0,83957.3,15895.0,0,3639.54
1843.0,,206,94,35.0,20,7.0,1.0,1000.0,73109.0,14.0,860.0,-72109.0,1,3196.09
874.0,,734,330,94.0,13,19.0,1.0,,93036.0,30.0,,,1,2378.66
782.0,,283,471,88.0,34,12.0,1.0,85110.0,79732.0,23.0,65534.700000000004,5378.0,1,1720.79
610.0,,553,293,44.0,18,8.0,1.0,136403.0,114542.0,31.0,94118.06999999999,21861.0,0,3798.81
1411.0,,576,97,65.0,25,11.0,1.0,142060.0,115221.0,21.0,112227.40000000001,26839.0,1,1905.95
484.0,,527,401,46.0,13,14.0,1.0,,71444.0,6.0,,,1,1184.55
469.0,,50,323,90.0,11,10.0,1.0,77128.0,65133.0,13.0,67101.36,11995.0,1,1902.54
931.0,,751,571,63.0,20,12.0,1.0,97421.0,71105.0,23.0,75014.17,26316.0,0,1040.94
1362.0,,206,160,75.0,11,6.0,1.0,69506.0,55904.0,5.0,66030.7,13602.0,0,1742.97
44.0,,250,528,37.0,10,7.0,1.0,1000.0,76463.0,14.0,860.0,-75463.0,1,2415.97
1193.0,,486,435,83.0,5,16.0,1.0,115949.0,102229.0,35.0,75366.85,13720.0,0,3338.27
845.0,,591,184,49.0,3,12.0,1.0,111075.0,81555.0,13.0,96635.25,29520.0,1,
333.0,,18,89,18.0,11,7.0,1.0,34428.0,26560.0,20.0,27542.4,7868.0,1,392.76
998.0,,391,377,71.0,12,2.0,1.0,52987.0,43588.0,11.0,47158.43,9399.0,1,1779.45
1204.0,,360,563,25.0,13,11.0,1.0,75315.0,71414.0,9.0,68536.65000000001,3901.0,1,2090.69
49.0,,194,444,3.0,12,16.0,1.0,1000.0,111854.0,19.0,810.0,-110854.0,0,2945.63
608.0,,725,189,31.0,27,9.0,1.0,1000.0,38341.0,17.0,830.0,-37341.0,0,1103.09
1714.0,20200506.0,525,297,12.0,27,2.0,1.0,136390.0,112790.0,8.0,125478.8,23600.0,1,3251.08
1978.0,,872,528,28.0,6,12.0,0.0,107967.0,99546.0,35.0,70178.55,8421.0,1,953.43
477.0,,559,499,50.0,32,9.0,1.0,37227.0,28929.0,14.0,32015.22,8298.0,0,971.25
451.0,,843,442,36.0,14,2.0,1.0,103658.0,96215.0,3.0,100548.26,7443.0,0,2972.92
1952.0,,250,171,98.0,25,12.0,1.0,122070.0,89090.0,13.0,106200.9,32980.0,0,1843.61
922.0,20211225.0,539,514,31.0,19,10.0,1.0,33085.0,30062.0,19.0,26798.850000000002,3023.0,1,817.39
1159.0,,614,50,75.0,30,9.0,1.0,33990.0,28454.0,20.0,27192.0,5536.0,1,886.51
1352.0,,240,409,49.0,17,1.0,1.0,39085.0,31845.0,26.0,28922.9,7240.0,0,888.23
590.0,,141,530,78.0,5,10.0,1.0,70087.0,60678.0,11.0,62377.43,9409.0,0,1988.27
658.0,,194,478,47.0,27,11.0,1.0,58931.0,53933.0,20.0,47144.8,4998.0,0,1015.27
738.0,,23,503,32.0,16,4.0,1.0,87248.0,76781.0,13.0,75905.76,10467.0,1,
808.0,,1,483,51.0,33,1.0,1.0,1000.0,41915.0,34.0,659.9999999999999,-40915.0,1,926.32
1493.0,,787,420,43.0,17,14.0,1.0,142844.0,109165.0,25.0,107133.0,33679.0,0,3664.43
1975.0,20240120.0,257,289,74.0,28,1.0,1.0,77813.0,60778.0,1.0,77034.87,17035.0,0,
1309.0,,702,530,57.0,27,13.0,1.0,118788.0,112280.0,15.0,100969.8,6508.0,0,2181.04
320.0,,365,342,24.0,23,10.0,1.0,85131.0,62351.0,19.0,68956.11,22780.0,1,2857.72
346.0,,467,412,26.0,22,12.0,1.0,1000.0,71230.0,7.0,929.9999999999999,-70230.0,0,2835.48
1211.0,,25,591,23.0,35,16.0,1.0,48133.0,41248.0,6.0,45245.02,6885.0,1,540.05
1618.0,,51,410,93.0,13,14.0,1.0,137999.0,115346.0,5.0,131099.05,22653.0,0,4622.85
1894.0,,658,592,38.0,14,13.0,1.0,1000.0,33315.0,100.0,0.0,-32315.0,0,1204.4
499.0,,871,299,58.0,33,5.0,1.0,44899.0,33468.0,14.0,38613.14,11431.0,1,1365.43
1860.0,,736,154,47.0,12,9.0,1.0,103532.0,96675.0,30.0,72472.4,6857.0,0,3095.31
716.0,,748,248,44.0,26,19.0,1.0,51616.0,42925.0,21.0,40776.64,8691.0,0,
1088.0,,65,335,13.0,23,1.0,1.0,136259.0,109448.0,24.0,103556.84,26811.0,0,2358.12
325.0,,383,383,54.0,12,9.0,1.0,62493.0,56676.0,16.0,52494.119999999995,5817.0,1,721.51
111.0,,814,136,57.0,10,8.0,1.0,84915.0,74717.0,15.0,72177.75,10198.0,0,2610.42
196.0,,792,210,48.0,30,10.0,1.0,68938.0,64776.0,14.0,59286.68,4162.0,1,1026.02
570.0,,294,63,86.0,1,19.0,1.0,140156.0,113122.0,22.0,109321.68000000001,27034.0,1,
1707.0,,581,87,49.0,31,5.0,1.0,1000.0,79695.0,26.0,740.0,-78695.0,1,3058.55
179.0,,358,479,66.0,23,10.0,1.0,1000.0,100656.0,32.0,679.9999999999999,-99656.0,1,1211.9
182.0,,222,394,78.0,32,8.0,1.0,22113.0,15902.0,8.0,20343.96,6211.0,1,623.38
884.0,,241,401,24.0,9,14.0,1.0,127508.0,101047.0,25.0,95631.0,26461.0,1,3714.86
860.0,,366,248,3.0,30,14.0,1.0,27376.0,19572.0,20.0,21900.800000000003,7804.0,1,823.64
614.0,,278,567,6.0,16,14.0,1.0,1000.0,15766.0,24.0,760.0,-14766.0,1,345.92
1776.0,,690,373,72.0,8,14.0,1.0,37074.0,28262.0,2.0,36332.52,8812.0,1,535.88
713.0,,816,533,3.0,23,9.0,1.0,59749.0,47974.0,35.0,38836.85,11775.0,1,1176.73
522.0,,23,563,33.0,26,7.0,1.0,153122.0,110960.0,4.0,146997.12,42162.0,0,2780.14
1296.0,,200,51,95.0,2,7.0,1.0,49304.0,40852.0,13.0,42894.48,8452.0,0,756.94
1185.0,,739,94,51.0,2,6.0,1.0,85059.0,62864.0,26.0,62943.659999999996,22195.0,1,1600.31
1384.0,,368,108,92.0,25,10.0,1.0,1000.0,42825.0,17.0,830.0,-41825.0,0,1567.82
301.0,,841,124,2.0,33,16.0,1.0,1000.0,84418.0,24.0,760.0,-83418.0,0,3151.77
722.0,20240412.0,444,356,93.0,10,6.0,1.0,81461.0,67123.0,23.0,62724.97,14338.0,1,2751.04
1498.0,,140,180,47.0,6,17.0,1.0,1000.0,23173.0,24.0,760.0,-22173.0,0,597.32
1497.0,,724,442,29.0,22,10.0,1.0,1000.0,108302.0,3.0,970.0,-107302.0,0,1886.59
1834.0,,355,307,22.0,24,7.0,1.0,127623.0,107005.0,14.0,109755.78,20618.0,0,1404.76
561.0,,533,52,40.0,22,19.0,1.0,87741.0,68879.0,9.0,79844.31,18862.0,1,2709.27
728.0,,80,470,49.0,2,3.0,1.0,,28521.0,0.0,,,0,597.44
99.0,,738,219,41.0,16,7.0,1.0,1000.0,104045.0,4.0,960.0,-103045.0,1,2740.71
479.0,,6,99,62.0,31,14.0,1.0,1000.0,52706.0,27.0,730.0,-51706.0,1,1790.42
1150.0,,61,188,42.0,8,8.0,1.0,57661.0,48027.0,33.0,38632.869999999995,9634.0,0,740.87
1120.0,,783,338,60.0,12,19.0,1.0,37558.0,29438.0,34.0,24788.279999999995,8120.0,0,857.16
1641.0,,774,362,93.0,16,11.0,1.0,68936.0,62129.0,2.0,67557.28,6807.0,0,1354.24
118.0,,157,487,94.0,4,3.0,1.0,73473.0,68181.0,25.0,55104.75,5292.0,0,1676.15
864.0,20220309.0,715,565,84.0,32,7.0,1.0,66121.0,56650.0,33.0,44301.06999999999,9471.0,0,
1884.0,,517,558,40.0,35,8.0,1.0,106642.0,93137.0,6.0,100243.48,13505.0,1,3580.36
1544.0,,797,524,24.0,27,12.0,1.0,25688.0,18523.0,0.0,25688.0,7165.0,0,615.1
944.0,,387,85,71.0,29,15.0,1.0,114253.0,84984.0,7.0,106255.29,29269.0,1,2237.69
1665.0,,419,198,64.0,35,7.0,1.0,92123.0,85735.0,4.0,88438.08,6388.0,1,2557.98
392.0,,863,421,82.0,5,11.0,1.0,1000.0,119614.0,31.0,690.0,-118614.0,1,3640.66
156.0,,204,54,83.0,34,12.0,1.0,126540.0,107407.0,23.0,97435.8,19133.0,1,1363.43
12.0,,482,351,98.0,7,11.0,1.0,1000.0,37577.0,21.0,790.0,-36577.0,1,1061.22
178.0,,879,32,56.0,32,19.0,1.0,1000.0,77538.0,9.0,910.0,-76538.0,1,2742.11
1462.0,,828,32,85.0,5,12.0,1.0,115873.0,101037.0,8.0,106603.16,14836.0,1,2927.42
551.0,,720,258,78.0,33,5.0,1.0,27786.0,23823.0,29.0,19728.059999999998,3963.0,0,258.0
1658.0,,120,40,75.0,13,13.0,1.0,23839.0,22052.0,2.0,23362.22,1787.0,0,192.42
77.0,,411,337,54.0,25,18.0,1.0,1000.0,112826.0,29.0,710.0,-111826.0,0,4060.21
1610.0,,662,533,33.0,12,11.0,1.0,121592.0,101400.0,10.0,109432.8,20192.0,0,1971.93
1534.0,,218,10,22.0,12,20.0,1.0,1000.0,34046.0,26.0,740.0,-33046.0,1,861.71
168.0,,34,269,65.0,20,4.0,1.0,114172.0,92679.0,6.0,107321.68,21493.0,1,
867.0,,697,464,26.0,17,8.0,1.0,1000.0,34165.0,35.0,650.0,-33165.0,0,1064.02
1009.0,,386,529,40.0,9,12.0,1.0,1000.0,53058.0,28.0,720.0,-52058.0,0,1477.8
1673.0,,56,552,56.0,1,9.0,1.0,29787.0,22621.0,7.0,27701.91,7166.0,1,885.46
45.0,20210830.0,578,462,24.0,3,6.0,1.0,58092.0,48577.0,16.0,48797.28,9515.0,0,1507.1
1528.0,,847,360,35.0,22,6.0,1.0,29095.0,23026.0,9.0,26476.45,6069.0,1,411.28
1222.0,,22,339,80.0,11,17.0,1.0,150305.0,116898.0,21.0,118740.95000000001,33407.0,0,4870.34
310.0,,772,522,47.0,7,2.0,1.0,111553.0,94907.0,16.0,93704.51999999999,16646.0,1,3324.93
276.0,,837,352,76.0,3,13.0,1.0,1000.0,82908.0,32.0,679.9999999999999,-81908.0,1,1002.04
467.0,,743,419,28.0,17,12.0,1.0,1000.0,116875.0,100.0,0.0,-115875.0,1,1258.84
488.0,,96,276,3.0,26,11.0,1.0,57711.0,43915.0,4.0,55402.56,13796.0,0,1389.17
52.0,,274,9,42.0,16,2.0,0.0,60047.0,49089.0,34.0,39631.02,10958.0,1,841.02
1980.0,,872,499,70.0,22,11.0,1.0,141860.0,110040.0,13.0,123418.2,31820.0,0,2253.85
1353.0,,14,296,54.0,11,7.0,1.0,106813.0,94033.0,28.0,76905.36,12780.0,0,2746.96
1542.0,,217,58,43.0,27,8.0,1.0,1000.0,71991.0,5.0,950.0,-70991.0,0,2877.83
1356.0,,217,35,20.0,22,6.0,1.0,114577.0,85845.0,30.0,80203.9,28732.0,1,1969.57
900.0,20210830.0,663,220,70.0,5,2.0,1.0,1000.0,113618.0,100.0,0.0,-112618.0,0,4743.0
709.0,,74,130,32.0,31,18.0,1.0,138533.0,119207.0,100.0,0.0,19326.0,1,
704.0,20220620.0,513,453,47.0,27,13.0,1.0,42066.0,38889.0,34.0,27763.559999999998,3177.0,0,718.09
1263.0,,389,10,77.0,15,17.0,1.0,142566.0,115851.0,11.0,126883.74,26715.0,0,3514.1
960.0,,730,491,76.0,18,1.0,1.0,46192.0,39081.0,35.0,30024.8,7111.0,1,823.41
337.0,,853,275,37.0,19,3.0,1.0,1000.0,35324.0,33.0,669.9999999999999,-34324.0,1,1416.64
1976.0,,324,41,85.0,19,11.0,1.0,136979.0,102907.0,25.0,102734.25,34072.0,1,3114.63
679.0,,199,33,83.0,10,16.0,1.0,96775.0,78656.0,11.0,86129.75,18119.0,0,2392.09
1505.0,,667,506,62.0,19,10.0,1.0,58033.0,48931.0,2.0,56872.34,9102.0,1,624.02
651.0,20201103.0,514,253,9.0,22,20.0,1.0,1000.0,15566.0,2.0,980.0,-14566.0,0,476.78
1738.0,,818,542,57.0,9,17.0,1.0,1000.0,70334.0,4.0,960.0,-69334.0,1,1219.74
1311.0,,802,512,19.0,20,16.0,1.0,110071.0,88252.0,12.0,96862.48,21819.0,1,2303.06
199.0,,169,501,54.0,32,17.0,1.0,87546.0,71730.0,11.0,77915.94,15816.0,1,927.38
1236.0,,340,25,67.0,16,15.0,1.0,28759.0,22735.0,28.0,20706.48,6024.0,0,357.83
1527.0,,106,273,97.0,30,9.0,1.0,36727.0,29726.0,15.0,31217.95,7001.0,0,697.75
513.0,20210212.0,169,400,68.0,30,2.0,1.0,112500.0,80601.0,7.0,104625.0,31899.0,1,2071.36
1329.0,,489,178,61.0,22,9.0,1.0,37538.0,28549.0,35.0,24399.7,8989.0,1,1178.14
1114.0,,372,36,87.0,23,2.0,1.0,1000.0,61623.0,34.0,659.9999999999999,-60623.0,0,
838.0,,656,70,41.0,6,8.0,1.0,34288.0,25123.0,9.0,31202.08,9165.0,0,360.56
26.0,,700,156,87.0,11,13.0,1.0,126413.0,91341.0,10.0,113771.7,35072.0,1,1420.44
594.0,,812,107,85.0,28,7.0,1.0,87853.0,82617.0,25.0,65889.75,5236.0,1,2809.07
59.0,,592,179,9.0,5,11.0,1.0,142217.0,119924.0,35.0,92441.05,22293.0,0,
1691.0,,236,461,31.0,14,18.0,1.0,1000.0,33952.0,31.0,690.0,-32952.0,1,397.49
1596.0,20210713.0,802,268,78.0,29,11.0,0.0,162412.0,117865.0,18.0,133177.84,44547.0,1,5363.05
1113.0,20240311.0,251,129,67.0,24,7.0,1.0,39887.0,37156.0,0.0,39887.0,2731.0,0,
1695.0,,577,416,24.0,23,19.0,1.0,65817.0,52129.0,30.0,46071.899999999994,13688.0,1,2058.28
711.0,,427,489,91.0,12,1.0,1.0,91922.0,86020.0,4.0,88245.12,5902.0,0,1443.59
428.0,,608,128,38.0,4,17.0,1.0,1000.0,112062.0,30.0,700.0,-111062.0,0,3638.56
46.0,,675,312,6.0,34,20.0,1.0,25022.0,22997.0,12.0,22019.36,2025.0,0,291.99
836.0,,513,574,7.0,11,8.0,1.0,26007.0,21432.0,3.0,25226.79,4575.0,1,251.35
395.0,,829,86,53.0,35,14.0,1.0,56710.0,43192.0,17.0,47069.299999999996,13518.0,0,1284.0
1711.0,,388,84,59.0,10,1.0,1.0,1000.0,42960.0,30.0,700.0,-41960.0,0,575.91
983.0,,149,28,88.0,33,3.0,1.0,1000.0,104554.0,32.0,679.9999999999999,-103554.0,0,1739.36
1044.0,,229,354,33.0,30,12.0,1.0,42430.0,40358.0,26.0,31398.2,2072.0,1,
401.0,,640,506,21.0,32,5.0,1.0,161068.0,115313.0,34.0,106304.87999999999,45755.0,0,2090.22
1630.0,,567,126,89.0,8,11.0,1.0,18192.0,16295.0,14.0,15645.119999999999,1897.0,0,
430.0,,401,6,84.0,26,20.0,1.0,19239.0,17443.0,34.0,12697.739999999998,1796.0,0,251.28
1674.0,,811,308,86.0,26,18.0,1.0,53253.0,48223.0,20.0,42602.4,5030.0,1,1578.66
1740.0,,608,250,41.0,7,14.0,1.0,160706.0,116348.0,35.0,104458.90000000001,44358.0,1,1745.17
348.0,,78,598,53.0,3,14.0,1.0,77496.0,71308.0,15.0,65871.59999999999,6188.0,1,
849.0,,71,387,80.0,21,13.0,1.0,94069.0,74191.0,3.0,91246.93,19878.0,0,1607.45
591.0,,839,141,87.0,17,2.0,1.0,1000.0,101376.0,33.0,669.9999999999999,-100376.0,0,2589.47
791.0,,83,515,6.0,14,5.0,1.0,102898.0,95011.0,15.0,87463.3,7887.0,0,2278.19
1458.0,,834,335,80.0,17,18.0,1.0,18721.0,16640.0,21.0,14789.59,2081.0,1,400.84
1132.0,,690,59,45.0,10,15.0,1.0,27978.0,22680.0,6.0,26299.32,5298.0,1,546.87
1923.0,,401,531,51.0,21,6.0,1.0,113708.0,106290.0,2.0,111433.84,7418.0,1,3828.82
1887.0,,593,281,8.0,10,10.0,1.0,52543.0,45772.0,18.0,43085.26,6771.0,1,630.12
1551.0,,678,574,98.0,25,4.0,1.0,1000.0,102151.0,14.0,860.0,-101151.0,1,3702.75
739.0,,41,60,85.0,32,11.0,1.0,65219.0,53634.0,11.0,58044.91,11585.0,0,873.18
1845.0,,493,437,2.0,2,18.0,1.0,107549.0,81319.0,33.0,72057.82999999999,26230.0,0,926.03
1661.0,,629,77,91.0,19,11.0,1.0,151593.0,109519.0,1.0,150077.07,42074.0,0,4984.61
372.0,,294,263,68.0,19,4.0,1.0,112559.0,105046.0,23.0,86670.43000000001,7513.0,1,2011.75
865.0,,72,160,24.0,4,19.0,1.0,106197.0,100491.0,27.0,77523.81,5706.0,0,3064.35
263.0,,852,450,36.0,22,18.0,1.0,1000.0,115456.0,22.0,780.0,-114456.0,1,2111.61
1559.0,,148,145,100.0,26,20.0,1.0,27730.0,19963.0,21.0,21906.7,7767.0,1,361.15
1025.0,,476,305,97.0,28,2.0,1.0,22871.0,20563.0,3.0,22184.87,2308.0,1,268.13
1502.0,,508,310,45.0,33,11.0,1.0,24051.0,18896.0,33.0,16114.169999999998,5155.0,0,704.2
1330.0,20200809.0,394,182,56.0,28,10.0,1.0,96707.0,87180.0,7.0,89937.51,9527.0,0,2874.9
1752.0,,529,201,28.0,5,8.0,1.0,107616.0,95622.0,100.0,0.0,11994.0,1,
1550.0,,281,194,92.0,28,6.0,1.0,31602.0,27145.0,15.0,26861.7,4457.0,1,926.59
1913.0,,342,16,1.0,9,11.0,1.0,19326.0,17204.0,18.0,15847.320000000002,2122.0,0,226.02
431.0,20240711.0,455,139,78.0,34,17.0,1.0,123176.0,88407.0,17.0,102236.08,34769.0,0,3529.06
936.0,,620,23,83.0,35,17.0,1.0,98592.0,73523.0,18.0,80845.44,25069.0,1,2364.61
872.0,,223,442,81.0,2,17.0,1.0,62473.0,57538.0,14.0,53726.78,4935.0,1,615.48
449.0,,546,446,4.0,10,4.0,1.0,1000.0,86670.0,26.0,740.0,-85670.0,1,2168.5
1809.0,,529,362,98.0,32,19.0,1.0,26069.0,21643.0,5.0,24765.55,4426.0,1,370.52
945.0,20210101.0,92,376,80.0,22,14.0,1.0,124936.0,107593.0,35.0,81208.40000000001,17343.0,0,3872.64
908.0,,703,503,9.0,3,19.0,1.0,1000.0,61847.0,13.0,870.0,-60847.0,0,
230.0,,739,192,19.0,17,7.0,1.0,101942.0,73837.0,2.0,99903.16,28105.0,0,3151.41
1326.0,20200808.0,502,89,37.0,29,3.0,1.0,69420.0,50182.0,17.0,57618.6,19238.0,1,1044.89
773.0,,590,94,97.0,26,18.0,1.0,84528.0,67615.0,26.0,62550.72,16913.0,1,2882.41
51.0,,691,457,14.0,21,8.0,1.0,29632.0,26610.0,32.0,20149.76,3022.0,0,
701.0,,242,485,11.0,10,10.0,1.0,1000.0,97143.0,25.0,750.0,-96143.0,1,2257.22
833.0,,843,121,22.0,20,1.0,1.0,1000.0,51884.0,27.0,730.0,-50884.0,1,
262.0,,705,439,62.0,16,9.0,1.0,1000.0,26772.0,5.0,950.0,-25772.0,1,1149.82
340.0,,868,38,26.0,1,14.0,1.0,1000.0,94914.0,10.0,900.0,-93914.0,1,2351.63
786.0,,777,20,67.0,9,2.0,0.0,22274.0,17516.0,3.0,21605.78,4758.0,1,695.0
812.0,,885,448,81.0,23,15.0,1.0,111533.0,88822.0,34.0,73611.77999999998,22711.0,0,3612.36
1154.0,,414,420,67.0,29,16.0,1.0,127165.0,95744.0,6.0,119535.09999999999,31421.0,0,3982.78
37.0,,405,120,91.0,17,15.0,1.0,113999.0,89600.0,16.0,95759.16,24399.0,1,1084.46
589.0,,116,318,52.0,4,1.0,1.0,38451.0,34168.0,2.0,37681.979999999996,4283.0,0,357.48
1614.0,,846,261,71.0,24,14.0,1.0,68682.0,56197.0,29.0,48764.22,12485.0,0,1717.27
352.0,20240119.0,871,533,49.0,32,14.0,1.0,48739.0,46032.0,29.0,34604.689999999995,2707.0,0,1429.85
1386.0,,543,117,88.0,34,10.0,1.0,116628.0,88479.0,15.0,99133.8,28149.0,1,2430.89
1013.0,,827,135,58.0,11,2.0,1.0,119294.0,98724.0,23.0,91856.38,20570.0,1,1342.2
1373.0,,735,76,32.0,30,8.0,1.0,107587.0,90830.0,1.0,106511.13,16757.0,0,3696.12
678.0,,14,160,2.0,11,5.0,1.0,110541.0,99404.0,11.0,98381.49,11137.0,1,1994.23
1101.0,,548,250,45.0,7,11.0,1.0,38111.0,31026.0,20.0,30488.800000000003,7085.0,0,316.88
39.0,,429,145,43.0,4,9.0,1.0,86289.0,76128.0,8.0,79385.88,10161.0,1,
1107.0,,112,372,100.0,31,9.0,1.0,23293.0,20987.0,4.0,22361.28,2306.0,0,383.98
60.0,20241002.0,15,509,70.0,25,20.0,1.0,90953.0,83324.0,34.0,60028.979999999996,7629.0,0,3157.78
755.0,,203,111,45.0,3,12.0,1.0,116691.0,107104.0,0.0,116691.0,9587.0,0,3325.56
1929.0,20210325.0,827,255,6.0,11,3.0,1.0,1000.0,113472.0,2.0,980.0,-112472.0,1,1335.73
1593.0,,376,142,32.0,23,3.0,1.0,113172.0,101619.0,10.0,101854.8,11553.0,1,2298.9
1313.0,,80,340,1.0,27,2.0,1.0,1000.0,18595.0,20.0,800.0,-17595.0,1,409.11
655.0,,128,49,60.0,31,12.0,1.0,67600.0,54326.0,14.0,58136.0,13274.0,1,1216.74
1499.0,,382,311,63.0,3,1.0,1.0,1000.0,28130.0,26.0,740.0,-27130.0,0,654.36
1056.0,,155,458,71.0,29,14.0,1.0,93949.0,71010.0,19.0,76098.69,22939.0,0,2463.07
1731.0,,345,239,75.0,3,7.0,1.0,,64070.0,28.0,,,0,
330.0,,784,476,51.0,29,18.0,1.0,34510.0,26370.0,8.0,31749.2,8140.0,1,1036.22
830.0,,234,491,23.0,5,15.0,1.0,105902.0,77165.0,29.0,75190.42,28737.0,1,1952.23
1647.0,,296,326,46.0,12,18.0,1.0,58373.0,42783.0,33.0,39109.909999999996,15590.0,1,854.48
1632.0,,650,43,94.0,15,11.0,1.0,119337.0,110295.0,8.0,109790.04000000001,9042.0,1,1823.79
1799.0,,176,37,78.0,5,6.0,1.0,32376.0,29185.0,16.0,27195.84,3191.0,1,613.34
794.0,,877,563,2.0,16,13.0,1.0,71595.0,60563.0,18.0,58707.9,11032.0,0,938.75
1953.0,,73,181,30.0,7,13.0,1.0,137718.0,111842.0,5.0,130832.09999999999,25876.0,1,4460.51
1577.0,20201104.0,150,356,79.0,16,5.0,1.0,61466.0,57706.0,25.0,46099.5,3760.0,0,1349.79
635.0,,152,423,54.0,30,4.0,1.0,75132.0,63855.0,14.0,64613.52,11277.0,1,2451.69
587.0,20230822.0,20,444,98.0,18,6.0,1.0,40880.0,34797.0,3.0,39653.6,6083.0,0,
1795.0,20201220.0,536,370,72.0,31,4.0,1.0,24366.0,21066.0,25.0,18274.5,3300.0,1,440.07
933.0,20200227.0,100,73,31.0,18,3.0,1.0,1000.0,36171.0,6.0,940.0,-35171.0,1,1238.92
327.0,20230112.0,179,437,63.0,11,9.0,1.0,93721.0,80659.0,20.0,74976.8,13062.0,0,3072.45
1032.0,,820,472,28.0,29,16.0,1.0,54634.0,45007.0,26.0,40429.159999999996,9627.0,0,1240.5
435.0,20200421.0,436,22,62.0,21,6.0,1.0,140836.0,110218.0,16.0,118302.23999999999,30618.0,0,1977.09
1383.0,,547,453,26.0,33,9.0,1.0,70197.0,57773.0,31.0,48435.92999999999,12424.0,0,
1225.0,,342,120,16.0,1,20.0,1.0,138479.0,108026.0,5.0,131555.05,30453.0,1,1499.76
934.0,,153,359,49.0,19,18.0,1.0,48232.0,36513.0,24.0,36656.32,11719.0,1,1352.35
67.0,,780,384,55.0,27,19.0,1.0,126322.0,100266.0,33.0,84635.73999999999,26056.0,1,1235.95
1794.0,,162,165,82.0,34,2.0,1.0,130508.0,96405.0,21.0,103101.32,34103.0,0,1464.67
677.0,,100,352,40.0,4,16.0,1.0,118827.0,109207.0,20.0,95061.6,9620.0,1,2980.22
848.0,,655,512,85.0,11,2.0,1.0,1000.0,105811.0,19.0,810.0,-104811.0,1,2885.1
1096.0,,94,464,94.0,7,14.0,1.0,64788.0,58024.0,35.0,42112.200000000004,6764.0,0,1039.98
1385.0,,579,396,52.0,32,14.0,1.0,74288.0,60301.0,30.0,52001.6,13987.0,1,1286.87
1706.0,,430,159,69.0,2,20.0,1.0,103627.0,94149.0,13.0,90155.49,9478.0,1,1982.08
69.0,,495,345,67.0,20,6.0,1.0,1000.0,35574.0,33.0,669.9999999999999,-34574.0,0,1010.82
923.0,,760,28,47.0,25,11.0,1.0,1000.0,58691.0,100.0,0.0,-57691.0,0,1008.21
976.0,,217,113,5.0,21,6.0,1.0,76658.0,71825.0,18.0,62859.560000000005,4833.0,0,2061.77
1174.0,,2,495,12.0,10,20.0,1.0,123708.0,108484.0,23.0,95255.16,15224.0,1,2756.4
1728.0,,157,424,26.0,24,13.0,1.0,1000.0,35169.0,8.0,920.0,-34169.0,0,812.39
1119.0,,885,58,3.0,9,5.0,1.0,1000.0,58861.0,6.0,940.0,-57861.0,0,
422.0,,382,120,88.0,26,10.0,1.0,129527.0,108403.0,17.0,107507.40999999999,21124.0,1,
1444.0,,476,412,65.0,29,1.0,1.0,20604.0,17801.0,23.0,15865.08,2803.0,0,304.25
1993.0,,215,80,29.0,32,18.0,1.0,123516.0,116905.0,100.0,0.0,6611.0,1,4153.41
1470.0,,300,296,27.0,19,10.0,1.0,81929.0,61553.0,29.0,58169.59,20376.0,0,824.67
384.0,20200106.0,432,186,4.0,18,19.0,1.0,1000.0,82969.0,16.0,840.0,-81969.0,0,1650.82
673.0,,765,436,4.0,35,20.0,1.0,20807.0,16434.0,13.0,18102.09,4373.0,1,275.31
1768.0,,333,171,83.0,3,7.0,1.0,93160.0,75841.0,16.0,78254.4,17319.0,1,2808.16
504.0,,602,348,33.0,15,12.0,1.0,53930.0,48336.0,25.0,40447.5,5594.0,1,926.54
42.0,,683,328,20.0,22,2.0,1.0,1000.0,36049.0,13.0,870.0,-35049.0,1,649.67
1425.0,,848,524,85.0,23,17.0,1.0,22353.0,20267.0,12.0,19670.64,2086.0,0,483.11
1003.0,,500,552,61.0,30,4.0,1.0,30231.0,27273.0,35.0,19650.15,2958.0,0,919.59
1626.0,,682,268,19.0,9,15.0,1.0,92269.0,74822.0,20.0,73815.2,17447.0,1,1743.46
516.0,20200811.0,870,409,92.0,14,18.0,1.0,133170.0,112632.0,23.0,102540.90000000001,20538.0,1,2250.6
850.0,,77,268,61.0,33,7.0,1.0,1000.0,97149.0,30.0,700.0,-96149.0,0,3298.85
1867.0,,613,418,54.0,23,1.0,1.0,25869.0,24492.0,3.0,25092.93,1377.0,1,
682.0,,404,367,34.0,5,6.0,1.0,1000.0,77253.0,20.0,800.0,-76253.0,0,1489.84
927.0,,394,182,5.0,27,18.0,1.0,59878.0,55955.0,15.0,50896.299999999996,3923.0,0,499.46
303.0,,434,303,66.0,30,2.0,1.0,105035.0,77769.0,5.0,99783.25,27266.0,1,1937.84
1392.0,,894,354,33.0,13,10.0,1.0,41145.0,34249.0,35.0,26744.25,6896.0,0,1102.62
881.0,,881,257,23.0,10,1.0,1.0,67891.0,57448.0,30.0,47523.7,10443.0,0,1839.34
1757.0,20200306.0,398,255,87.0,29,13.0,1.0,88712.0,78519.0,8.0,81615.04000000001,10193.0,1,
1220.0,,887,20,8.0,9,7.0,1.0,100294.0,88686.0,0.0,100294.0,11608.0,0,2542.05
334.0,,804,563,21.0,12,4.0,1.0,1000.0,49144.0,29.0,710.0,-48144.0,1,2076.71
418.0,,601,80,39.0,34,16.0,1.0,64853.0,49458.0,20.0,51882.4,15395.0,0,1116.76
615.0,,350,373,7.0,26,14.0,1.0,118159.0,101724.0,15.0,100435.15,16435.0,1,
186.0,,160,79,41.0,3,5.0,1.0,1000.0,79566.0,5.0,950.0,-78566.0,1,1988.27
463.0,,509,27,36.0,35,11.0,1.0,27898.0,23353.0,23.0,21481.46,4545.0,0,
1364.0,,639,568,1.0,8,12.0,1.0,1000.0,91627.0,0.0,1000.0,-90627.0,0,
1645.0,,210,452,63.0,8,4.0,1.0,1000.0,95313.0,24.0,760.0,-94313.0,1,1242.95
627.0,,269,114,68.0,14,12.0,1.0,1000.0,70885.0,22.0,780.0,-69885.0,1,629.54
1517.0,20241103.0,378,389,39.0,18,17.0,1.0,129241.0,95034.0,14.0,111147.26,34207.0,0,1083.38
583.0,,885,489,50.0,13,17.0,1.0,101355.0,96134.0,14.0,87165.3,5221.0,1,969.77
1509.0,,57,183,26.0,33,12.0,1.0,1000.0,88150.0,13.0,870.0,-87150.0,1,2069.95
120.0,20210610.0,265,379,66.0,10,8.0,1.0,128016.0,100107.0,0.0,128016.0,27909.0,1,1165.65
1057.0,,285,585,62.0,17,16.0,1.0,99276.0,79460.0,20.0,79420.8,19816.0,1,1377.65
1829.0,,665,543,57.0,5,4.0,1.0,1000.0,71821.0,10.0,900.0,-70821.0,1,891.84
255.0,,643,354,29.0,20,10.0,1.0,1000.0,89957.0,9.0,910.0,-88957.0,1,2296.69
1545.0,,784,253,94.0,20,19.0,1.0,88682.0,65051.0,11.0,78926.98,23631.0,1,2874.43
517.0,20200227.0,86,415,61.0,17,4.0,1.0,29898.0,23374.0,10.0,26908.2,6524.0,0,648.15
896.0,20210821.0,83,412,95.0,15,7.0,1.0,66462.0,51407.0,33.0,44529.53999999999,15055.0,0,824.79
861.0,,555,567,88.0,7,5.0,1.0,1000.0,17256.0,32.0,679.9999999999999,-16256.0,0,272.09
1708.0,,89,527,3.0,34,8.0,1.0,1000.0,27108.0,27.0,730.0,-26108.0,0,753.95
91.0,,620,143,46.0,21,18.0,1.0,69178.0,52442.0,5.0,65719.09999999999,16736.0,1,890.49
166.0,,254,42,15.0,3,5.0,1.0,97634.0,79111.0,28.0,70296.48,18523.0,1,2237.52
1430.0,20230220.0,99,431,41.0,7,20.0,1.0,92951.0,76585.0,8.0,85514.92,16366.0,1,1837.27
478.0,,126,154,73.0,29,17.0,1.0,1000.0,17070.0,17.0,830.0,-16070.0,1,737.46
1744.0,,656,270,15.0,2,6.0,1.0,86998.0,71732.0,13.0,75688.26,15266.0,0,2688.91
1772.0,20201027.0,471,478,29.0,7,20.0,1.0,41711.0,30687.0,31.0,28780.589999999997,11024.0,1,353.9
1858.0,,256,277,9.0,29,1.0,1.0,101924.0,94146.0,19.0,82558.44,7778.0,0,3039.09
427.0,,617,500,54.0,29,12.0,1.0,1000.0,102957.0,1.0,990.0,-101957.0,1,3534.68
1568.0,,209,8,22.0,16,16.0,1.0,148070.0,115513.0,16.0,124378.79999999999,32557.0,0,4102.04
228.0,,738,62,58.0,6,10.0,1.0,102120.0,90235.0,0.0,102120.0,11885.0,1,1504.41
1802.0,,594,557,51.0,25,13.0,1.0,91291.0,66595.0,22.0,71206.98,24696.0,0,2599.36
493.0,20210313.0,866,115,57.0,5,16.0,1.0,1000.0,71635.0,23.0,770.0,-70635.0,1,1134.84
388.0,,250,277,48.0,16,7.0,1.0,1000.0,36177.0,2.0,980.0,-35177.0,1,
741.0,,125,557,79.0,30,1.0,1.0,118609.0,89812.0,30.0,83026.29999999999,28797.0,1,3032.81
65.0,,816,232,79.0,17,11.0,1.0,21660.0,16429.0,100.0,0.0,5231.0,1,
804.0,20210919.0,824,526,49.0,3,17.0,1.0,67629.0,57843.0,22.0,52750.62,9786.0,1,
18.0,,9,593,49.0,17,13.0,1.0,47217.0,39579.0,5.0,44856.15,7638.0,1,
289.0,20221230.0,245,54,7.0,20,9.0,1.0,1000.0,16443.0,14.0,860.0,-15443.0,1,457.48
1969.0,20230805.0,781,172,34.0,31,15.0,1.0,117007.0,97980.0,12.0,102966.16,19027.0,1,2475.46
252.0,,887,150,80.0,24,3.0,1.0,159597.0,119229.0,30.0,111717.9,40368.0,1,5454.7
1397.0,,29,295,30.0,4,17.0,1.0,37078.0,29603.0,0.0,37078.0,7475.0,1,366.97
1473.0,,460,380,26.0,27,15.0,1.0,1000.0,63911.0,13.0,870.0,-62911.0,1,1200.58
973.0,,381,221,100.0,21,15.0,1.0,1000.0,79152.0,25.0,750.0,-78152.0,0,1946.84
189.0,,331,389,77.0,17,1.0,1.0,62857.0,57187.0,26.0,46514.18,5670.0,0,633.35
381.0,,206,289,96.0,22,13.0,1.0,1000.0,92155.0,2.0,980.0,-91155.0,0,3152.35
1461.0,,718,256,96.0,14,2.0,1.0,109185.0,84762.0,29.0,77521.34999999999,24423.0,1,2934.85
339.0,,353,37,48.0,27,14.0,1.0,1000.0,82248.0,0.0,1000.0,-81248.0,1,3331.4
117.0,,58,144,11.0,27,16.0,1.0,51272.0,41795.0,35.0,33326.8,9477.0,0,
842.0,,895,359,23.0,22,14.0,0.0,86531.0,65264.0,34.0,57110.45999999999,21267.0,0,2126.0
442.0,,200,533,54.0,31,9.0,0.0,134839.0,104938.0,2.0,132142.22,29901.0,0,
1927.0,,153,585,83.0,15,9.0,1.0,140680.0,107996.0,3.0,136459.6,32684.0,1,1820.12
1608.0,,27,330,76.0,35,3.0,1.0,127425.0,118402.0,19.0,103214.25,9023.0,1,4054.5
1036.0,,170,207,81.0,15,10.0,1.0,149389.0,112818.0,20.0,119511.20000000001,36571.0,1,
275.0,,220,303,15.0,14,10.0,1.0,86779.0,75025.0,15.0,73762.15,11754.0,0,1018.93
1448.0,,500,199,51.0,7,20.0,1.0,135916.0,110064.0,30.0,95141.2,25852.0,1,4404.67
309.0,,798,501,5.0,35,6.0,0.0,1000.0,35114.0,17.0,830.0,-34114.0,0,1414.88
1659.0,,692,425,65.0,34,17.0,1.0,81229.0,71755.0,32.0,55235.719999999994,9474.0,1,
157.0,20231230.0,136,570,64.0,34,10.0,1.0,1000.0,60775.0,23.0,770.0,-59775.0,1,
810.0,,264,470,48.0,15,6.0,1.0,90217.0,74562.0,30.0,63151.899999999994,15655.0,0,1622.25
1781.0,,375,551,49.0,18,14.0,1.0,1000.0,34861.0,3.0,970.0,-33861.0,1,
30.0,,43,359,1.0,30,2.0,1.0,32751.0,24263.0,15.0,27838.35,8488.0,0,840.57
1604.0,20220425.0,467,11,99.0,13,9.0,1.0,1000.0,86482.0,16.0,840.0,-85482.0,1,2975.29
1108.0,,48,48,51.0,3,6.0,1.0,34794.0,25868.0,27.0,25399.62,8926.0,0,762.8
293.0,,707,394,7.0,22,12.0,0.0,76127.0,66173.0,34.0,50243.81999999999,9954.0,1,1898.28
1372.0,,314,486,76.0,30,11.0,1.0,1000.0,112940.0,27.0,730.0,-111940.0,0,3554.66
1176.0,,210,48,96.0,16,14.0,1.0,35205.0,33068.0,29.0,24995.55,2137.0,0,562.65
1729.0,,662,144,100.0,13,18.0,1.0,122101.0,90810.0,16.0,102564.84,31291.0,1,2314.94
783.0,,493,26,34.0,25,7.0,0.0,1000.0,24667.0,18.0,820.0000000000001,-23667.0,1,480.98
633.0,,463,131,14.0,35,14.0,1.0,1000.0,51571.0,2.0,980.0,-50571.0,0,2061.78
843.0,,295,564,43.0,11,17.0,1.0,32773.0,27645.0,32.0,22285.64,5128.0,0,1131.29
1580.0,,346,43,98.0,26,20.0,1.0,72592.0,68850.0,13.0,63155.04,3742.0,1,585.72
214.0,,399,241,23.0,20,8.0,1.0,50800.0,47047.0,100.0,0.0,3753.0,1,471.74
1273.0,,450,426,64.0,35,8.0,1.0,1000.0,26595.0,12.0,880.0,-25595.0,1,
1341.0,,608,270,15.0,22,16.0,1.0,1000.0,23514.0,32.0,679.9999999999999,-22514.0,1,
846.0,,515,444,75.0,27,10.0,1.0,1000.0,109926.0,11.0,890.0,-108926.0,0,2130.37
1730.0,20210810.0,449,327,59.0,31,3.0,0.0,53616.0,48340.0,12.0,47182.08,5276.0,0,1413.24
743.0,20200802.0,50,569,99.0,1,2.0,1.0,1000.0,98102.0,13.0,870.0,-97102.0,0,3931.14
1888.0,,595,541,97.0,17,4.0,1.0,1000.0,52304.0,27.0,730.0,-51304.0,1,
578.0,,458,488,42.0,12,13.0,1.0,137911.0,99643.0,30.0,96537.7,38268.0,1,3339.13
1793.0,,278,213,13.0,21,1.0,1.0,84380.0,71392.0,34.0,55690.799999999996,12988.0,0,1563.19
1960.0,,364,531,92.0,10,18.0,1.0,60593.0,55686.0,0.0,60593.0,4907.0,1,1509.24
1501.0,,641,17,83.0,13,17.0,1.0,25700.0,21973.0,10.0,23130.0,3727.0,0,768.29
611.0,,471,168,4.0,7,6.0,1.0,67967.0,64319.0,15.0,57771.95,3648.0,0,602.98
1798.0,20210202.0,802,463,55.0,19,4.0,1.0,28024.0,21913.0,32.0,19056.32,6111.0,1,703.52
1274.0,,709,29,33.0,24,6.0,1.0,97346.0,78346.0,34.0,64248.35999999999,19000.0,1,2811.87
785.0,,183,95,75.0,31,1.0,1.0,39296.0,35629.0,20.0,31436.800000000003,3667.0,1,752.85
29.0,,619,262,50.0,24,16.0,1.0,68081.0,59581.0,12.0,59911.28,8500.0,0,2379.27
1775.0,,601,235,51.0,34,16.0,1.0,111211.0,90380.0,31.0,76735.59,20831.0,1,1886.25
167.0,,89,392,55.0,33,10.0,1.0,1000.0,21008.0,15.0,850.0,-20008.0,0,571.92
1999.0,,427,546,65.0,33,17.0,1.0,40078.0,29819.0,25.0,30058.5,10259.0,1,1401.17
823.0,,567,278,2.0,21,15.0,1.0,90627.0,73354.0,29.0,64345.17,17273.0,0,2126.01
947.0,,265,114,7.0,33,13.0,1.0,1000.0,112112.0,35.0,650.0,-111112.0,1,2055.23
1620.0,,357,165,66.0,34,15.0,1.0,1000.0,45980.0,25.0,750.0,-44980.0,1,685.65
1710.0,,316,104,52.0,27,16.0,1.0,1000.0,119059.0,29.0,710.0,-118059.0,1,1626.84
226.0,,862,145,88.0,19,16.0,1.0,144177.0,114197.0,0.0,144177.0,29980.0,0,
1492.0,,104,308,5.0,30,2.0,1.0,1000.0,18299.0,31.0,690.0,-17299.0,1,494.86
1663.0,,143,97,19.0,35,9.0,1.0,130148.0,96159.0,28.0,93706.56,33989.0,0,3925.23
1997.0,,844,342,53.0,32,10.0,1.0,104858.0,75660.0,10.0,94372.2,29198.0,0,1547.8
1931.0,,539,446,58.0,26,18.0,1.0,105899.0,80746.0,20.0,84719.20000000001,25153.0,0,
1404.0,,483,366,15.0,18,17.0,1.0,,95414.0,28.0,,,0,2141.62
304.0,,860,218,17.0,18,14.0,1.0,87472.0,67609.0,34.0,57731.51999999999,19863.0,1,1927.27
539.0,,467,384,66.0,24,17.0,1.0,97593.0,72855.0,25.0,73194.75,24738.0,0,1991.56
634.0,20211210.0,670,117,95.0,22,12.0,1.0,1000.0,101875.0,31.0,690.0,-100875.0,1,3120.96
31.0,,666,204,76.0,35,20.0,1.0,1000.0,56691.0,25.0,750.0,-55691.0,1,1797.54
1426.0,,180,172,79.0,17,3.0,1.0,78628.0,68679.0,0.0,78628.0,9949.0,1,640.73
146.0,,380,559,20.0,26,17.0,1.0,110681.0,105122.0,34.0,73049.45999999999,5559.0,0,2548.86
34.0,,447,177,66.0,16,6.0,1.0,55263.0,43958.0,15.0,46973.549999999996,11305.0,0,1780.27
1388.0,,107,368,12.0,22,19.0,1.0,141134.0,116716.0,21.0,111495.86,24418.0,0,4741.42
1956.0,,595,447,84.0,29,8.0,1.0,129112.0,114298.0,22.0,100707.36,14814.0,0,2631.35
456.0,,438,543,53.0,17,16.0,1.0,1000.0,110397.0,11.0,890.0,-109397.0,0,2723.57
496.0,,266,124,33.0,25,14.0,1.0,21762.0,18445.0,30.0,15233.4,3317.0,1,175.03
1669.0,,768,243,3.0,20,19.0,1.0,104447.0,94730.0,20.0,83557.6,9717.0,1,1369.16
1307.0,,377,69,18.0,15,20.0,1.0,50464.0,47775.0,25.0,37848.0,2689.0,1,1062.92
1464.0,,454,8,63.0,16,11.0,1.0,105449.0,79693.0,29.0,74868.79,25756.0,1,2183.68
899.0,,69,536,84.0,28,9.0,1.0,84510.0,69688.0,19.0,68453.1,14822.0,0,2732.41
1454.0,,411,476,73.0,23,9.0,1.0,53483.0,43265.0,33.0,35833.60999999999,10218.0,1,1322.59
1171.0,,279,417,30.0,1,10.0,1.0,128770.0,119495.0,8.0,118468.40000000001,9275.0,1,2613.06
1158.0,20230911.0,439,85,49.0,5,5.0,1.0,107844.0,95886.0,5.0,102451.79999999999,11958.0,0,2913.8
1666.0,,843,116,95.0,23,3.0,1.0,124356.0,115213.0,30.0,87049.2,9143.0,1,3984.44
644.0,,147,216,60.0,28,16.0,1.0,163351.0,119035.0,7.0,151916.43,44316.0,0,4248.17
732.0,,800,118,75.0,2,14.0,1.0,39002.0,31921.0,18.0,31981.640000000003,7081.0,0,
249.0,,58,305,78.0,23,7.0,1.0,73894.0,62379.0,23.0,56898.380000000005,11515.0,1,1791.94
560.0,,128,249,3.0,5,1.0,1.0,33340.0,28500.0,25.0,25005.0,4840.0,0,674.98
958.0,,363,258,31.0,10,4.0,1.0,113865.0,105739.0,9.0,103617.15000000001,8126.0,1,3491.9
1398.0,,135,396,2.0,4,16.0,1.0,1000.0,45658.0,0.0,1000.0,-44658.0,0,959.31
1523.0,,78,27,24.0,11,10.0,1.0,59231.0,54576.0,19.0,47977.11,4655.0,0,1879.21
1316.0,,43,360,92.0,7,16.0,1.0,72990.0,62943.0,25.0,54742.5,10047.0,0,2545.99
1875.0,,108,569,73.0,2,9.0,1.0,1000.0,29039.0,24.0,760.0,-28039.0,1,918.05
770.0,,192,135,89.0,25,15.0,1.0,33217.0,31530.0,8.0,30559.640000000003,1687.0,1,
618.0,,35,105,39.0,25,16.0,1.0,116206.0,86664.0,18.0,95288.92000000001,29542.0,1,
1629.0,,316,447,49.0,12,12.0,1.0,90626.0,84345.0,2.0,88813.48,6281.0,0,1282.78
1047.0,,128,125,35.0,35,14.0,1.0,44111.0,34709.0,22.0,34406.58,9402.0,1,1522.87
715.0,,179,156,4.0,23,19.0,1.0,63236.0,55249.0,2.0,61971.28,7987.0,1,619.87
1566.0,,35,426,3.0,16,12.0,1.0,1000.0,103958.0,26.0,740.0,-102958.0,1,1358.82
61.0,,44,338,69.0,9,4.0,1.0,38377.0,28607.0,4.0,36841.92,9770.0,0,1246.72
1145.0,,270,475,8.0,22,12.0,1.0,96830.0,84423.0,0.0,96830.0,12407.0,1,1883.96
1345.0,,134,219,41.0,12,13.0,1.0,82117.0,76764.0,15.0,69799.45,5353.0,1,2720.81
1589.0,20210326.0,592,78,83.0,23,6.0,1.0,1000.0,41528.0,6.0,940.0,-40528.0,0,1774.38
519.0,,876,470,46.0,8,7.0,1.0,1000.0,41854.0,30.0,700.0,-40854.0,1,1273.62
1232.0,,1,216,60.0,33,6.0,0.0,29929.0,24140.0,25.0,22446.75,5789.0,1,701.93
448.0,,654,505,52.0,31,12.0,1.0,42448.0,39478.0,32.0,28864.639999999996,2970.0,0,731.89
568.0,,495,563,43.0,15,20.0,1.0,39020.0,28846.0,12.0,34337.6,10174.0,0,1003.97
784.0,,249,354,52.0,22,18.0,1.0,1000.0,69409.0,22.0,780.0,-68409.0,0,1261.06
489.0,,392,352,84.0,15,13.0,1.0,107352.0,101464.0,7.0,99837.36,5888.0,0,3159.81
284.0,,167,548,9.0,12,2.0,1.0,30912.0,22268.0,2.0,30293.76,8644.0,1,433.95
937.0,,67,449,33.0,35,12.0,1.0,1000.0,65098.0,7.0,929.9999999999999,-64098.0,1,642.38
1765.0,,133,186,77.0,1,16.0,1.0,127901.0,92720.0,24.0,97204.76,35181.0,0,
271.0,,502,394,29.0,21,15.0,1.0,124863.0,102400.0,2.0,122365.73999999999,22463.0,1,2833.68
1072.0,,779,14,94.0,15,5.0,1.0,1000.0,100525.0,28.000000000000004,720.0,-99525.0,0,2318.58
1954.0,,156,312,24.0,31,15.0,1.0,75170.0,57707.0,11.0,66901.3,17463.0,1,2045.56
363.0,,645,292,26.0,9,10.0,1.0,1000.0,89915.0,7.0,929.9999999999999,-88915.0,1,4151.95
639.0,20200311.0,161,553,52.0,35,20.0,1.0,42698.0,35566.0,28.0,30742.559999999998,7132.0,1,589.04
1558.0,,751,264,13.0,6,20.0,1.0,88647.0,83381.0,20.0,70917.6,5266.0,1,1154.03
280.0,,520,346,78.0,10,8.0,1.0,105408.0,93262.0,21.0,83272.32,12146.0,0,1314.81
462.0,,184,587,55.0,33,1.0,1.0,32567.0,29742.0,27.0,23773.91,2825.0,0,541.75
1561.0,,249,518,55.0,9,12.0,1.0,59491.0,48604.0,14.0,51162.26,10887.0,0,1377.46
957.0,20241019.0,588,587,58.0,3,20.0,1.0,1000.0,44706.0,30.0,700.0,-43706.0,1,
538.0,,187,258,77.0,16,19.0,1.0,42651.0,36910.0,8.0,39238.92,5741.0,1,1188.29
1944.0,,841,315,14.0,8,19.0,1.0,1000.0,20340.0,22.0,780.0,-19340.0,1,
1771.0,,404,592,65.0,24,19.0,1.0,95034.0,77654.0,26.0,70325.16,17380.0,1,2352.98
999.0,,535,23,46.0,11,6.0,1.0,122667.0,116651.0,9.0,111626.97,6016.0,1,2372.82
1201.0,,797,25,9.0,4,11.0,1.0,62870.0,58758.0,5.0,59726.5,4112.0,0,1962.22
411.0,,83,422,38.0,1,7.0,1.0,45963.0,36470.0,10.0,41366.700000000004,9493.0,1,1320.9
1303.0,,835,337,78.0,3,17.0,1.0,1000.0,114089.0,16.0,840.0,-113089.0,0,2538.55
829.0,,754,95,30.0,9,19.0,1.0,89940.0,83750.0,100.0,0.0,6190.0,0,1212.47
1268.0,,244,332,35.0,8,16.0,0.0,1000.0,59972.0,28.999999999999996,710.0,-58972.0,0,1738.52
1244.0,20210103.0,403,551,61.0,15,20.0,1.0,1000.0,23529.0,14.0,860.0,-22529.0,1,682.73
1892.0,20201118.0,151,27,100.0,27,8.0,1.0,90395.0,70926.0,20.0,72316.0,19469.0,1,1490.7
1521.0,,613,294,26.0,13,2.0,1.0,1000.0,40057.0,29.0,710.0,-39057.0,1,1531.76
1581.0,,85,271,87.0,19,2.0,0.0,59722.0,46486.0,27.0,43597.06,13236.0,1,1672.25
429.0,,120,592,90.0,1,9.0,1.0,126535.0,90912.0,34.0,83513.09999999999,35623.0,0,2149.26
1152.0,,156,535,43.0,30,16.0,1.0,84794.0,73906.0,100.0,0.0,10888.0,1,765.52
1676.0,,876,491,91.0,33,13.0,1.0,37698.0,30276.0,12.0,33174.24,7422.0,0,
1287.0,,531,335,25.0,12,12.0,1.0,59935.0,45678.0,20.0,47948.0,14257.0,0,1607.48
1019.0,,416,86,77.0,28,2.0,1.0,68834.0,53357.0,15.0,58508.9,15477.0,0,2086.3
225.0,,662,414,68.0,4,14.0,1.0,82234.0,66297.0,32.0,55919.119999999995,15937.0,0,2311.93
443.0,,231,190,28.0,5,13.0,1.0,66127.0,49672.0,26.0,48933.979999999996,16455.0,1,1223.28
1895.0,,577,426,79.0,24,16.0,1.0,1000.0,100633.0,26.0,740.0,-99633.0,0,2960.5
544.0,,767,110,65.0,30,12.0,1.0,,17622.0,16.0,,,1,336.86
1904.0,,139,231,37.0,14,17.0,1.0,102624.0,82649.0,16.0,86204.16,19975.0,1,3155.19
1241.0,,693,594,47.0,26,4.0,1.0,46165.0,43146.0,28.0,33238.799999999996,3019.0,1,421.06
723.0,,731,282,39.0,10,17.0,1.0,1000.0,21732.0,6.0,940.0,-20732.0,1,
659.0,,820,240,69.0,1,13.0,1.0,1000.0,52499.0,11.0,890.0,-51499.0,0,1738.31
567.0,,47,138,30.0,16,14.0,1.0,1000.0,88372.0,20.0,800.0,-87372.0,0,2428.38
1474.0,,755,512,49.0,35,11.0,1.0,93505.0,68187.0,27.0,68258.65,25318.0,0,1407.73
616.0,,253,194,86.0,17,1.0,1.0,46613.0,40969.0,7.0,43350.09,5644.0,0,687.14
638.0,,631,343,2.0,23,20.0,1.0,82115.0,60520.0,35.0,53374.75,21595.0,1,1516.69
324.0,,488,353,43.0,30,9.0,1.0,140833.0,116500.0,100.0,0.0,24333.0,1,4353.69
244.0,,459,562,41.0,15,12.0,1.0,76579.0,60335.0,29.0,54371.09,16244.0,0,2059.37
656.0,,581,219,34.0,27,5.0,1.0,46048.0,39932.0,19.0,37298.880000000005,6116.0,0,1012.13
1914.0,,26,134,10.0,28,18.0,1.0,109782.0,101740.0,30.0,76847.4,8042.0,1,2971.05
1343.0,,869,213,92.0,27,20.0,1.0,57137.0,46472.0,4.0,54851.52,10665.0,1,1124.47
1886.0,,696,368,7.0,16,19.0,1.0,1000.0,94828.0,12.0,880.0,-93828.0,0,1981.39
714.0,,202,513,67.0,12,15.0,1.0,1000.0,115142.0,30.0,700.0,-114142.0,0,4769.42
1217.0,,216,471,7.0,5,6.0,1.0,1000.0,110714.0,31.0,690.0,-109714.0,1,
1970.0,,510,160,31.0,25,11.0,1.0,71839.0,62464.0,11.0,63936.71,9375.0,1,2250.7
666.0,,416,212,93.0,17,4.0,1.0,75916.0,58603.0,0.0,75916.0,17313.0,1,1569.08
1859.0,,779,489,3.0,3,14.0,1.0,47860.0,41722.0,31.0,33023.399999999994,6138.0,1,1511.09
613.0,,82,583,93.0,10,13.0,1.0,58786.0,49063.0,5.0,55846.7,9723.0,1,1774.77
1808.0,,659,575,95.0,5,8.0,1.0,54425.0,43836.0,12.0,47894.0,10589.0,0,756.64
746.0,,321,407,97.0,1,12.0,1.0,24835.0,18720.0,7.0,23096.55,6115.0,1,583.94
1037.0,,58,157,96.0,7,9.0,1.0,143658.0,106175.0,11.0,127855.62,37483.0,0,1737.9
197.0,,573,517,11.0,7,8.0,1.0,129891.0,94142.0,23.0,100016.07,35749.0,1,3205.31
203.0,,174,61,52.0,4,14.0,1.0,132150.0,104570.0,30.0,92505.0,27580.0,0,1278.48
80.0,,613,337,42.0,27,17.0,1.0,1000.0,52793.0,14.0,860.0,-51793.0,1,1589.09
1609.0,,96,3,12.0,1,20.0,1.0,47155.0,37935.0,19.0,38195.55,9220.0,0,738.5
1900.0,20211015.0,142,234,63.0,4,17.0,1.0,122952.0,96141.0,8.0,113115.84000000001,26811.0,1,3284.66
1235.0,,22,451,17.0,14,10.0,1.0,86410.0,62853.0,2.0,84681.8,23557.0,0,1604.82
1375.0,,376,107,21.0,2,15.0,1.0,1000.0,97984.0,28.0,720.0,-96984.0,1,2746.0
163.0,,269,117,57.0,17,6.0,1.0,1000.0,24830.0,30.0,700.0,-23830.0,0,885.74
35.0,20201203.0,507,391,80.0,18,8.0,1.0,1000.0,73723.0,32.0,679.9999999999999,-72723.0,1,
1986.0,,274,36,78.0,28,13.0,1.0,1000.0,46459.0,27.0,730.0,-45459.0,0,1113.48
235.0,,808,54,76.0,14,15.0,1.0,95472.0,76386.0,9.0,86879.52,19086.0,1,3001.74
1712.0,,559,599,55.0,13,11.0,1.0,1000.0,62796.0,9.0,910.0,-61796.0,0,772.21
717.0,,526,227,38.0,13,9.0,1.0,19025.0,16944.0,8.0,17503.0,2081.0,0,568.05
1864.0,,45,109,10.0,13,16.0,1.0,98042.0,71058.0,15.0,83335.7,26984.0,1,1071.89
1513.0,,649,79,50.0,5,2.0,1.0,32735.0,26183.0,31.0,22587.149999999998,6552.0,1,804.86
725.0,,50,419,77.0,25,4.0,1.0,1000.0,96032.0,20.0,800.0,-95032.0,1,1302.6
64.0,,103,108,11.0,31,9.0,1.0,1000.0,40025.0,28.0,720.0,-39025.0,1,1058.33
731.0,20240605.0,538,221,7.0,4,8.0,1.0,66721.0,52011.0,13.0,58047.27,14710.0,1,1493.12
1606.0,,412,74,73.0,2,13.0,1.0,54420.0,46469.0,4.0,52243.2,7951.0,0,522.47
1773.0,20220325.0,768,90,99.0,7,14.0,1.0,1000.0,16680.0,4.0,960.0,-15680.0,1,
897.0,20220912.0,343,409,24.0,17,8.0,1.0,49128.0,38305.0,26.0,36354.72,10823.0,1,1344.36
1489.0,,500,401,40.0,7,20.0,1.0,22179.0,18031.0,4.0,21291.84,4148.0,0,294.08
1991.0,,751,42,96.0,8,12.0,1.0,87451.0,74419.0,12.0,76956.88,13032.0,1,1129.27
1780.0,,655,292,88.0,19,8.0,1.0,1000.0,77640.0,20.0,800.0,-76640.0,0,1110.33
1349.0,20221126.0,146,192,18.0,5,15.0,1.0,35285.0,28124.0,33.0,23640.949999999997,7161.0,1,972.25
558.0,,435,254,73.0,12,13.0,1.0,114638.0,83436.0,3.0,111198.86,31202.0,1,3765.52
880.0,,368,166,62.0,3,10.0,1.0,62357.0,44943.0,8.0,57368.44,17414.0,1,998.33
1898.0,20240715.0,489,100,64.0,16,2.0,1.0,100616.0,72082.0,27.0,73449.68,28534.0,1,3457.07
1866.0,,297,582,73.0,18,19.0,1.0,84218.0,71570.0,5.0,80007.09999999999,12648.0,1,1928.95
1396.0,,741,279,87.0,35,11.0,1.0,1000.0,15683.0,23.0,770.0,-14683.0,0,542.13
1357.0,,477,332,82.0,24,19.0,1.0,112888.0,91777.0,13.0,98212.56,21111.0,0,1678.67
1064.0,,129,127,59.0,31,15.0,1.0,106407.0,97889.0,34.0,70228.62,8518.0,1,
1518.0,20230806.0,392,400,86.0,15,4.0,1.0,1000.0,118918.0,26.0,740.0,-117918.0,0,2382.95
816.0,,27,591,88.0,16,1.0,1.0,112132.0,88614.0,13.0,97554.84,23518.0,1,2732.29
121.0,,457,143,10.0,30,14.0,0.0,1000.0,69208.0,35.0,650.0,-68208.0,1,917.05
1443.0,,579,39,38.0,11,7.0,1.0,56691.0,48029.0,33.0,37982.969999999994,8662.0,0,1798.52
1290.0,,1,325,88.0,4,9.0,1.0,69743.0,62195.0,9.0,63466.130000000005,7548.0,0,1243.73
126.0,,814,449,21.0,18,11.0,1.0,64407.0,58631.0,33.0,43152.689999999995,5776.0,0,605.39
1269.0,,324,188,65.0,35,8.0,1.0,1000.0,34628.0,5.0,950.0,-33628.0,1,651.21
696.0,20220516.0,656,290,18.0,8,3.0,1.0,126698.0,118984.0,17.0,105159.34,7714.0,0,2353.72
1638.0,,72,256,41.0,18,3.0,1.0,104557.0,97987.0,16.0,87827.87999999999,6570.0,1,3237.12
1578.0,,45,424,27.0,20,19.0,1.0,28532.0,24394.0,7.0,26534.76,4138.0,0,618.59
361.0,,413,210,96.0,4,19.0,1.0,111774.0,85881.0,4.0,107303.04,25893.0,0,1452.16
8.0,,537,324,35.0,13,9.0,1.0,1000.0,100494.0,27.0,730.0,-99494.0,0,3317.16
1852.0,,791,298,56.0,7,1.0,1.0,1000.0,46015.0,29.0,710.0,-45015.0,1,503.59
1382.0,,499,524,73.0,15,5.0,1.0,1000.0,112141.0,22.0,780.0,-111141.0,1,1467.41
1998.0,,557,60,58.0,35,6.0,1.0,55295.0,48020.0,20.0,44236.0,7275.0,0,1880.16
565.0,,185,231,7.0,5,1.0,1.0,100819.0,76873.0,31.0,69565.11,23946.0,1,3091.5
1749.0,,819,106,10.0,5,15.0,0.0,1000.0,82353.0,7.0,929.9999999999999,-81353.0,0,2018.14
105.0,,133,504,44.0,2,9.0,1.0,45131.0,32315.0,16.0,37910.04,12816.0,1,
648.0,,345,253,84.0,30,3.0,1.0,1000.0,38227.0,6.0,940.0,-37227.0,0,1657.39
1406.0,,499,486,49.0,6,14.0,1.0,1000.0,49328.0,21.0,790.0,-48328.0,0,1114.06
1048.0,,634,1,79.0,20,13.0,1.0,134754.0,119331.0,28.0,97022.87999999999,15423.0,0,1755.13
1078.0,,611,179,1.0,11,16.0,1.0,30726.0,23552.0,24.0,23351.760000000002,7174.0,1,819.69
1891.0,20210902.0,484,288,64.0,32,19.0,1.0,84786.0,60673.0,29.0,60198.06,24113.0,1,705.16
1054.0,,326,262,34.0,15,13.0,1.0,1000.0,71224.0,20.0,800.0,-70224.0,1,
420.0,,241,485,74.0,10,6.0,1.0,119167.0,86559.0,7.0,110825.31,32608.0,0,1759.49
1966.0,,648,30,52.0,22,20.0,1.0,129544.0,113173.0,21.0,102339.76000000001,16371.0,0,4494.21
5.0,,767,233,8.0,20,14.0,1.0,,105068.0,0.0,,,0,2831.17
1484.0,,441,179,56.0,16,4.0,1.0,27339.0,21599.0,21.0,21597.81,5740.0,1,
1106.0,,53,509,36.0,22,20.0,1.0,51103.0,45763.0,28.0,36794.159999999996,5340.0,0,1157.38
1212.0,,496,240,83.0,14,13.0,1.0,40791.0,33718.0,12.0,35896.08,7073.0,1,1128.42
901.0,,868,587,8.0,9,7.0,1.0,87062.0,78377.0,26.0,64425.88,8685.0,0,749.38
294.0,,412,445,93.0,15,3.0,1.0,31672.0,27284.0,7.0,29454.96,4388.0,0,409.9
1202.0,,383,278,47.0,5,11.0,1.0,1000.0,78330.0,24.0,760.0,-77330.0,0,2455.1
1921.0,,48,489,73.0,25,13.0,1.0,1000.0,47094.0,19.0,810.0,-46094.0,1,
1948.0,,492,82,84.0,16,5.0,1.0,108049.0,84964.0,25.0,81036.75,23085.0,1,2866.73
1276.0,,48,121,9.0,22,4.0,1.0,142478.0,102077.0,24.0,108283.28,40401.0,0,3507.28
563.0,,78,252,33.0,35,12.0,1.0,55157.0,40919.0,10.0,49641.3,14238.0,0,1688.06
1560.0,,604,62,37.0,19,17.0,1.0,1000.0,55639.0,0.0,1000.0,-54639.0,1,2015.09
141.0,,293,193,28.0,24,15.0,1.0,1000.0,78508.0,12.0,880.0,-77508.0,1,2629.85
1912.0,,454,80,61.0,15,15.0,1.0,112950.0,106932.0,25.0,84712.5,6018.0,0,2903.43
1146.0,,52,62,75.0,19,7.0,1.0,129331.0,117606.0,18.0,106051.42000000001,11725.0,0,1325.64
835.0,20210411.0,664,34,47.0,5,9.0,1.0,1000.0,24012.0,14.000000000000002,860.0,-23012.0,0,759.02
1142.0,,564,22,56.0,29,3.0,1.0,23855.0,18375.0,28.0,17175.6,5480.0,0,287.86
986.0,,270,197,25.0,30,20.0,1.0,68723.0,51731.0,29.0,48793.329999999994,16992.0,0,
347.0,,465,544,52.0,32,9.0,1.0,24668.0,20721.0,11.0,21954.52,3947.0,0,645.53
1347.0,,878,11,44.0,35,15.0,1.0,1000.0,72392.0,16.0,840.0,-71392.0,0,2606.04
534.0,,498,488,71.0,14,5.0,1.0,38881.0,30954.0,29.0,27605.51,7927.0,1,1283.38
1118.0,,516,400,77.0,13,6.0,1.0,1000.0,62815.0,28.0,720.0,-61815.0,0,1118.08
1467.0,20220630.0,831,139,94.0,27,18.0,1.0,57035.0,48727.0,33.0,38213.45,8308.0,0,1697.28
1226.0,20210611.0,285,28,68.0,5,15.0,1.0,90830.0,66324.0,32.0,61764.399999999994,24506.0,1,2552.33
1478.0,,186,508,92.0,25,12.0,1.0,32794.0,27217.0,18.0,26891.08,5577.0,0,
1717.0,20240703.0,73,452,7.0,24,16.0,1.0,1000.0,85086.0,14.0,860.0,-84086.0,0,1719.21
1479.0,,252,301,99.0,24,2.0,1.0,1000.0,44930.0,13.0,870.0,-43930.0,1,1095.81
1667.0,20230504.0,333,44,75.0,14,3.0,1.0,18131.0,16861.0,28.999999999999996,12873.01,1270.0,1,341.9
705.0,20230905.0,302,442,80.0,23,2.0,1.0,40221.0,36365.0,25.0,30165.75,3856.0,1,777.09
62.0,,143,431,62.0,32,13.0,1.0,106892.0,96319.0,25.0,80169.0,10573.0,1,3571.69
95.0,,733,215,63.0,30,2.0,1.0,,44359.0,0.0,,,0,767.73
417.0,,798,127,36.0,2,20.0,1.0,62197.0,51278.0,27.0,45403.81,10919.0,0,869.29
966.0,,462,413,79.0,5,12.0,1.0,20476.0,17362.0,34.0,13514.159999999998,3114.0,0,699.13
1040.0,,247,452,52.0,14,7.0,1.0,47931.0,45518.0,7.0,44575.829999999994,2413.0,0,791.62
1849.0,,660,523,85.0,30,1.0,1.0,95250.0,81284.0,5.0,90487.5,13966.0,1,1147.33
1128.0,,52,389,52.0,17,6.0,1.0,36093.0,28207.0,2.0,35371.14,7886.0,1,1025.41
285.0,,875,443,50.0,12,11.0,1.0,1000.0,32037.0,1.0,990.0,-31037.0,0,757.3
1369.0,20200913.0,887,198,13.0,4,7.0,1.0,77599.0,64311.0,30.0,54319.299999999996,13288.0,1,2207.98
1351.0,,685,422,22.0,3,10.0,1.0,125856.0,91741.0,27.0,91874.88,34115.0,1,2828.97
48.0,,559,367,3.0,35,14.0,1.0,1000.0,73994.0,25.0,750.0,-72994.0,0,2681.99
1169.0,,279,405,47.0,17,10.0,1.0,1000.0,79920.0,18.0,820.0000000000001,-78920.0,0,1731.56
1196.0,,809,257,99.0,4,13.0,1.0,102648.0,89836.0,24.0,78012.48,12812.0,1,1785.65
1516.0,,168,195,99.0,21,1.0,1.0,126980.0,91601.0,5.0,120631.0,35379.0,1,3208.29
1358.0,,841,134,53.0,13,14.0,1.0,1000.0,21031.0,10.0,900.0,-20031.0,0,578.31
75.0,,368,58,44.0,28,8.0,1.0,138363.0,119810.0,15.0,117608.55,18553.0,1,2123.55
521.0,20220929.0,613,262,74.0,15,1.0,1.0,,65355.0,7.0,,,0,1919.24
1264.0,,775,429,66.0,11,8.0,1.0,55063.0,47283.0,0.0,55063.0,7780.0,0,880.28
1919.0,,455,463,26.0,12,8.0,1.0,1000.0,99226.0,5.0,950.0,-98226.0,0,3989.39
988.0,,643,109,30.0,14,10.0,1.0,147895.0,118543.0,6.0,139021.3,29352.0,0,1829.94
1869.0,,850,310,65.0,11,19.0,1.0,94456.0,70802.0,32.0,64230.079999999994,23654.0,1,3265.08
1532.0,,278,234,25.0,3,8.0,1.0,47055.0,38669.0,35.0,30585.75,8386.0,1,1374.95
360.0,,845,527,43.0,22,18.0,1.0,143690.0,110054.0,15.0,122136.5,33636.0,0,4648.66
73.0,,774,409,64.0,13,6.0,1.0,1000.0,83048.0,34.0,659.9999999999999,-82048.0,1,990.94
1562.0,,174,211,5.0,10,20.0,1.0,34076.0,24694.0,7.0,31690.679999999997,9382.0,0,1084.25
1777.0,,773,256,78.0,16,12.0,1.0,37640.0,35808.0,23.0,28982.8,1832.0,1,853.25
1872.0,,164,6,8.0,23,20.0,0.0,126250.0,102808.0,4.0,121200.0,23442.0,1,1307.79
1170.0,,380,292,25.0,30,4.0,1.0,159395.0,114242.0,29.0,113170.45,45153.0,1,4678.2
572.0,,666,548,62.0,13,8.0,1.0,47182.0,35047.0,30.0,33027.4,12135.0,0,1025.85
1271.0,20230831.0,27,525,30.0,9,1.0,1.0,116399.0,96010.0,11.0,103595.11,20389.0,0,1631.67
2000.0,,311,496,27.0,7,20.0,1.0,19189.0,16588.0,24.0,14583.64,2601.0,1,267.3
415.0,,319,283,86.0,20,17.0,0.0,130348.0,108007.0,31.0,89940.12,22341.0,1,1310.32
1079.0,,899,143,77.0,28,16.0,1.0,,96155.0,35.0,,,1,3564.21
1051.0,,684,355,40.0,15,15.0,1.0,88916.0,78838.0,15.0,75578.59999999999,10078.0,1,2667.48
1429.0,,403,83,84.0,16,14.0,1.0,99006.0,93657.0,9.0,90095.46,5349.0,1,
1323.0,,341,174,37.0,12,13.0,1.0,35397.0,32092.0,32.0,24069.96,3305.0,0,747.03
879.0,20201110.0,224,428,89.0,35,8.0,1.0,132046.0,106340.0,9.0,120161.86,25706.0,1,
1476.0,,824,335,33.0,13,9.0,1.0,33296.0,29370.0,18.0,27302.72,3926.0,1,1062.26
332.0,,691,130,82.0,11,18.0,1.0,104110.0,91224.0,11.0,92657.9,12886.0,1,934.36
1950.0,,754,414,76.0,9,12.0,1.0,97953.0,88023.0,22.0,76403.34,9930.0,0,2407.6
1173.0,,9,476,85.0,5,10.0,1.0,1000.0,104414.0,23.0,770.0,-103414.0,0,1902.89
445.0,20200925.0,165,409,51.0,13,12.0,1.0,133636.0,99078.0,21.0,105572.44,34558.0,1,3206.57
1153.0,,506,171,28.0,10,2.0,1.0,77979.0,69839.0,29.0,55365.09,8140.0,0,720.95
79.0,,14,315,94.0,32,17.0,1.0,143066.0,103757.0,35.0,92992.90000000001,39309.0,1,2246.81
1239.0,,505,139,31.0,30,7.0,1.0,1000.0,84969.0,30.0,700.0,-83969.0,0,1826.35
368.0,,263,312,31.0,1,2.0,1.0,26425.0,23816.0,5.0,25103.75,2609.0,0,
440.0,,761,532,17.0,20,10.0,1.0,130377.0,116560.0,19.0,105605.37000000001,13817.0,0,
483.0,,654,546,94.0,16,16.0,1.0,130299.0,103889.0,19.0,105542.19,26410.0,0,2655.25
1585.0,,285,42,27.0,29,3.0,1.0,1000.0,78067.0,0.0,1000.0,-77067.0,1,2147.94
503.0,,900,536,29.0,26,13.0,1.0,89765.0,71328.0,13.0,78095.55,18437.0,0,2516.2
1414.0,,6,326,6.0,12,15.0,1.0,,28371.0,7.0,,,1,613.3
220.0,,482,351,66.0,17,18.0,1.0,69543.0,53818.0,24.0,52852.68,15725.0,1,2339.69
584.0,20201115.0,236,282,22.0,4,18.0,1.0,27420.0,20067.0,4.0,26323.2,7353.0,0,606.24
825.0,,442,540,61.0,34,5.0,0.0,79616.0,63222.0,30.0,55731.2,16394.0,0,2401.15
1682.0,,594,411,75.0,30,2.0,1.0,1000.0,39800.0,31.0,690.0,-38800.0,1,811.71
540.0,,186,454,18.0,18,6.0,1.0,82435.0,63295.0,3.0,79961.95,19140.0,0,1171.06
23.0,,6,169,45.0,20,13.0,1.0,103025.0,86820.0,17.0,85510.75,16205.0,1,2600.35
78.0,,181,263,94.0,25,7.0,1.0,53258.0,48662.0,13.0,46334.46,4596.0,0,
32.0,20240113.0,222,128,23.0,27,10.0,1.0,1000.0,46701.0,14.0,860.0,-45701.0,0,1447.81
776.0,,197,276,47.0,15,7.0,1.0,1000.0,45437.0,33.0,669.9999999999999,-44437.0,0,
1039.0,,93,569,86.0,7,20.0,1.0,36650.0,27143.0,5.0,34817.5,9507.0,0,1242.78
640.0,,753,235,83.0,29,15.0,1.0,1000.0,20736.0,20.0,800.0,-19736.0,0,490.86
1450.0,20230123.0,574,404,56.0,35,12.0,1.0,1000.0,59651.0,24.0,760.0,-58651.0,1,2075.92
1675.0,20220105.0,587,46,92.0,32,13.0,1.0,21203.0,19011.0,28.0,15266.16,2192.0,1,358.99
375.0,,582,351,45.0,8,19.0,1.0,121386.0,99846.0,6.0,114102.84,21540.0,0,2638.84
893.0,,371,529,81.0,19,9.0,1.0,88309.0,82222.0,12.0,77711.92,6087.0,1,1250.14
1700.0,,652,404,65.0,29,13.0,1.0,104028.0,77106.0,21.0,82182.12000000001,26922.0,1,2252.38
264.0,,445,42,65.0,2,6.0,1.0,1000.0,115758.0,6.0,940.0,-114758.0,0,
195.0,,427,482,84.0,19,7.0,1.0,152456.0,114873.0,28.000000000000004,109768.31999999999,37583.0,0,4507.77
393.0,,314,596,93.0,28,19.0,0.0,71000.0,66025.0,31.0,48989.99999999999,4975.0,0,953.32
526.0,,521,360,75.0,2,12.0,1.0,98369.0,82624.0,12.0,86564.72,15745.0,0,1553.67
1378.0,,569,32,52.0,4,17.0,1.0,1000.0,49842.0,13.0,870.0,-48842.0,0,2081.36
1810.0,,661,425,32.0,5,12.0,1.0,34851.0,25774.0,6.0,32759.94,9077.0,0,770.85
978.0,,54,160,85.0,29,3.0,1.0,137461.0,98566.0,33.0,92098.87,38895.0,1,3980.23
1855.0,,281,470,100.0,3,11.0,1.0,62054.0,48277.0,9.0,56469.14,13777.0,0,1142.62
1390.0,,703,4,16.0,16,7.0,1.0,103074.0,75621.0,0.0,103074.0,27453.0,0,2544.09
266.0,,506,336,49.0,20,4.0,1.0,116070.0,109581.0,4.0,111427.2,6489.0,1,1644.07
1299.0,,733,326,9.0,4,8.0,1.0,82864.0,66557.0,16.0,69605.76,16307.0,1,2682.09
1423.0,,53,79,31.0,8,17.0,1.0,61832.0,53828.0,1.0,61213.68,8004.0,1,1360.42
1910.0,,69,502,100.0,19,15.0,1.0,117422.0,92787.0,15.0,99808.7,24635.0,1,3753.51
566.0,,880,42,52.0,17,13.0,0.0,105632.0,77105.0,19.0,85561.92000000001,28527.0,0,
287.0,,726,553,4.0,7,3.0,1.0,55665.0,42292.0,26.0,41192.1,13373.0,1,1838.97
240.0,,357,124,87.0,4,17.0,1.0,79954.0,73134.0,10.0,71958.6,6820.0,1,1252.42
765.0,,116,476,88.0,34,19.0,1.0,1000.0,73169.0,9.0,910.0,-72169.0,1,
7.0,,276,595,82.0,2,16.0,0.0,27069.0,24644.0,5.0,25715.55,2425.0,0,896.72
1877.0,,123,1,96.0,18,15.0,1.0,116945.0,102466.0,15.0,99403.25,14479.0,1,1143.6
1292.0,20230103.0,397,444,65.0,22,8.0,1.0,143849.0,109922.0,7.0,133779.56999999998,33927.0,1,
307.0,,290,558,67.0,20,14.0,1.0,33923.0,25618.0,30.0,23746.1,8305.0,0,602.62
1441.0,,104,242,67.0,1,9.0,1.0,1000.0,68608.0,13.0,870.0,-67608.0,0,2269.7
1739.0,,399,270,94.0,33,8.0,1.0,31403.0,29668.0,14.0,27006.579999999998,1735.0,1,917.7
405.0,20211122.0,896,168,71.0,10,1.0,1.0,79039.0,61293.0,27.0,57698.47,17746.0,0,935.39
1477.0,,665,582,86.0,31,2.0,1.0,1000.0,107544.0,22.0,780.0,-106544.0,1,1720.76
152.0,,177,26,24.0,32,14.0,1.0,80321.0,67262.0,14.0,69076.06,13059.0,1,2401.58
1130.0,,357,81,60.0,27,6.0,1.0,115854.0,85960.0,7.0,107744.21999999999,29894.0,1,2195.02
1840.0,,614,562,24.0,22,3.0,1.0,1000.0,116136.0,19.0,810.0,-115136.0,0,
1572.0,,803,558,16.0,6,12.0,1.0,44184.0,39516.0,19.0,35789.04,4668.0,0,
546.0,20240907.0,296,301,37.0,22,15.0,1.0,141672.0,107252.0,28.0,102003.84,34420.0,0,
1191.0,,120,159,79.0,7,8.0,1.0,62385.0,49711.0,24.0,47412.6,12674.0,0,2117.01
629.0,,144,195,12.0,3,18.0,0.0,132333.0,113855.0,6.0,124393.01999999999,18478.0,1,1409.64
834.0,20210606.0,249,124,12.0,33,6.0,1.0,21097.0,16075.0,22.0,16455.66,5022.0,1,193.27
588.0,,65,366,80.0,1,5.0,1.0,1000.0,111840.0,100.0,0.0,-110840.0,1,
1588.0,,361,580,90.0,30,13.0,1.0,100355.0,85399.0,14.0,86305.3,14956.0,0,3203.73
1942.0,,692,234,13.0,21,17.0,1.0,101200.0,79419.0,21.0,79948.0,21781.0,1,1350.84
1507.0,,122,386,42.0,29,4.0,0.0,1000.0,87203.0,6.0,940.0,-86203.0,1,3424.22
969.0,20240216.0,666,521,61.0,1,16.0,1.0,50448.0,38035.0,25.0,37836.0,12413.0,0,406.31
498.0,,762,174,72.0,28,6.0,1.0,1000.0,112217.0,26.0,740.0,-111217.0,0,3028.91
938.0,,295,276,43.0,28,17.0,1.0,1000.0,56539.0,25.0,750.0,-55539.0,0,1529.21
1017.0,20211109.0,621,422,48.0,14,10.0,1.0,55421.0,39736.0,6.0,52095.74,15685.0,1,1673.01
1625.0,,560,128,1.0,27,15.0,1.0,88696.0,67374.0,22.0,69182.88,21322.0,1,
319.0,,591,403,8.0,11,3.0,1.0,118300.0,95494.0,34.0,78077.99999999999,22806.0,0,2156.97
131.0,,449,339,8.0,17,8.0,1.0,92702.0,81500.0,24.0,70453.52,11202.0,0,2979.16
766.0,,842,593,9.0,10,7.0,1.0,119493.0,109568.0,15.0,101569.05,9925.0,1,3024.11
142.0,,91,22,22.0,9,18.0,1.0,62535.0,48926.0,10.0,56281.5,13609.0,0,2062.48
1538.0,,533,448,24.0,28,15.0,1.0,137373.0,109105.0,14.0,118140.78,28268.0,0,
1906.0,,460,203,75.0,19,19.0,1.0,147477.0,108341.0,23.0,113557.29000000001,39136.0,0,3914.52
935.0,,543,138,100.0,4,3.0,0.0,73308.0,53574.0,31.0,50582.52,19734.0,1,2529.24
1117.0,,237,560,56.0,20,5.0,1.0,129855.0,106252.0,18.0,106481.1,23603.0,0,2143.47
402.0,,319,522,84.0,21,16.0,1.0,1000.0,48842.0,15.0,850.0,-47842.0,1,1222.42
909.0,,516,55,8.0,13,7.0,1.0,96204.0,78147.0,15.0,81773.4,18057.0,1,915.34
1001.0,,216,384,73.0,5,11.0,1.0,109098.0,91299.0,11.0,97097.22,17799.0,1,1125.26
1059.0,,609,18,92.0,20,12.0,1.0,1000.0,60467.0,6.0,940.0,-59467.0,0,1053.6
549.0,,525,586,94.0,24,13.0,1.0,1000.0,74711.0,20.0,800.0,-73711.0,1,1814.43
1655.0,,450,147,8.0,32,14.0,1.0,122361.0,94971.0,15.0,104006.84999999999,27390.0,0,2519.8
1162.0,,215,599,5.0,26,18.0,1.0,114225.0,83996.0,32.0,77673.0,30229.0,0,3815.26
1861.0,,895,477,14.0,20,4.0,1.0,42386.0,34141.0,27.0,30941.78,8245.0,1,1163.74
1449.0,,406,475,92.0,35,6.0,1.0,1000.0,101250.0,17.0,830.0,-100250.0,1,1729.99
1417.0,,562,264,39.0,6,20.0,1.0,24267.0,18176.0,24.0,18442.920000000002,6091.0,0,200.44
1410.0,,668,42,45.0,7,3.0,1.0,106336.0,89352.0,32.0,72308.48,16984.0,1,3408.58
502.0,,863,115,79.0,2,13.0,1.0,59467.0,51789.0,15.0,50546.95,7678.0,0,
243.0,,636,182,79.0,28,2.0,1.0,67338.0,56127.0,29.0,47809.979999999996,11211.0,0,827.82
1125.0,,886,526,23.0,33,13.0,1.0,60896.0,45145.0,23.0,46889.92,15751.0,1,1190.69
729.0,,31,13,3.0,31,19.0,1.0,149642.0,110414.0,17.0,124202.86,39228.0,1,
336.0,,446,248,82.0,31,17.0,1.0,125686.0,101753.0,34.0,82952.76,23933.0,0,
1200.0,,329,101,53.0,23,10.0,1.0,114102.0,108305.0,3.0,110678.94,5797.0,0,2907.49
344.0,,487,469,90.0,8,5.0,1.0,1000.0,64686.0,2.0,980.0,-63686.0,1,1400.87
754.0,20210721.0,447,352,25.0,25,8.0,1.0,151050.0,119452.0,10.0,135945.0,31598.0,1,4332.97
1565.0,,597,249,34.0,8,1.0,1.0,55998.0,42126.0,20.0,44798.4,13872.0,0,1272.3
1407.0,,507,232,78.0,17,10.0,1.0,28827.0,21071.0,4.0,27673.92,7756.0,1,544.39
1786.0,20221124.0,290,546,74.0,4,16.0,1.0,1000.0,86285.0,24.0,760.0,-85285.0,0,
241.0,,113,508,48.0,2,17.0,1.0,35216.0,27053.0,12.0,30990.08,8163.0,1,1066.83
1766.0,20230720.0,91,389,32.0,32,19.0,1.0,96573.0,91405.0,12.0,84984.24,5168.0,1,1235.87
1984.0,,266,445,54.0,21,11.0,1.0,114907.0,93506.0,31.0,79285.82999999999,21401.0,1,3648.43
1510.0,,836,297,4.0,11,14.0,1.0,1000.0,101767.0,2.0,980.0,-100767.0,1,1665.63
1460.0,,109,166,91.0,13,3.0,1.0,150134.0,114646.0,31.0,103592.45999999999,35488.0,0,5240.96
1937.0,,520,295,73.0,33,18.0,1.0,73566.0,58972.0,7.0,68416.37999999999,14594.0,1,2403.28
378.0,,439,20,88.0,15,5.0,1.0,1000.0,57926.0,23.0,770.0,-56926.0,0,1477.82
1421.0,20230917.0,868,232,45.0,11,13.0,1.0,1000.0,114653.0,16.0,840.0,-113653.0,0,2388.43
1402.0,,572,498,71.0,2,13.0,1.0,73939.0,61613.0,31.0,51017.909999999996,12326.0,0,859.64
90.0,,798,436,62.0,33,5.0,1.0,146896.0,111009.0,28.999999999999996,104296.15999999999,35887.0,1,4760.2
193.0,,481,162,73.0,3,16.0,1.0,1000.0,82698.0,20.0,800.0,-81698.0,1,
1199.0,,50,457,93.0,2,1.0,1.0,1000.0,94065.0,26.0,740.0,-93065.0,0,4155.06
1355.0,20211010.0,354,508,95.0,34,20.0,1.0,1000.0,81879.0,29.0,710.0,-80879.0,1,829.57
806.0,,876,157,52.0,6,2.0,1.0,1000.0,61007.0,25.0,750.0,-60007.0,0,642.22
1500.0,20220314.0,173,499,63.0,19,2.0,0.0,91945.0,83543.0,32.0,62522.59999999999,8402.0,1,1994.27
1480.0,,804,149,40.0,1,18.0,1.0,22275.0,17584.0,6.0,20938.5,4691.0,1,630.19
475.0,,863,441,27.0,26,10.0,1.0,18758.0,15159.0,32.0,12755.439999999999,3599.0,1,307.8
383.0,,838,570,100.0,20,7.0,1.0,87699.0,78865.0,23.0,67528.23,8834.0,1,2674.67
675.0,,410,278,11.0,8,14.0,1.0,20067.0,16802.0,28.0,14448.24,3265.0,0,542.52
1678.0,20240311.0,182,334,78.0,6,8.0,1.0,1000.0,116829.0,28.0,720.0,-115829.0,1,3697.83
1129.0,,745,129,35.0,19,13.0,1.0,76748.0,67240.0,8.0,70608.16,9508.0,1,2246.46
1902.0,,684,203,83.0,10,14.0,1.0,100133.0,79919.0,5.0,95126.34999999999,20214.0,1,1294.65
1265.0,,264,530,50.0,9,9.0,1.0,86629.0,63660.0,34.0,57175.13999999999,22969.0,1,
257.0,,79,499,23.0,11,15.0,1.0,17704.0,15114.0,26.0,13100.96,2590.0,1,609.9
437.0,,671,135,16.0,23,20.0,1.0,140748.0,117361.0,24.0,106968.48,23387.0,0,4276.44
818.0,,324,210,10.0,29,16.0,1.0,26066.0,20944.0,16.0,21895.44,5122.0,0,746.95
689.0,,864,26,43.0,23,19.0,1.0,114169.0,108426.0,10.0,102752.1,5743.0,1,1123.26
671.0,20221125.0,676,245,25.0,5,12.0,1.0,1000.0,102550.0,0.0,1000.0,-101550.0,1,2561.04
369.0,,66,333,2.0,13,13.0,1.0,20953.0,15420.0,23.0,16133.81,5533.0,1,711.82
809.0,,489,268,80.0,13,15.0,1.0,71584.0,55461.0,34.0,47245.439999999995,16123.0,0,1388.16
744.0,,445,525,8.0,22,17.0,1.0,88252.0,67217.0,28.0,63541.439999999995,21035.0,0,
1420.0,,855,262,17.0,6,5.0,0.0,41322.0,35927.0,30.0,28925.399999999998,5395.0,1,568.14
108.0,,161,578,2.0,31,2.0,1.0,65548.0,52831.0,17.0,54404.84,12717.0,1,2050.63
282.0,,26,295,13.0,5,18.0,1.0,39169.0,29538.0,31.0,27026.609999999997,9631.0,0,1167.73
412.0,,762,532,38.0,20,6.0,1.0,1000.0,62532.0,6.0,940.0,-61532.0,0,1314.28
686.0,,567,208,83.0,33,19.0,1.0,37014.0,32938.0,35.0,24059.100000000002,4076.0,1,692.04
1743.0,,508,585,76.0,17,4.0,1.0,108602.0,97140.0,14.0,93397.72,11462.0,1,2426.73
1074.0,,382,243,75.0,30,10.0,1.0,1000.0,24389.0,19.0,810.0,-23389.0,0,607.6
1365.0,,859,104,30.0,24,12.0,1.0,75032.0,65220.0,23.0,57774.64,9812.0,1,2299.9
1085.0,20240614.0,827,287,90.0,10,7.0,1.0,98906.0,71114.0,2.0,96927.88,27792.0,1,3132.95
1046.0,,760,321,79.0,3,11.0,1.0,1000.0,100793.0,11.0,890.0,-99793.0,1,3643.7
247.0,,230,212,32.0,14,13.0,1.0,98123.0,87391.0,0.0,98123.0,10732.0,1,2101.59
974.0,,21,590,93.0,35,9.0,1.0,41613.0,36601.0,10.0,37451.700000000004,5012.0,1,650.5
1183.0,,82,260,30.0,26,5.0,1.0,138411.0,109070.0,16.0,116265.23999999999,29341.0,0,4341.43
787.0,,222,153,89.0,30,3.0,1.0,1000.0,112778.0,10.0,900.0,-111778.0,1,5057.31
1519.0,,333,581,48.0,6,8.0,1.0,46411.0,36744.0,31.0,32023.589999999997,9667.0,1,643.0
824.0,,307,209,95.0,15,12.0,1.0,52661.0,44918.0,23.0,40548.97,7743.0,0,
470.0,,437,523,100.0,8,3.0,1.0,135338.0,108304.0,5.0,128571.09999999999,27034.0,1,2428.7
242.0,,696,424,83.0,14,2.0,1.0,89684.0,79709.0,20.0,71747.2,9975.0,1,857.33
177.0,,616,234,53.0,31,13.0,1.0,64545.0,48373.0,23.0,49699.65,16172.0,0,
1591.0,,820,344,93.0,1,20.0,1.0,1000.0,79685.0,35.0,650.0,-78685.0,0,2139.28
1027.0,,845,308,45.0,23,14.0,1.0,74457.0,70591.0,4.0,71478.72,3866.0,1,946.16
993.0,,395,397,12.0,6,10.0,1.0,24655.0,20835.0,5.0,23422.25,3820.0,1,360.82
253.0,,553,208,61.0,2,12.0,1.0,118622.0,112217.0,29.0,84221.62,6405.0,1,1945.55
101.0,,706,320,98.0,21,16.0,1.0,76741.0,69014.0,7.0,71369.12999999999,7727.0,0,2252.26
1075.0,,15,54,35.0,1,6.0,1.0,1000.0,46475.0,9.0,910.0,-45475.0,0,567.6
554.0,,461,229,69.0,11,7.0,1.0,100585.0,86581.0,15.0,85497.25,14004.0,0,2315.68
1111.0,,501,3,89.0,25,8.0,1.0,104898.0,78201.0,31.0,72379.62,26697.0,1,2073.55
1830.0,,387,318,100.0,31,2.0,1.0,106368.0,91936.0,21.0,84030.72,14432.0,0,1019.89
286.0,20210710.0,631,140,33.0,13,14.0,1.0,122355.0,100668.0,32.0,83201.4,21687.0,0,2167.17
209.0,,282,118,66.0,20,13.0,0.0,123060.0,92964.0,12.0,108292.8,30096.0,0,1142.34
688.0,,546,567,60.0,13,13.0,1.0,1000.0,51340.0,2.0,980.0,-50340.0,0,999.92
106.0,,495,115,81.0,19,4.0,1.0,58397.0,42706.0,18.0,47885.54,15691.0,0,
1306.0,,347,146,8.0,22,7.0,1.0,56422.0,49296.0,13.0,49087.14,7126.0,0,
949.0,,438,367,44.0,5,13.0,1.0,1000.0,93204.0,5.0,950.0,-92204.0,1,1554.89
524.0,,740,267,12.0,12,20.0,1.0,163582.0,118026.0,27.0,119414.86,45556.0,1,4199.79
1126.0,,568,258,23.0,34,3.0,1.0,1000.0,112084.0,20.0,800.0,-111084.0,0,1717.04
1412.0,,573,62,40.0,15,11.0,1.0,1000.0,53435.0,21.0,790.0,-52435.0,0,
1314.0,,651,348,15.0,7,13.0,1.0,20835.0,17558.0,13.0,18126.45,3277.0,0,504.63
471.0,,499,224,65.0,14,8.0,1.0,152820.0,119635.0,25.0,114615.0,33185.0,1,
17.0,,418,355,35.0,29,13.0,1.0,1000.0,78766.0,32.0,679.9999999999999,-77766.0,0,1062.34
720.0,20241209.0,157,86,85.0,13,20.0,1.0,81943.0,67297.0,28.999999999999996,58179.53,14646.0,0,2340.3
1295.0,,96,467,40.0,33,1.0,1.0,28791.0,26993.0,28.0,20729.52,1798.0,1,399.86
115.0,,898,436,31.0,18,9.0,1.0,151035.0,108727.0,28.0,108745.2,42308.0,1,1824.81
876.0,,565,380,59.0,21,15.0,1.0,35804.0,26733.0,24.0,27211.04,9071.0,1,694.82
1639.0,,799,246,61.0,21,4.0,1.0,115636.0,94905.0,19.0,93665.16,20731.0,1,
1656.0,,409,329,98.0,29,3.0,1.0,68506.0,53957.0,23.0,52749.62,14549.0,1,1082.8
1285.0,,892,9,2.0,12,16.0,1.0,90505.0,68374.0,6.0,85074.7,22131.0,0,1414.84
474.0,,833,405,25.0,33,8.0,1.0,34355.0,27212.0,35.0,22330.75,7143.0,0,939.77
703.0,,872,548,27.0,22,1.0,1.0,1000.0,118663.0,35.0,650.0,-117663.0,1,3771.43
971.0,,270,341,20.0,31,7.0,1.0,132241.0,116897.0,17.0,109760.03,15344.0,0,2535.03
1109.0,,792,454,2.0,1,10.0,1.0,1000.0,61726.0,27.0,730.0,-60726.0,1,1844.78
697.0,,304,312,29.0,27,3.0,1.0,100895.0,94890.0,22.0,78698.1,6005.0,1,3423.98
24.0,20200427.0,36,277,66.0,16,11.0,1.0,29181.0,23344.0,3.0,28305.57,5837.0,1,720.47
1133.0,,729,223,18.0,1,5.0,1.0,94006.0,81802.0,0.0,94006.0,12204.0,0,2767.37
1979.0,,713,116,65.0,31,3.0,1.0,43661.0,35645.0,16.0,36675.24,8016.0,0,731.39
1702.0,20201203.0,193,26,88.0,34,10.0,1.0,37489.0,27817.0,20.0,29991.2,9672.0,1,803.54
501.0,,690,519,25.0,33,12.0,1.0,38136.0,33126.0,18.0,31271.520000000004,5010.0,1,1194.27
1597.0,,337,343,20.0,20,2.0,1.0,1000.0,58043.0,13.0,870.0,-57043.0,0,
217.0,,544,572,50.0,28,4.0,1.0,64858.0,56725.0,31.0,44752.02,8133.0,0,1094.08
1764.0,,294,41,26.0,11,3.0,1.0,48713.0,39750.0,14.0,41893.18,8963.0,1,924.3
1543.0,,814,512,56.0,22,8.0,1.0,140198.0,119777.0,6.0,131786.12,20421.0,0,3601.19
1018.0,20210324.0,237,472,39.0,33,12.0,1.0,,27994.0,21.0,,,0,
599.0,,644,255,9.0,27,3.0,1.0,1000.0,52279.0,15.0,850.0,-51279.0,0,839.27
959.0,,471,324,7.0,15,17.0,1.0,96134.0,75691.0,12.0,84597.92,20443.0,1,2414.83
989.0,,321,554,36.0,16,9.0,1.0,30781.0,23120.0,28.0,22162.32,7661.0,0,731.4
1070.0,,840,292,44.0,19,5.0,0.0,36410.0,33062.0,34.0,24030.6,3348.0,1,932.11
212.0,,640,62,71.0,17,19.0,1.0,101918.0,95407.0,2.0,99879.64,6511.0,0,2171.34
763.0,,896,556,62.0,13,2.0,1.0,,101317.0,27.0,,,0,3224.12
624.0,,351,26,16.0,33,8.0,1.0,71941.0,56245.0,24.0,54675.16,15696.0,1,1129.4
839.0,,513,399,6.0,10,6.0,1.0,1000.0,112534.0,16.0,840.0,-111534.0,0,4468.3
1721.0,,434,595,39.0,15,5.0,1.0,78670.0,65831.0,32.0,53495.6,12839.0,0,1607.14
1245.0,,459,366,35.0,11,18.0,1.0,134754.0,119895.0,8.0,123973.68000000001,14859.0,1,
600.0,20231109.0,808,357,4.0,23,17.0,1.0,18502.0,16074.0,100.0,0.0,2428.0,0,440.7
1089.0,,754,293,59.0,35,15.0,1.0,34392.0,31432.0,11.0,30608.88,2960.0,0,436.73
96.0,,859,189,94.0,10,3.0,1.0,55577.0,46336.0,10.0,50019.3,9241.0,0,1571.88
1014.0,,227,431,67.0,22,17.0,1.0,25346.0,21351.0,17.0,21037.18,3995.0,0,531.03
736.0,,115,465,17.0,2,11.0,1.0,54295.0,39981.0,23.0,41807.15,14314.0,0,1237.22
1705.0,,150,373,95.0,9,4.0,1.0,84305.0,69539.0,16.0,70816.2,14766.0,0,2682.26
292.0,,74,479,2.0,15,19.0,1.0,71104.0,51555.0,14.000000000000002,61149.44,19549.0,0,599.25
915.0,20210827.0,265,85,71.0,20,19.0,1.0,132619.0,108231.0,20.0,106095.20000000001,24388.0,0,
685.0,,108,298,22.0,16,1.0,1.0,1000.0,97622.0,8.0,920.0,-96622.0,1,2640.95
1266.0,,620,533,45.0,21,18.0,1.0,1000.0,97885.0,7.0,929.9999999999999,-96885.0,0,2291.49
387.0,,409,192,8.0,31,3.0,1.0,164996.0,118833.0,27.0,120447.08,46163.0,0,3361.0
40.0,,742,597,18.0,34,20.0,1.0,1000.0,102543.0,17.0,830.0,-101543.0,1,1379.2
1223.0,20240822.0,517,52,75.0,2,12.0,1.0,131156.0,107542.0,27.0,95743.88,23614.0,0,1398.14
1685.0,,803,192,58.0,23,6.0,1.0,84402.0,67060.0,1.0,83557.98,17342.0,0,1707.09
1405.0,,768,277,83.0,1,20.0,1.0,29697.0,27239.0,35.0,19303.05,2458.0,1,540.34
1253.0,,493,442,85.0,15,11.0,1.0,35314.0,26574.0,18.0,28957.480000000003,8740.0,0,993.77
172.0,,821,273,94.0,26,19.0,1.0,126902.0,93545.0,34.0,83755.31999999999,33357.0,0,2160.76
323.0,,589,60,97.0,35,7.0,1.0,110831.0,103912.0,12.0,97531.28,6919.0,1,2513.13
1965.0,,158,88,32.0,6,18.0,1.0,134359.0,119623.0,30.0,94051.29999999999,14736.0,1,1112.19
137.0,,861,329,58.0,20,19.0,1.0,126518.0,94102.0,4.0,121457.28,32416.0,1,3878.65
1584.0,,147,281,77.0,7,6.0,1.0,1000.0,92925.0,14.0,860.0,-91925.0,0,1404.75
1100.0,,570,332,21.0,9,12.0,1.0,145467.0,105502.0,5.0,138193.65,39965.0,0,
426.0,,714,303,31.0,32,19.0,1.0,1000.0,83748.0,2.0,980.0,-82748.0,1,3032.68
871.0,,67,157,17.0,1,17.0,1.0,64767.0,57056.0,33.0,43393.88999999999,7711.0,0,1745.25
694.0,,348,271,38.0,28,16.0,1.0,1000.0,24436.0,31.0,690.0,-23436.0,1,858.65
223.0,,202,294,22.0,17,20.0,1.0,26825.0,24048.0,25.0,20118.75,2777.0,0,426.62
856.0,,362,589,90.0,15,1.0,1.0,1000.0,58203.0,13.0,870.0,-57203.0,0,1137.13
903.0,,215,41,32.0,4,13.0,1.0,1000.0,68245.0,28.0,720.0,-67245.0,0,2436.25
690.0,,703,59,8.0,17,11.0,1.0,122943.0,109142.0,16.0,103272.12,13801.0,1,4295.98
700.0,,259,163,29.0,3,16.0,1.0,40693.0,32175.0,5.0,38658.35,8518.0,0,777.14
1165.0,,591,169,66.0,22,12.0,1.0,59000.0,42479.0,26.0,43660.0,16521.0,1,1572.72
733.0,,695,202,57.0,3,18.0,1.0,126404.0,115766.0,22.0,98595.12000000001,10638.0,1,3699.47
500.0,,287,330,69.0,28,16.0,1.0,75154.0,64957.0,11.0,66887.06,10197.0,1,948.14
291.0,20220120.0,648,93,67.0,1,13.0,1.0,28847.0,21522.0,33.0,19327.489999999998,7325.0,1,441.34
1573.0,,36,573,35.0,12,15.0,0.0,1000.0,52979.0,10.0,900.0,-51979.0,0,1737.54
1789.0,,599,231,23.0,10,19.0,1.0,1000.0,72549.0,24.0,760.0,-71549.0,1,2470.2
626.0,,674,530,84.0,28,10.0,1.0,19644.0,17639.0,31.0,13554.359999999999,2005.0,0,434.88
1440.0,,594,139,69.0,31,8.0,1.0,18853.0,17633.0,22.0,14705.34,1220.0,1,653.81
302.0,20200409.0,572,548,91.0,9,18.0,1.0,94545.0,77943.0,4.0,90763.2,16602.0,1,865.38
206.0,,227,544,80.0,31,7.0,1.0,37835.0,32237.0,24.0,28754.6,5598.0,1,1318.26
1836.0,,745,174,77.0,10,7.0,1.0,129861.0,106872.0,30.0,90902.7,22989.0,0,2834.29
389.0,,553,345,62.0,28,6.0,1.0,51956.0,49452.0,5.0,49358.2,2504.0,0,1799.08
1463.0,,581,294,8.0,14,9.0,1.0,1000.0,89123.0,18.0,820.0000000000001,-88123.0,1,964.15
735.0,,84,347,73.0,7,17.0,1.0,82686.0,77066.0,100.0,0.0,5620.0,1,1882.37
1871.0,,11,38,38.0,27,10.0,1.0,95553.0,80734.0,9.0,86953.23,14819.0,1,2324.43
603.0,,875,151,69.0,20,13.0,1.0,69044.0,50851.0,32.0,46949.92,18193.0,1,678.16
41.0,,680,64,13.0,22,13.0,1.0,105306.0,78714.0,14.0,90563.16,26592.0,0,2080.11
155.0,20210313.0,102,533,55.0,16,4.0,0.0,59611.0,45700.0,14.0,51265.46,13911.0,1,1842.86
707.0,,291,521,6.0,7,14.0,1.0,79672.0,72586.0,29.0,56567.119999999995,7086.0,0,2001.55
1504.0,,751,549,1.0,3,10.0,0.0,74496.0,58903.0,26.0,55127.04,15593.0,0,1531.79
877.0,,345,326,75.0,29,18.0,1.0,46028.0,42817.0,10.0,41425.200000000004,3211.0,1,572.28
460.0,,253,345,61.0,29,16.0,1.0,1000.0,78886.0,32.0,679.9999999999999,-77886.0,0,1390.5
1574.0,,218,404,98.0,22,18.0,1.0,85669.0,73932.0,32.0,58254.92,11737.0,0,1826.47
1177.0,,427,93,43.0,24,1.0,1.0,1000.0,83413.0,16.0,840.0,-82413.0,0,3088.35
1377.0,,623,258,97.0,16,11.0,1.0,38383.0,35991.0,20.0,30706.4,2392.0,0,348.14
394.0,,463,40,15.0,2,13.0,1.0,20051.0,17141.0,28.0,14436.72,2910.0,1,277.95
1680.0,20221114.0,655,344,69.0,29,2.0,1.0,126385.0,91413.0,10.0,113746.5,34972.0,1,2962.27
1495.0,,321,546,36.0,22,10.0,1.0,56368.0,40559.0,27.0,41148.64,15809.0,0,1853.23
154.0,,652,537,73.0,4,3.0,1.0,83305.0,66337.0,29.0,59146.549999999996,16968.0,0,2437.65
1327.0,,135,338,15.0,28,16.0,1.0,1000.0,65350.0,100.0,0.0,-64350.0,1,
798.0,,158,62,62.0,7,14.0,1.0,24248.0,18652.0,6.0,22793.12,5596.0,1,
1155.0,,157,103,7.0,13,15.0,1.0,,26030.0,3.0,,,0,485.88
598.0,,795,555,49.0,26,6.0,1.0,38777.0,31695.0,28.0,27919.44,7082.0,1,508.44
1792.0,,793,12,72.0,2,9.0,1.0,17908.0,16605.0,24.0,13610.08,1303.0,0,328.63
175.0,,715,94,99.0,16,13.0,1.0,27886.0,22368.0,5.0,26491.699999999997,5518.0,0,504.08
312.0,,255,463,39.0,26,1.0,1.0,142771.0,107748.0,21.0,112789.09000000001,35023.0,1,3625.53
652.0,,268,93,95.0,10,4.0,1.0,96083.0,81499.0,23.0,73983.91,14584.0,0,1302.58
74.0,,80,6,80.0,30,18.0,1.0,117666.0,90311.0,31.0,81189.54,27355.0,1,1116.52
89.0,,640,589,43.0,15,20.0,1.0,,101288.0,8.0,,,0,
1135.0,,709,403,9.0,22,20.0,1.0,82215.0,60979.0,34.0,54261.899999999994,21236.0,1,1224.29
820.0,,375,76,33.0,26,13.0,1.0,44065.0,41292.0,18.0,36133.3,2773.0,1,1511.33
1091.0,,211,154,64.0,25,12.0,1.0,1000.0,69624.0,100.0,0.0,-68624.0,1,2014.34
407.0,,378,544,83.0,35,13.0,1.0,69138.0,63119.0,2.0,67755.24,6019.0,1,1620.69
1248.0,,581,423,31.0,27,2.0,1.0,63289.0,50373.0,28.000000000000004,45568.08,12916.0,0,1841.06
315.0,,232,523,73.0,32,13.0,1.0,57530.0,45929.0,4.0,55228.799999999996,11601.0,1,1240.57
779.0,,130,432,38.0,30,2.0,1.0,87706.0,69050.0,28.0,63148.32,18656.0,0,2656.55
1086.0,,488,448,63.0,6,3.0,1.0,1000.0,97484.0,19.0,810.0,-96484.0,0,1956.01
1723.0,,373,557,73.0,15,13.0,1.0,34487.0,31066.0,22.0,26899.86,3421.0,1,
1305.0,20241123.0,843,362,36.0,35,19.0,1.0,64311.0,53792.0,24.0,48876.36,10519.0,1,2221.01
963.0,,168,557,97.0,12,18.0,1.0,48232.0,39227.0,24.0,36656.32,9005.0,1,1598.88
751.0,20210901.0,751,393,58.0,21,10.0,1.0,106407.0,82547.0,6.0,100022.57999999999,23860.0,0,1638.65
1431.0,,286,593,94.0,15,5.0,1.0,40257.0,31145.0,21.0,31803.030000000002,9112.0,0,1269.21
1865.0,,426,60,87.0,5,17.0,0.0,87913.0,63512.0,31.0,60659.969999999994,24401.0,1,1532.85
1099.0,,65,241,40.0,27,13.0,1.0,36803.0,32245.0,9.0,33490.73,4558.0,1,1032.68
695.0,,609,365,52.0,30,20.0,1.0,1000.0,84643.0,28.0,720.0,-83643.0,1,2556.68
1992.0,,875,229,75.0,7,8.0,1.0,95927.0,81796.0,17.0,79619.40999999999,14131.0,1,1064.45
436.0,,755,47,45.0,28,2.0,1.0,153193.0,117626.0,17.0,127150.18999999999,35567.0,1,4392.68
813.0,,247,551,84.0,30,9.0,1.0,65429.0,55542.0,5.0,62157.549999999996,9887.0,1,1108.2
1218.0,,756,133,42.0,14,20.0,1.0,1000.0,41410.0,14.0,860.0,-40410.0,0,465.02
1318.0,,779,376,18.0,16,5.0,1.0,133492.0,103574.0,7.0,124147.56,29918.0,1,1448.05
898.0,,637,408,63.0,12,16.0,1.0,104567.0,95378.0,6.0,98292.98,9189.0,1,2548.32
1073.0,,462,85,83.0,35,8.0,1.0,123048.0,90822.0,14.0,105821.28,32226.0,1,2726.07
480.0,,713,453,42.0,8,19.0,1.0,38926.0,28859.0,22.0,30362.280000000002,10067.0,1,830.95
708.0,,662,312,37.0,18,14.0,1.0,79982.0,57521.0,5.0,75982.9,22461.0,1,665.12
1065.0,20240721.0,742,398,84.0,25,20.0,1.0,26436.0,25134.0,19.0,21413.16,1302.0,1,783.37
1391.0,20210617.0,34,119,97.0,21,16.0,1.0,65171.0,51454.0,100.0,0.0,13717.0,0,983.6
25.0,,271,564,67.0,5,5.0,1.0,55493.0,47404.0,18.0,45504.26,8089.0,1,685.67
1939.0,,792,195,12.0,29,20.0,1.0,68444.0,50500.0,0.0,68444.0,17944.0,0,2272.52
1547.0,,839,218,97.0,16,5.0,1.0,43803.0,37375.0,30.0,30662.1,6428.0,1,1202.68
706.0,,788,438,7.0,9,2.0,1.0,105699.0,96002.0,8.0,97243.08,9697.0,1,1424.8
1553.0,,226,504,32.0,16,18.0,1.0,72061.0,51485.0,28.0,51883.92,20576.0,1,1724.14
187.0,,296,466,78.0,20,11.0,1.0,61498.0,44792.0,17.0,51043.34,16706.0,1,507.96
219.0,,82,433,33.0,27,15.0,1.0,34188.0,25921.0,31.0,23589.719999999998,8267.0,1,
912.0,,796,591,91.0,1,10.0,1.0,77462.0,61630.0,25.0,58096.5,15832.0,1,2441.04
1531.0,,731,235,52.0,11,11.0,1.0,1000.0,116617.0,19.0,810.0,-115617.0,0,1819.19
1457.0,20230204.0,377,567,94.0,28,1.0,1.0,121332.0,115552.0,35.0,78865.8,5780.0,0,3390.26
1983.0,,358,500,16.0,20,10.0,1.0,117235.0,90201.0,35.0,76202.75,27034.0,0,2161.0
382.0,,301,187,71.0,15,9.0,1.0,1000.0,115353.0,11.0,890.0,-114353.0,0,
1315.0,,206,325,94.0,24,14.0,1.0,1000.0,80408.0,0.0,1000.0,-79408.0,1,3378.23
21.0,,679,236,68.0,2,4.0,1.0,47400.0,43034.0,33.0,31757.999999999996,4366.0,0,730.48
234.0,20240321.0,15,498,81.0,29,12.0,1.0,30633.0,23803.0,19.0,24812.730000000003,6830.0,0,457.46
1432.0,,683,235,64.0,8,7.0,1.0,1000.0,113984.0,6.0,940.0,-112984.0,1,4277.14
432.0,,505,123,70.0,26,16.0,1.0,68998.0,51560.0,29.0,48988.579999999994,17438.0,1,849.78
1210.0,,9,451,22.0,19,16.0,1.0,27958.0,26295.0,28.999999999999996,19850.18,1663.0,1,379.75
1607.0,,859,73,67.0,18,8.0,1.0,24506.0,23187.0,11.0,21810.34,1319.0,0,349.04
985.0,,639,78,4.0,7,19.0,1.0,127630.0,118471.0,8.0,117419.6,9159.0,1,3858.47
920.0,,32,68,80.0,3,8.0,1.0,72892.0,63518.0,34.0,48108.719999999994,9374.0,0,1165.42
300.0,,574,251,66.0,31,20.0,1.0,1000.0,54433.0,32.0,679.9999999999999,-53433.0,1,
805.0,,126,265,60.0,29,15.0,1.0,67398.0,50234.0,27.0,49200.54,17164.0,0,791.17
1725.0,,80,433,99.0,24,17.0,1.0,34131.0,27864.0,2.0,33448.38,6267.0,1,690.35
1945.0,,556,286,45.0,5,19.0,1.0,85184.0,68427.0,29.0,60480.64,16757.0,1,753.99
1033.0,,615,395,67.0,14,5.0,1.0,49046.0,43701.0,34.0,32370.359999999997,5345.0,1,625.12
288.0,20210510.0,167,510,58.0,10,17.0,1.0,61903.0,46666.0,21.0,48903.37,15237.0,1,2037.89
1754.0,,662,199,99.0,29,20.0,1.0,82880.0,63837.0,12.0,72934.4,19043.0,0,869.57
198.0,,431,461,89.0,28,16.0,1.0,36698.0,34768.0,24.0,27890.48,1930.0,0,902.77
1863.0,20220123.0,832,17,52.0,23,10.0,1.0,40458.0,35337.0,14.000000000000002,34793.88,5121.0,1,396.26
801.0,,213,588,100.0,9,16.0,1.0,43114.0,32699.0,19.0,34922.340000000004,10415.0,0,1277.22
792.0,,302,408,94.0,24,16.0,1.0,34441.0,27842.0,26.0,25486.34,6599.0,0,692.07
1615.0,,492,457,65.0,35,15.0,1.0,111016.0,97739.0,33.0,74380.71999999999,13277.0,1,1318.2
268.0,,608,557,22.0,3,11.0,1.0,56067.0,42411.0,32.0,38125.56,13656.0,0,1755.34
548.0,,104,269,5.0,18,7.0,1.0,84497.0,72412.0,2.0,82807.06,12085.0,1,1410.87
1936.0,,187,169,4.0,13,2.0,1.0,139356.0,102830.0,19.0,112878.36,36526.0,1,3927.25
1995.0,,53,62,41.0,32,3.0,1.0,69554.0,62793.0,31.0,47992.259999999995,6761.0,0,900.38
1736.0,,616,527,88.0,32,18.0,1.0,1000.0,80759.0,20.0,800.0,-79759.0,0,
87.0,,673,416,87.0,24,1.0,1.0,41350.0,36581.0,27.0,30185.5,4769.0,1,
726.0,,636,241,38.0,30,4.0,1.0,113195.0,99474.0,3.0,109799.15,13721.0,0,2964.96
76.0,,474,81,33.0,11,7.0,1.0,44035.0,32962.0,19.0,35668.350000000006,11073.0,0,
1653.0,,143,448,18.0,29,19.0,1.0,1000.0,56329.0,23.0,770.0,-55329.0,1,1398.46
1161.0,,194,267,46.0,8,4.0,1.0,37000.0,33586.0,18.0,30340.000000000004,3414.0,1,1274.96
1221.0,,307,150,58.0,4,11.0,1.0,1000.0,17191.0,23.0,770.0,-16191.0,0,203.43
1637.0,,642,321,21.0,35,18.0,1.0,52324.0,42662.0,24.0,39766.24,9662.0,1,718.08
980.0,,103,306,62.0,27,11.0,1.0,124378.0,115133.0,31.0,85820.81999999999,9245.0,1,1273.71
83.0,,296,437,12.0,31,7.0,1.0,74563.0,55370.0,0.0,74563.0,19193.0,0,686.19
760.0,,30,527,77.0,33,5.0,1.0,153605.0,115318.0,15.0,130564.25,38287.0,0,5119.48
1735.0,,630,549,57.0,32,20.0,1.0,1000.0,98180.0,27.0,730.0,-97180.0,0,1857.7
208.0,,163,471,16.0,5,17.0,1.0,1000.0,81733.0,24.0,760.0,-80733.0,0,1039.16
1961.0,,748,285,95.0,24,14.0,1.0,75313.0,58281.0,7.0,70041.09,17032.0,0,1209.85
1205.0,,167,205,42.0,13,6.0,1.0,31047.0,25919.0,21.0,24527.13,5128.0,0,666.46
1820.0,,497,592,20.0,18,5.0,1.0,31545.0,23794.0,4.0,30283.199999999997,7751.0,0,946.68
38.0,,169,82,2.0,13,13.0,1.0,1000.0,109424.0,20.0,800.0,-108424.0,1,
1104.0,,132,584,57.0,19,17.0,1.0,1000.0,100216.0,22.0,780.0,-99216.0,1,2137.23
1732.0,,601,56,80.0,10,11.0,1.0,78948.0,67796.0,25.0,59211.0,11152.0,0,
190.0,,292,296,75.0,10,7.0,1.0,60157.0,51108.0,24.0,45719.32,9049.0,1,1454.28
297.0,,694,433,83.0,6,5.0,1.0,1000.0,73957.0,34.0,659.9999999999999,-72957.0,1,739.92
355.0,,713,575,23.0,28,10.0,1.0,1000.0,34701.0,19.0,810.0,-33701.0,1,1017.99
1662.0,,26,418,20.0,25,13.0,1.0,76886.0,59868.0,10.0,69197.40000000001,17018.0,0,2290.74
485.0,,537,369,44.0,25,11.0,0.0,1000.0,92676.0,28.0,720.0,-91676.0,0,2804.02
1131.0,,101,341,98.0,31,2.0,1.0,71957.0,62997.0,18.0,59004.740000000005,8960.0,1,2275.09
357.0,,669,149,33.0,27,8.0,1.0,44866.0,38071.0,8.0,41276.72,6795.0,1,408.78
205.0,,207,323,41.0,21,8.0,1.0,95120.0,83939.0,9.0,86559.2,11181.0,1,3088.46
932.0,,217,96,39.0,30,4.0,1.0,43551.0,41035.0,22.0,33969.78,2516.0,0,379.42
817.0,,205,167,11.0,12,19.0,1.0,,119132.0,13.0,,,1,4552.7
841.0,,604,172,43.0,9,1.0,1.0,99092.0,86509.0,2.0,97110.16,12583.0,1,2232.84
961.0,,873,365,36.0,8,8.0,1.0,1000.0,33769.0,27.0,730.0,-32769.0,1,1347.26
990.0,,551,376,70.0,3,4.0,1.0,48870.0,41371.0,34.0,32254.199999999997,7499.0,0,760.2
1094.0,,412,562,1.0,11,11.0,1.0,105326.0,91012.0,3.0,102166.22,14314.0,0,2294.84
1926.0,,43,295,1.0,16,3.0,0.0,100160.0,72274.0,22.0,78124.8,27886.0,1,2952.0
1853.0,20200602.0,363,269,92.0,20,5.0,0.0,,84675.0,13.0,,,1,1491.33
1328.0,,554,533,26.0,34,15.0,1.0,63245.0,59086.0,6.0,59450.299999999996,4159.0,1,2089.57
863.0,,615,550,14.0,22,5.0,1.0,115226.0,96717.0,4.0,110616.95999999999,18509.0,1,1237.28
1233.0,,714,508,69.0,3,16.0,1.0,115656.0,85135.0,30.0,80959.2,30521.0,0,2680.4
894.0,,736,418,41.0,31,8.0,1.0,1000.0,65280.0,26.0,740.0,-64280.0,0,2959.45
721.0,,139,294,58.0,17,5.0,1.0,126647.0,94434.0,8.0,116515.24,32213.0,1,3521.74
283.0,,222,220,7.0,6,8.0,1.0,1000.0,87789.0,18.0,820.0000000000001,-86789.0,0,2431.34
814.0,20240425.0,139,450,21.0,10,16.0,1.0,122089.0,99887.0,4.0,117205.44,22202.0,0,1097.41
1839.0,20241001.0,422,190,66.0,17,20.0,1.0,43711.0,35526.0,30.0,30597.699999999997,8185.0,0,1395.53
1603.0,,505,287,94.0,28,11.0,1.0,91401.0,69061.0,25.0,68550.75,22340.0,1,796.33
1796.0,,889,590,55.0,27,5.0,1.0,37021.0,27599.0,100.0,0.0,9422.0,1,
97.0,,170,155,77.0,1,16.0,1.0,94413.0,67633.0,34.0,62312.579999999994,26780.0,1,2132.07
1909.0,,220,244,69.0,22,9.0,1.0,128261.0,98706.0,31.0,88500.09,29555.0,1,3458.53
1600.0,,740,406,34.0,13,19.0,1.0,1000.0,56791.0,18.0,820.0000000000001,-55791.0,1,930.33
956.0,,415,70,45.0,11,16.0,1.0,153752.0,113929.0,3.0,149139.44,39823.0,1,3181.6
47.0,,849,164,54.0,18,3.0,1.0,83131.0,75960.0,24.0,63179.56,7171.0,1,
1465.0,,82,397,91.0,13,2.0,1.0,145475.0,116703.0,33.0,97468.24999999999,28772.0,0,2995.55
1485.0,,810,357,87.0,14,16.0,1.0,83521.0,76504.0,9.0,76004.11,7017.0,1,2056.66
595.0,,300,139,33.0,24,10.0,1.0,,112245.0,29.0,,,0,1063.67
946.0,,778,9,71.0,26,4.0,1.0,101536.0,80295.0,3.0,98489.92,21241.0,0,2391.63
364.0,,550,114,30.0,25,20.0,1.0,43347.0,39577.0,23.0,33377.19,3770.0,1,471.69
200.0,,585,371,80.0,31,6.0,1.0,1000.0,79164.0,7.0,929.9999999999999,-78164.0,1,1362.76
520.0,,395,322,92.0,23,13.0,1.0,1000.0,19006.0,35.0,650.0,-18006.0,0,618.61
1671.0,,258,422,9.0,8,2.0,1.0,101325.0,86276.0,31.0,69914.25,15049.0,0,3483.53
1556.0,,880,517,69.0,25,19.0,1.0,129009.0,107021.0,32.0,87726.12,21988.0,0,1662.06
1619.0,20210617.0,696,596,52.0,29,18.0,1.0,29196.0,21220.0,3.0,28320.12,7976.0,1,570.85
457.0,,525,193,73.0,24,10.0,1.0,60034.0,48643.0,24.0,45625.840000000004,11391.0,1,1961.07
925.0,,804,507,10.0,16,15.0,1.0,133040.0,115627.0,19.0,107762.40000000001,17413.0,0,1993.95
1490.0,20240118.0,646,187,79.0,24,17.0,1.0,1000.0,118381.0,20.0,800.0,-117381.0,1,2352.4
1149.0,20210214.0,401,420,90.0,29,17.0,1.0,140641.0,110393.0,33.0,94229.46999999999,30248.0,0,2021.7
1188.0,,865,471,13.0,15,4.0,1.0,55272.0,44354.0,30.0,38690.399999999994,10918.0,0,1885.14
1228.0,,385,303,2.0,4,17.0,1.0,51772.0,49132.0,11.0,46077.08,2640.0,1,1246.26
970.0,,778,588,10.0,28,11.0,1.0,34490.0,29505.0,12.0,30351.2,4985.0,1,1104.48
1262.0,,11,472,91.0,30,6.0,1.0,1000.0,56935.0,19.0,810.0,-55935.0,0,
1555.0,,184,103,84.0,4,17.0,1.0,52101.0,46372.0,30.0,36470.7,5729.0,1,737.91
1015.0,,60,569,15.0,2,20.0,0.0,1000.0,30133.0,28.0,720.0,-29133.0,0,554.6
1363.0,,72,135,49.0,19,7.0,1.0,1000.0,57121.0,29.0,710.0,-56121.0,1,2243.31
1971.0,,729,539,36.0,2,17.0,1.0,129570.0,105677.0,6.0,121795.79999999999,23893.0,0,1554.27
1689.0,20211025.0,678,444,21.0,18,10.0,1.0,23623.0,19878.0,19.0,19134.63,3745.0,0,272.96
1342.0,,509,271,47.0,33,13.0,1.0,125119.0,100983.0,27.0,91336.87,24136.0,1,4222.8
1192.0,,497,393,13.0,3,1.0,1.0,46981.0,42145.0,28.0,33826.32,4836.0,1,1301.84
781.0,20221202.0,571,84,9.0,30,20.0,1.0,159975.0,117216.0,23.0,123180.75,42759.0,1,4521.46
170.0,20220302.0,759,558,81.0,32,2.0,1.0,119099.0,111154.0,9.0,108380.09,7945.0,0,
495.0,,280,585,75.0,28,17.0,1.0,82655.0,63106.0,25.0,61991.25,19549.0,1,
1833.0,,329,422,64.0,19,16.0,1.0,47091.0,41637.0,6.0,44265.54,5454.0,0,1605.91
1651.0,,869,217,33.0,10,15.0,0.0,96949.0,90473.0,33.0,64955.829999999994,6476.0,0,1077.03
1258.0,,83,551,100.0,28,20.0,1.0,65205.0,47138.0,2.0,63900.9,18067.0,1,929.06
573.0,,385,57,74.0,30,20.0,1.0,72108.0,61237.0,32.0,49033.439999999995,10871.0,1,
1062.0,,847,194,97.0,30,4.0,1.0,74812.0,55065.0,26.0,55360.88,19747.0,1,602.13
57.0,,37,520,51.0,24,17.0,1.0,1000.0,59087.0,24.0,760.0,-58087.0,0,
308.0,,546,469,11.0,22,5.0,1.0,1000.0,55857.0,4.0,960.0,-54857.0,1,729.27
231.0,20211025.0,597,166,19.0,13,18.0,1.0,56907.0,45091.0,4.0,54630.72,11816.0,0,585.78
657.0,,867,103,1.0,30,12.0,1.0,81010.0,67025.0,30.0,56707.0,13985.0,0,
1774.0,,450,208,83.0,23,15.0,1.0,1000.0,105205.0,16.0,840.0,-104205.0,1,
1552.0,,404,368,3.0,14,14.0,1.0,66396.0,56961.0,19.0,53780.76,9435.0,1,633.48
102.0,,97,417,23.0,18,1.0,1.0,83200.0,68816.0,28.0,59904.0,14384.0,0,2197.36
277.0,,422,161,79.0,4,18.0,1.0,39054.0,33122.0,28.0,28118.879999999997,5932.0,0,711.67
1881.0,,497,528,18.0,16,4.0,1.0,98073.0,85708.0,18.0,80419.86,12365.0,0,3243.68
753.0,,59,155,60.0,24,2.0,1.0,74295.0,54341.0,24.0,56464.2,19954.0,1,2151.12
1788.0,,43,132,42.0,6,5.0,1.0,130962.0,116384.0,28.999999999999996,92983.01999999999,14578.0,0,3519.52
552.0,,600,453,2.0,1,20.0,1.0,138709.0,116079.0,35.0,90160.85,22630.0,0,4821.52
9.0,,544,372,53.0,35,6.0,1.0,94771.0,78387.0,8.0,87189.32,16384.0,0,2930.75
904.0,,514,517,32.0,3,3.0,1.0,118469.0,108732.0,19.0,95959.89,9737.0,0,1217.14
1633.0,,320,382,70.0,13,8.0,1.0,1000.0,27556.0,8.0,920.0,-26556.0,0,1129.23
602.0,20220113.0,199,155,17.0,33,19.0,1.0,112081.0,83011.0,23.0,86302.37,29070.0,0,2024.67
1294.0,,541,543,78.0,6,14.0,1.0,142968.0,103316.0,34.0,94358.87999999999,39652.0,1,
1660.0,,673,178,39.0,22,1.0,1.0,43613.0,41350.0,24.0,33145.88,2263.0,0,1059.92
273.0,,411,393,63.0,10,11.0,1.0,114209.0,81644.0,8.0,105072.28,32565.0,0,1064.68
803.0,,336,422,86.0,16,9.0,1.0,112018.0,99757.0,3.0,108657.45999999999,12261.0,1,3705.0
423.0,,782,201,41.0,8,11.0,1.0,87865.0,74274.0,31.0,60626.85,13591.0,1,2184.24
1428.0,,507,132,45.0,32,16.0,1.0,112424.0,104011.0,24.0,85442.24,8413.0,1,2609.81
1304.0,,510,483,6.0,19,8.0,1.0,121726.0,88009.0,9.0,110770.66,33717.0,1,3834.32
530.0,,619,67,94.0,34,4.0,0.0,102948.0,73581.0,3.0,99859.56,29367.0,0,2018.93
169.0,,590,588,60.0,9,14.0,1.0,1000.0,29062.0,7.0,929.9999999999999,-28062.0,0,436.0
1831.0,,175,133,5.0,30,7.0,1.0,84957.0,68791.0,22.0,66266.46,16166.0,0,2815.7
1627.0,,649,291,46.0,17,9.0,1.0,1000.0,53473.0,2.0,980.0,-52473.0,0,998.68
1053.0,,860,358,86.0,16,18.0,1.0,123011.0,101476.0,26.0,91028.14,21535.0,0,1048.82
476.0,,861,264,92.0,34,13.0,1.0,1000.0,26084.0,11.0,890.0,-25084.0,0,684.01
299.0,20220907.0,254,359,56.0,27,1.0,1.0,126703.0,91159.0,3.0,122901.91,35544.0,1,4004.92
1713.0,,540,339,5.0,6,16.0,1.0,82893.0,75200.0,32.0,56367.24,7693.0,1,2135.46
620.0,,773,83,26.0,7,18.0,1.0,1000.0,27506.0,12.0,880.0,-26506.0,0,942.58
718.0,20201013.0,574,22,44.0,25,11.0,1.0,38940.0,36644.0,19.0,31541.4,2296.0,1,517.83
215.0,20210216.0,692,183,31.0,7,19.0,1.0,125975.0,90166.0,30.0,88182.5,35809.0,1,2069.46
866.0,,755,266,75.0,14,16.0,1.0,1000.0,78942.0,8.0,920.0,-77942.0,0,3154.71
789.0,,690,489,97.0,24,10.0,1.0,95683.0,68954.0,15.0,81330.55,26729.0,1,
122.0,,745,30,93.0,2,13.0,1.0,122073.0,111571.0,5.0,115969.34999999999,10502.0,0,2392.29
1320.0,,335,110,25.0,19,5.0,1.0,1000.0,82571.0,10.0,900.0,-81571.0,0,2293.94
1946.0,,277,13,23.0,26,5.0,1.0,1000.0,90502.0,3.0,970.0,-89502.0,0,1579.69
1854.0,,672,306,24.0,19,16.0,1.0,1000.0,82535.0,30.0,700.0,-81535.0,0,1146.87
953.0,,132,425,82.0,10,8.0,0.0,1000.0,22694.0,35.0,650.0,-21694.0,1,927.04
1922.0,,875,486,9.0,34,18.0,1.0,21704.0,16759.0,34.0,14324.639999999998,4945.0,1,392.64
870.0,,213,565,13.0,8,12.0,1.0,1000.0,67048.0,33.0,669.9999999999999,-66048.0,0,1278.01
1964.0,,15,328,59.0,2,10.0,1.0,32811.0,24392.0,13.0,28545.57,8419.0,1,924.2
951.0,,383,126,16.0,26,11.0,1.0,1000.0,34576.0,100.0,0.0,-33576.0,0,931.9
1643.0,,625,526,97.0,24,10.0,1.0,100700.0,82887.0,4.0,96672.0,17813.0,1,3367.46
335.0,,621,450,59.0,8,1.0,1.0,92647.0,77717.0,29.0,65779.37,14930.0,0,
1650.0,20241110.0,505,65,48.0,5,2.0,1.0,129650.0,114873.0,14.0,111499.0,14777.0,1,2691.1
1635.0,,39,229,44.0,10,9.0,1.0,37108.0,31353.0,19.0,30057.480000000003,5755.0,0,735.03
159.0,,626,140,73.0,13,7.0,1.0,95320.0,88288.0,2.0,93413.59999999999,7032.0,0,807.21
222.0,,197,183,58.0,1,9.0,1.0,28061.0,20985.0,7.000000000000001,26096.73,7076.0,1,438.67
85.0,,838,247,71.0,2,17.0,1.0,111939.0,96022.0,34.0,73879.73999999999,15917.0,1,3577.63
625.0,,72,172,46.0,35,11.0,1.0,1000.0,40447.0,21.0,790.0,-39447.0,0,430.36
232.0,,234,343,70.0,8,11.0,1.0,18824.0,16970.0,33.0,12612.079999999998,1854.0,0,190.34
1697.0,,385,567,52.0,4,13.0,1.0,28839.0,21918.0,31.0,19898.91,6921.0,1,569.4
531.0,20210810.0,185,79,31.0,15,7.0,1.0,64989.0,57009.0,28.0,46792.08,7980.0,0,1209.79
1623.0,,781,253,83.0,26,10.0,1.0,50171.0,38521.0,19.0,40638.51,11650.0,0,1734.06
1879.0,,506,135,96.0,7,2.0,1.0,79750.0,73330.0,35.0,51837.5,6420.0,0,2015.63
1885.0,20241211.0,749,172,36.0,24,7.0,1.0,66300.0,48054.0,26.0,49062.0,18246.0,1,2154.22
236.0,,489,586,53.0,35,12.0,1.0,109455.0,79018.0,32.0,74429.4,30437.0,1,2933.94
1043.0,,738,164,66.0,21,7.0,1.0,77875.0,64662.0,15.0,66193.75,13213.0,0,1407.03
873.0,,34,53,97.0,27,11.0,1.0,1000.0,117313.0,14.0,860.0,-116313.0,0,3726.29
218.0,,801,46,51.0,13,9.0,1.0,32166.0,28712.0,25.0,24124.5,3454.0,1,364.72
1670.0,,443,138,58.0,13,18.0,1.0,30921.0,28469.0,14.0,26592.06,2452.0,0,332.82
358.0,,422,401,82.0,17,2.0,1.0,65367.0,52182.0,16.0,54908.28,13185.0,0,1375.69
13.0,20211226.0,83,60,82.0,17,1.0,1.0,132665.0,97052.0,25.0,99498.75,35613.0,0,
132.0,,674,272,16.0,13,16.0,1.0,121191.0,89686.0,10.0,109071.90000000001,31505.0,0,
274.0,,286,164,35.0,30,6.0,1.0,27154.0,23000.0,6.0,25524.76,4154.0,0,476.9
487.0,,744,458,54.0,5,1.0,1.0,1000.0,100440.0,30.0,700.0,-99440.0,1,3757.63
1595.0,,724,186,13.0,32,15.0,1.0,113025.0,89150.0,2.0,110764.5,23875.0,0,1771.48
1022.0,,269,158,20.0,30,16.0,1.0,1000.0,89879.0,8.0,920.0,-88879.0,0,3980.24
1387.0,,797,557,99.0,8,2.0,1.0,,119153.0,27.0,,,1,3533.15
416.0,,617,471,40.0,27,2.0,1.0,81557.0,68021.0,13.0,70954.59,13536.0,0,923.97
1823.0,,313,39,13.0,24,15.0,1.0,56677.0,47455.0,33.0,37973.59,9222.0,1,1722.63
1698.0,,264,47,31.0,9,1.0,1.0,1000.0,104875.0,28.000000000000004,720.0,-103875.0,0,2353.37
1122.0,20230424.0,664,87,50.0,11,8.0,1.0,94137.0,76818.0,25.0,70602.75,17319.0,1,1277.9
161.0,,885,154,92.0,24,8.0,1.0,1000.0,99889.0,33.0,669.9999999999999,-98889.0,0,1954.72
942.0,,642,131,85.0,31,7.0,1.0,1000.0,27943.0,100.0,0.0,-26943.0,1,921.92
1587.0,,138,269,86.0,18,1.0,1.0,1000.0,32983.0,33.0,669.9999999999999,-31983.0,1,922.37
144.0,,111,261,32.0,7,2.0,1.0,65337.0,51306.0,32.0,44429.159999999996,14031.0,0,1145.0
768.0,,457,374,92.0,20,4.0,1.0,1000.0,75570.0,11.0,890.0,-74570.0,0,2476.42
1612.0,,325,586,74.0,6,7.0,1.0,103531.0,91156.0,4.0,99389.76,12375.0,0,2102.87
1515.0,,634,544,44.0,32,17.0,0.0,1000.0,15738.0,26.0,740.0,-14738.0,0,456.69
1087.0,,741,269,46.0,23,6.0,1.0,119775.0,105571.0,10.0,107797.5,14204.0,0,1079.94
1289.0,,3,384,43.0,17,19.0,1.0,50013.0,45797.0,23.0,38510.01,4216.0,0,1678.77
919.0,,863,276,48.0,20,5.0,1.0,84206.0,70167.0,9.0,76627.46,14039.0,1,2031.16
406.0,,394,164,50.0,19,6.0,1.0,130071.0,115359.0,27.0,94951.83,14712.0,0,4528.09
758.0,,453,330,23.0,31,13.0,1.0,88340.0,78247.0,19.0,71555.40000000001,10093.0,1,2038.13
371.0,20221212.0,518,148,84.0,11,10.0,1.0,1000.0,89062.0,34.0,659.9999999999999,-88062.0,0,4224.87
1715.0,,610,595,31.0,5,3.0,0.0,1000.0,108039.0,21.0,790.0,-107039.0,1,4956.28
691.0,,299,553,97.0,19,11.0,1.0,25683.0,18550.0,15.0,21830.55,7133.0,1,
533.0,,666,70,61.0,32,4.0,1.0,1000.0,44050.0,23.0,770.0,-43050.0,1,650.98
1084.0,20220422.0,16,393,1.0,22,6.0,1.0,48866.0,40292.0,22.0,38115.48,8574.0,0,1562.1
93.0,20201018.0,296,107,24.0,21,16.0,1.0,37221.0,31054.0,14.0,32010.06,6167.0,1,1132.31
1374.0,,584,408,28.0,32,17.0,1.0,135313.0,97235.0,25.0,101484.75,38078.0,1,
1907.0,,844,339,57.0,19,4.0,1.0,1000.0,17492.0,28.0,720.0,-16492.0,0,321.1
454.0,,72,44,98.0,34,4.0,1.0,63736.0,58592.0,21.0,50351.44,5144.0,1,
1482.0,,884,559,92.0,6,4.0,1.0,86310.0,79017.0,13.0,75089.7,7293.0,0,2956.67
868.0,,108,449,54.0,3,12.0,1.0,1000.0,91778.0,3.0,970.0,-90778.0,1,1012.98
11.0,,122,61,12.0,13,15.0,1.0,150483.0,108135.0,14.0,129415.38,42348.0,0,4780.4
1567.0,,193,59,78.0,16,19.0,1.0,129744.0,101740.0,10.0,116769.6,28004.0,0,3562.05
1103.0,,526,223,5.0,20,1.0,1.0,48715.0,35768.0,6.0,45792.1,12947.0,1,1146.35
1246.0,,309,168,73.0,13,15.0,1.0,83608.0,78264.0,23.0,64378.16,5344.0,1,1992.48
1981.0,,242,290,64.0,17,7.0,1.0,1000.0,97447.0,0.0,1000.0,-96447.0,0,1379.14
606.0,,631,564,85.0,22,2.0,1.0,40984.0,33880.0,26.0,30328.16,7104.0,0,1354.86
1716.0,,234,139,39.0,18,15.0,1.0,37799.0,29422.0,24.0,28727.24,8377.0,0,1195.72
1068.0,,572,455,90.0,19,15.0,1.0,109452.0,83430.0,27.0,79899.95999999999,26022.0,0,1190.42
1605.0,20240107.0,587,526,15.0,15,7.0,1.0,57728.0,45945.0,24.0,43873.28,11783.0,1,1325.78
1654.0,,162,56,72.0,4,14.0,1.0,150847.0,118170.0,34.0,99559.01999999999,32677.0,0,4055.22
596.0,,707,342,45.0,33,19.0,1.0,51067.0,38954.0,34.0,33704.219999999994,12113.0,0,799.05
343.0,,213,556,10.0,35,9.0,1.0,1000.0,73335.0,6.0,940.0,-72335.0,0,2854.84
1616.0,20210601.0,88,242,43.0,22,4.0,1.0,50257.0,40891.0,18.0,41210.740000000005,9366.0,1,1624.55
1850.0,,242,288,47.0,17,13.0,1.0,103062.0,86560.0,21.0,81418.98000000001,16502.0,0,
1753.0,,884,350,1.0,2,8.0,1.0,77020.0,60890.0,35.0,50063.0,16130.0,1,1793.33
1582.0,,373,72,58.0,18,12.0,1.0,1000.0,66588.0,5.0,950.0,-65588.0,1,2176.87
1278.0,,476,107,35.0,30,20.0,1.0,96838.0,72465.0,34.0,63913.079999999994,24373.0,1,1139.11
1139.0,,647,429,57.0,13,18.0,1.0,120915.0,106181.0,8.0,111241.8,14734.0,1,1782.94
446.0,,796,408,48.0,24,13.0,1.0,1000.0,99958.0,8.0,920.0,-98958.0,1,2886.66
545.0,,863,61,32.0,33,20.0,1.0,81902.0,66407.0,22.0,63883.560000000005,15495.0,0,1244.85
1270.0,,207,485,76.0,15,17.0,1.0,152611.0,117909.0,0.0,152611.0,34702.0,0,3781.15
1350.0,,478,263,11.0,23,14.0,1.0,,63340.0,2.0,,,1,626.63
210.0,,655,128,88.0,26,9.0,1.0,1000.0,72879.0,30.0,700.0,-71879.0,0,981.21
1941.0,,598,578,62.0,23,9.0,1.0,1000.0,115000.0,5.0,950.0,-114000.0,1,1850.99
1337.0,20211227.0,891,96,77.0,19,11.0,1.0,1000.0,64469.0,8.0,920.0,-63469.0,0,1110.15
875.0,,7,77,65.0,29,12.0,1.0,1000.0,42182.0,31.0,690.0,-41182.0,1,1698.03
844.0,,566,469,50.0,25,15.0,0.0,17827.0,16155.0,19.0,14439.87,1672.0,1,294.81
535.0,,477,196,71.0,28,2.0,1.0,96015.0,87629.0,34.0,63369.899999999994,8386.0,1,2473.82
1520.0,,582,305,4.0,7,1.0,1.0,1000.0,17392.0,15.0,850.0,-16392.0,1,167.3
1724.0,,740,485,78.0,32,13.0,1.0,158951.0,114486.0,100.0,0.0,44465.0,1,4216.78
1807.0,,754,189,91.0,25,10.0,1.0,95909.0,69059.0,28.0,69054.48,26850.0,1,1007.61
385.0,,763,296,52.0,27,14.0,1.0,159228.0,114480.0,32.0,108275.04,44748.0,0,1384.43
1526.0,,19,492,58.0,22,2.0,1.0,94121.0,86682.0,7.0,87532.53,7439.0,1,2589.52
103.0,,76,27,45.0,2,10.0,1.0,96972.0,88295.0,31.0,66910.68,8677.0,1,3351.51
