id_venta,id_tiempo,id_cliente,id_vehiculo,id_vendedor,id_sucursal,id_tipo_pago,cantidad,precio_venta,costo_vehiculo,descuento,precio_neto,margen_ganancia,financiado,comision_vendedor
1295.0,,193,528,79.0,23,5.0,1.0,123584.0,94168.0,5.0,117404.79999999999,29416.0,0,1148.37
1367.0,,751,572,61.0,8,19.0,1.0,79166.0,73013.0,35.0,51457.9,6153.0,1,1810.35
1364.0,,450,475,49.0,34,4.0,1.0,35721.0,25535.0,13.0,31077.27,10186.0,0,364.71
1542.0,,455,66,75.0,26,5.0,1.0,121345.0,110233.0,2.0,118918.09999999999,11112.0,1,3787.4
1801.0,,735,247,91.0,2,14.0,0.0,1000.0,17493.0,19.0,810.0,-16493.0,0,538.33
1323.0,,517,57,62.0,14,5.0,1.0,70468.0,59676.0,27.0,51441.64,10792.0,1,1124.49
427.0,,219,55,18.0,24,2.0,1.0,1000.0,42966.0,8.0,920.0,-41966.0,0,671.51
462.0,,623,287,39.0,23,4.0,1.0,1000.0,32804.0,10.0,900.0,-31804.0,1,1190.75
1304.0,,421,2,98.0,35,17.0,1.0,,43294.0,24.0,,,1,1243.66
1959.0,,885,317,6.0,33,18.0,1.0,112051.0,99410.0,27.0,81797.23,12641.0,0,2071.03
241.0,,341,493,100.0,14,13.0,1.0,36128.0,33281.0,5.0,34321.6,2847.0,0,848.9
1030.0,,440,352,17.0,19,2.0,1.0,30013.0,25632.0,3.0,29112.61,4381.0,0,583.08
1046.0,,529,375,98.0,7,5.0,1.0,1000.0,72018.0,33.0,669.9999999999999,-71018.0,0,2088.65
1131.0,,754,545,13.0,7,5.0,1.0,77846.0,68287.0,7.0,72396.78,9559.0,1,2152.85
991.0,,580,188,92.0,26,11.0,1.0,1000.0,80713.0,13.0,870.0,-79713.0,0,956.4
575.0,,844,2,57.0,18,10.0,1.0,108566.0,100381.0,20.0,86852.8,8185.0,0,
165.0,,255,460,73.0,4,18.0,1.0,57152.0,52098.0,30.0,40006.399999999994,5054.0,0,1501.85
1218.0,,510,330,21.0,21,9.0,1.0,120020.0,106335.0,26.0,88814.8,13685.0,1,3754.35
415.0,,426,221,92.0,25,2.0,1.0,128748.0,116783.0,30.0,90123.59999999999,11965.0,0,1441.91
1652.0,,842,151,76.0,20,8.0,1.0,1000.0,87932.0,34.0,659.9999999999999,-86932.0,0,1296.25
946.0,20211218.0,177,234,75.0,18,15.0,1.0,72232.0,58929.0,32.0,49117.759999999995,13303.0,0,1344.69
236.0,,777,238,64.0,17,10.0,1.0,90435.0,80713.0,7.0,84104.54999999999,9722.0,0,1589.81
1671.0,,417,251,97.0,8,13.0,1.0,102374.0,84311.0,14.0,88041.64,18063.0,1,3020.92
1008.0,,391,356,59.0,8,20.0,1.0,1000.0,88142.0,17.0,830.0,-87142.0,1,2604.73
1355.0,,576,593,54.0,32,16.0,1.0,123046.0,88877.0,16.0,103358.64,34169.0,0,2979.54
1862.0,,831,65,34.0,12,10.0,1.0,38718.0,31960.0,34.0,25553.879999999997,6758.0,1,459.14
1302.0,,460,62,69.0,35,6.0,1.0,35967.0,29424.0,1.0,35607.33,6543.0,0,1038.53
888.0,,307,409,6.0,32,20.0,1.0,53184.0,45143.0,30.0,37228.799999999996,8041.0,0,1012.92
555.0,,706,149,39.0,28,12.0,1.0,133442.0,117091.0,12.0,117428.96,16351.0,1,
1946.0,20241119.0,295,488,86.0,23,4.0,1.0,135514.0,99798.0,26.0,100280.36,35716.0,0,4653.39
251.0,,146,560,78.0,14,6.0,1.0,29814.0,24446.0,8.0,27428.88,5368.0,1,504.03
1375.0,,822,349,68.0,17,13.0,1.0,66002.0,53303.0,30.0,46201.399999999994,12699.0,0,634.75
987.0,,694,379,47.0,35,18.0,1.0,1000.0,115428.0,23.0,770.0,-114428.0,0,2525.21
1858.0,,199,361,14.0,12,15.0,1.0,,61268.0,23.0,,,0,1311.68
1624.0,,706,7,71.0,27,13.0,1.0,47071.0,41331.0,5.0,44717.45,5740.0,1,960.31
1133.0,,522,307,59.0,4,20.0,1.0,34973.0,31234.0,19.0,28328.13,3739.0,1,734.05
745.0,,353,495,21.0,5,2.0,1.0,60190.0,56128.0,22.0,46948.200000000004,4062.0,0,1927.75
557.0,,269,538,18.0,32,12.0,1.0,1000.0,74024.0,28.0,720.0,-73024.0,0,2297.47
381.0,,758,78,33.0,3,13.0,1.0,1000.0,104394.0,15.0,850.0,-103394.0,0,1553.65
877.0,,723,276,5.0,10,14.0,1.0,103695.0,84834.0,9.0,94362.45,18861.0,0,2381.59
1664.0,20201222.0,456,513,54.0,19,10.0,1.0,1000.0,115361.0,24.0,760.0,-114361.0,0,
1672.0,,597,401,43.0,5,14.0,1.0,1000.0,50824.0,28.0,720.0,-49824.0,0,2235.32
84.0,,14,379,51.0,9,1.0,1.0,49738.0,38264.0,32.0,33821.84,11474.0,0,539.54
675.0,,228,28,20.0,7,3.0,1.0,1000.0,92905.0,4.0,960.0,-91905.0,0,3222.36
500.0,,371,407,86.0,23,10.0,1.0,131581.0,115998.0,25.0,98685.75,15583.0,0,2336.03
747.0,20221127.0,261,506,36.0,16,5.0,1.0,52433.0,49286.0,29.0,37227.43,3147.0,0,
65.0,,451,487,21.0,11,19.0,1.0,1000.0,96859.0,7.0,929.9999999999999,-95859.0,0,1022.17
1739.0,,55,159,48.0,25,11.0,1.0,1000.0,17460.0,0.0,1000.0,-16460.0,1,473.67
208.0,,71,380,93.0,28,18.0,1.0,116109.0,110101.0,14.000000000000002,99853.74,6008.0,1,1954.13
1370.0,,885,164,31.0,19,18.0,1.0,65885.0,51273.0,10.0,59296.5,14612.0,1,1403.41
960.0,,686,183,98.0,29,20.0,1.0,1000.0,55892.0,21.0,790.0,-54892.0,1,1464.43
396.0,,385,153,76.0,4,18.0,1.0,1000.0,39547.0,12.0,880.0,-38547.0,0,729.4
516.0,20230315.0,624,121,18.0,28,11.0,1.0,1000.0,15027.0,1.0,990.0,-14027.0,1,165.33
1904.0,,464,498,34.0,30,5.0,1.0,1000.0,19180.0,19.0,810.0,-18180.0,0,678.72
1975.0,,888,570,35.0,22,11.0,1.0,21285.0,17583.0,23.0,16389.45,3702.0,1,660.36
904.0,,579,562,72.0,5,11.0,1.0,65958.0,48750.0,26.0,48808.92,17208.0,0,987.92
1819.0,,165,331,12.0,24,5.0,1.0,78846.0,67471.0,34.0,52038.35999999999,11375.0,1,
1539.0,20210504.0,86,401,51.0,32,19.0,1.0,65837.0,57252.0,32.0,44769.159999999996,8585.0,0,2018.59
77.0,,563,296,83.0,28,6.0,1.0,85699.0,68974.0,24.0,65131.24,16725.0,0,1433.84
1274.0,20240908.0,755,496,92.0,5,8.0,1.0,60665.0,51531.0,34.0,40038.899999999994,9134.0,1,535.35
1296.0,20211011.0,212,276,85.0,21,5.0,1.0,150584.0,113824.0,35.0,97879.6,36760.0,1,4082.62
1385.0,,885,297,74.0,2,11.0,1.0,106832.0,93921.0,0.0,106832.0,12911.0,1,2160.58
1400.0,20220114.0,639,10,71.0,25,8.0,1.0,43776.0,35730.0,31.0,30205.44,8046.0,1,948.92
1895.0,,160,266,39.0,2,2.0,1.0,1000.0,93278.0,34.0,659.9999999999999,-92278.0,0,1400.9
1262.0,,541,435,92.0,26,11.0,1.0,70689.0,55856.0,17.0,58671.869999999995,14833.0,0,
1442.0,,764,552,11.0,21,20.0,1.0,140563.0,108522.0,5.0,133534.85,32041.0,0,2310.99
1321.0,,580,128,89.0,28,6.0,1.0,75301.0,67277.0,3.0,73041.97,8024.0,1,2549.95
1857.0,,189,55,35.0,2,18.0,1.0,1000.0,119457.0,13.0,870.0,-118457.0,0,4788.42
893.0,,463,118,51.0,22,3.0,1.0,46669.0,42612.0,4.0,44802.24,4057.0,1,1036.63
1777.0,,416,284,35.0,14,6.0,1.0,1000.0,70397.0,100.0,0.0,-69397.0,0,869.52
245.0,,245,56,89.0,17,14.0,1.0,1000.0,99308.0,31.0,690.0,-98308.0,0,4228.78
489.0,,726,599,18.0,16,17.0,0.0,122488.0,99871.0,25.0,91866.0,22617.0,1,2991.61
696.0,,364,186,24.0,14,7.0,1.0,33633.0,24858.0,8.0,30942.36,8775.0,1,
442.0,,731,462,22.0,24,18.0,1.0,139666.0,115007.0,22.0,108939.48000000001,24659.0,0,1372.47
187.0,,47,126,31.0,5,6.0,1.0,108282.0,77874.0,16.0,90956.87999999999,30408.0,1,1831.12
425.0,,148,598,99.0,19,13.0,1.0,83469.0,62426.0,22.0,65105.82,21043.0,0,2920.03
100.0,,792,426,37.0,17,17.0,0.0,92390.0,66924.0,14.0,79455.4,25466.0,1,2401.01
1748.0,,186,591,76.0,14,16.0,1.0,1000.0,84656.0,33.0,669.9999999999999,-83656.0,0,
23.0,,143,383,39.0,29,11.0,0.0,107050.0,77879.0,19.0,86710.5,29171.0,1,1419.51
302.0,,476,231,45.0,23,3.0,0.0,39149.0,29857.0,30.0,27404.3,9292.0,1,411.29
1279.0,,573,247,19.0,11,4.0,1.0,18396.0,16949.0,2.0,18028.079999999998,1447.0,0,491.69
964.0,,669,220,43.0,29,18.0,1.0,157194.0,114095.0,20.0,125755.20000000001,43099.0,0,
59.0,,146,272,87.0,4,16.0,1.0,1000.0,114966.0,19.0,810.0,-113966.0,1,1854.68
633.0,,362,461,22.0,19,7.0,1.0,146662.0,117242.0,3.0,142262.13999999998,29420.0,0,2489.3
9.0,20230414.0,412,214,5.0,17,6.0,1.0,54145.0,40501.0,7.0,50354.85,13644.0,0,1200.87
1670.0,,846,76,100.0,24,8.0,1.0,50888.0,46722.0,26.0,37657.12,4166.0,1,1596.07
389.0,,603,199,46.0,23,18.0,1.0,56082.0,48650.0,13.0,48791.34,7432.0,0,1313.6
670.0,,610,349,6.0,26,6.0,1.0,67703.0,52819.0,14.0,58224.58,14884.0,0,1334.63
480.0,,63,527,81.0,10,6.0,1.0,38247.0,32214.0,33.0,25625.489999999998,6033.0,1,1187.08
1165.0,,512,111,59.0,28,20.0,1.0,103115.0,83990.0,27.0,75273.95,19125.0,1,2091.79
161.0,,203,68,77.0,34,13.0,1.0,1000.0,43936.0,26.0,740.0,-42936.0,0,687.54
612.0,,42,374,53.0,28,3.0,1.0,17309.0,15920.0,0.0,17309.0,1389.0,1,164.63
708.0,20241123.0,630,84,5.0,16,2.0,1.0,141994.0,113679.0,34.0,93716.04,28315.0,0,4052.04
650.0,,568,411,24.0,18,13.0,1.0,138829.0,111503.0,10.0,124946.1,27326.0,0,3576.24
1954.0,,212,511,58.0,8,2.0,1.0,,86022.0,12.0,,,1,2158.06
1896.0,,493,79,74.0,1,11.0,1.0,84266.0,78017.0,30.0,58986.2,6249.0,0,1575.32
1393.0,,558,183,42.0,2,5.0,1.0,81935.0,60597.0,23.0,63089.950000000004,21338.0,0,2035.23
53.0,,861,230,50.0,24,19.0,1.0,131436.0,96976.0,11.0,116978.04000000001,34460.0,1,4269.82
325.0,,534,435,68.0,10,7.0,1.0,128138.0,109277.0,15.0,108917.3,18861.0,0,4215.05
1617.0,,220,176,61.0,11,2.0,1.0,25286.0,21405.0,19.0,20481.66,3881.0,1,368.24
126.0,20211115.0,861,200,23.0,13,19.0,1.0,1000.0,67121.0,21.0,790.0,-66121.0,0,717.13
1186.0,,233,487,94.0,21,13.0,1.0,1000.0,18199.0,12.0,880.0,-17199.0,0,561.86
1810.0,,237,326,39.0,1,6.0,1.0,107735.0,81594.0,16.0,90497.4,26141.0,0,1257.5
1134.0,,87,153,25.0,29,19.0,1.0,1000.0,31321.0,23.0,770.0,-30321.0,1,853.48
118.0,,322,523,61.0,34,6.0,1.0,104741.0,85935.0,12.0,92172.08,18806.0,1,3232.62
382.0,,221,237,83.0,27,16.0,1.0,110291.0,99388.0,23.0,84924.07,10903.0,1,2627.14
1197.0,,548,345,12.0,19,1.0,1.0,1000.0,42380.0,25.0,750.0,-41380.0,0,1107.51
1219.0,,249,328,8.0,7,8.0,1.0,1000.0,42113.0,34.0,659.9999999999999,-41113.0,0,1878.74
320.0,,825,390,46.0,11,9.0,1.0,25789.0,20349.0,6.0,24241.66,5440.0,1,689.85
1426.0,,890,88,89.0,19,15.0,1.0,1000.0,48635.0,33.0,669.9999999999999,-47635.0,0,1864.55
505.0,,88,506,38.0,8,10.0,1.0,1000.0,63084.0,16.0,840.0,-62084.0,0,
1901.0,,398,233,89.0,34,17.0,1.0,1000.0,81840.0,5.0,950.0,-80840.0,1,1670.09
210.0,,508,297,85.0,25,1.0,1.0,54772.0,41047.0,0.0,54772.0,13725.0,0,1577.8
300.0,,522,116,61.0,10,16.0,1.0,116339.0,95940.0,5.0,110522.04999999999,20399.0,1,2863.9
1026.0,,398,222,81.0,14,11.0,1.0,34135.0,28741.0,2.0,33452.3,5394.0,1,
1259.0,,49,308,87.0,9,6.0,1.0,99207.0,81021.0,20.0,79365.6,18186.0,1,1191.9
1533.0,20240628.0,785,95,57.0,4,10.0,1.0,108322.0,87288.0,35.0,70409.3,21034.0,0,3084.95
1066.0,,243,182,79.0,20,6.0,1.0,35320.0,30670.0,24.0,26843.2,4650.0,0,630.91
852.0,,250,333,50.0,12,11.0,1.0,49361.0,45379.0,0.0,49361.0,3982.0,0,835.33
929.0,,176,487,60.0,3,15.0,1.0,103005.0,84213.0,26.0,76223.7,18792.0,1,2528.6
24.0,,785,311,31.0,26,14.0,1.0,1000.0,77545.0,16.0,840.0,-76545.0,0,
1949.0,,770,78,19.0,32,3.0,1.0,26243.0,20945.0,16.0,22044.12,5298.0,1,224.12
832.0,,684,142,33.0,11,15.0,1.0,47200.0,34104.0,5.0,44840.0,13096.0,0,1162.64
1948.0,,882,528,30.0,33,18.0,1.0,1000.0,77550.0,8.0,920.0,-76550.0,1,1338.19
1930.0,,671,296,48.0,4,3.0,1.0,,54391.0,11.0,,,0,851.15
1142.0,,306,406,14.0,25,10.0,1.0,40107.0,31132.0,9.0,36497.37,8975.0,1,1059.09
863.0,,407,146,90.0,15,17.0,1.0,1000.0,76967.0,15.0,850.0,-75967.0,0,1980.49
1591.0,,819,483,100.0,6,3.0,1.0,98153.0,77988.0,23.0,75577.81,20165.0,0,1451.64
1625.0,,470,172,47.0,4,10.0,1.0,33406.0,23887.0,33.0,22382.019999999997,9519.0,1,
249.0,,614,68,44.0,13,17.0,1.0,128071.0,96637.0,20.0,102456.8,31434.0,1,3326.78
931.0,,138,588,32.0,7,14.0,1.0,28223.0,22850.0,29.0,20038.329999999998,5373.0,1,933.36
1310.0,,54,37,45.0,7,12.0,1.0,123331.0,98339.0,2.0,120864.38,24992.0,1,2514.06
897.0,,411,132,90.0,7,13.0,1.0,27427.0,21420.0,20.0,21941.600000000002,6007.0,1,916.85
61.0,,350,178,24.0,31,14.0,1.0,115261.0,91001.0,5.0,109497.95,24260.0,1,2367.27
736.0,,149,40,3.0,27,18.0,1.0,1000.0,72558.0,33.0,669.9999999999999,-71558.0,0,1456.18
1433.0,,863,403,32.0,32,7.0,1.0,126689.0,109072.0,28.0,91216.08,17617.0,1,3975.18
719.0,,47,350,47.0,35,1.0,1.0,75025.0,59884.0,34.0,49516.49999999999,15141.0,0,1477.6
697.0,20231202.0,37,319,67.0,18,18.0,1.0,57184.0,52405.0,18.0,46890.880000000005,4779.0,0,1800.77
1600.0,,683,505,96.0,9,7.0,1.0,102424.0,85608.0,34.0,67599.84,16816.0,1,2670.55
1194.0,,739,135,75.0,15,3.0,1.0,115976.0,96029.0,22.0,90461.28,19947.0,1,1856.55
844.0,,200,283,75.0,33,12.0,1.0,30079.0,22436.0,22.0,23461.620000000003,7643.0,0,656.65
76.0,20221206.0,298,115,82.0,32,5.0,1.0,107639.0,92292.0,8.0,99027.88,15347.0,1,3396.81
458.0,,406,223,87.0,10,11.0,1.0,1000.0,77223.0,26.0,740.0,-76223.0,1,837.6
527.0,,663,51,71.0,25,12.0,1.0,47428.0,34479.0,30.0,33199.6,12949.0,1,1450.12
1351.0,,480,241,88.0,30,15.0,1.0,1000.0,49728.0,30.0,700.0,-48728.0,0,1863.83
1773.0,20210814.0,319,460,26.0,7,10.0,1.0,51945.0,37847.0,20.0,41556.0,14098.0,0,472.51
925.0,20220828.0,883,274,15.0,25,17.0,1.0,42710.0,37753.0,8.0,39293.200000000004,4957.0,1,1337.54
1312.0,,767,193,98.0,10,2.0,1.0,81427.0,63353.0,34.0,53741.81999999999,18074.0,1,2729.13
4.0,,321,123,97.0,5,3.0,1.0,104975.0,85347.0,26.0,77681.5,19628.0,0,961.45
333.0,20230309.0,23,283,66.0,4,20.0,1.0,121996.0,106434.0,9.0,111016.36,15562.0,1,3342.97
506.0,,639,536,63.0,19,7.0,1.0,111028.0,96960.0,0.0,111028.0,14068.0,0,3236.27
1665.0,,758,70,49.0,34,1.0,1.0,60820.0,45415.0,4.0,58387.2,15405.0,0,2076.55
1685.0,,303,268,51.0,11,10.0,1.0,140202.0,105832.0,20.0,112161.6,34370.0,0,4761.27
1148.0,,94,466,44.0,23,7.0,1.0,61977.0,51275.0,26.0,45862.979999999996,10702.0,0,971.86
1405.0,,362,56,24.0,8,12.0,1.0,1000.0,43701.0,27.0,730.0,-42701.0,0,1272.89
1929.0,,852,430,40.0,6,4.0,1.0,1000.0,31184.0,34.0,659.9999999999999,-30184.0,0,457.02
610.0,,649,296,25.0,25,10.0,1.0,21213.0,20047.0,21.0,16758.27,1166.0,0,171.47
534.0,,157,232,75.0,23,12.0,1.0,1000.0,72070.0,17.0,830.0,-71070.0,0,2449.45
868.0,,628,11,90.0,6,5.0,1.0,19785.0,16498.0,34.0,13058.099999999999,3287.0,1,273.9
403.0,,306,249,70.0,16,20.0,1.0,1000.0,66440.0,26.0,740.0,-65440.0,0,2403.75
195.0,20210405.0,619,583,27.0,9,2.0,1.0,109013.0,103254.0,28.0,78489.36,5759.0,1,3100.21
1534.0,,145,303,11.0,5,3.0,1.0,31634.0,23564.0,10.0,28470.600000000002,8070.0,0,302.73
1767.0,20230303.0,765,488,89.0,14,14.0,1.0,73497.0,56468.0,7.0,68352.20999999999,17029.0,1,1545.24
757.0,,873,406,1.0,15,13.0,1.0,157902.0,115409.0,30.0,110531.4,42493.0,1,5339.55
609.0,,501,243,10.0,9,19.0,1.0,118100.0,101464.0,15.0,100385.0,16636.0,1,1313.3
1345.0,,683,49,86.0,17,10.0,1.0,24623.0,20428.0,6.0,23145.62,4195.0,0,777.51
540.0,,351,335,59.0,25,1.0,1.0,1000.0,67723.0,14.0,860.0,-66723.0,1,3045.49
277.0,,143,421,41.0,11,9.0,1.0,124917.0,94705.0,10.0,112425.3,30212.0,0,3907.22
158.0,,388,280,17.0,7,9.0,1.0,1000.0,24361.0,23.0,770.0,-23361.0,1,712.14
815.0,,703,450,29.0,34,19.0,1.0,85826.0,81272.0,8.0,78959.92,4554.0,0,1891.84
104.0,,238,87,62.0,14,12.0,1.0,1000.0,82626.0,11.0,890.0,-81626.0,0,
372.0,,135,171,79.0,5,12.0,1.0,39565.0,31324.0,33.0,26508.549999999996,8241.0,0,363.78
341.0,,829,528,56.0,6,10.0,1.0,77395.0,61310.0,34.0,51080.7,16085.0,1,2259.2
1889.0,,571,502,35.0,9,5.0,1.0,79230.0,66473.0,32.0,53876.399999999994,12757.0,0,
814.0,,228,287,69.0,22,18.0,1.0,61932.0,52701.0,33.0,41494.439999999995,9231.0,0,2057.09
297.0,,406,223,86.0,3,6.0,0.0,1000.0,88530.0,19.0,810.0,-87530.0,0,2168.36
1549.0,20211211.0,214,275,83.0,22,17.0,1.0,1000.0,25885.0,3.0,970.0,-24885.0,0,397.74
436.0,,408,79,14.0,14,9.0,1.0,23409.0,17516.0,8.0,21536.280000000002,5893.0,0,569.92
1307.0,,242,566,95.0,29,16.0,1.0,102844.0,94526.0,16.0,86388.95999999999,8318.0,1,2633.46
1641.0,,844,519,15.0,29,3.0,1.0,129398.0,111565.0,3.0,125516.06,17833.0,1,3322.37
635.0,,776,377,42.0,20,20.0,1.0,99863.0,84575.0,0.0,99863.0,15288.0,0,3075.5
1820.0,,560,355,64.0,27,1.0,1.0,119749.0,91707.0,7.000000000000001,111366.56999999999,28042.0,0,
872.0,,812,70,24.0,30,17.0,1.0,122239.0,90832.0,100.0,0.0,31407.0,0,3402.73
1802.0,,36,548,90.0,15,12.0,1.0,39857.0,34616.0,6.0,37465.579999999994,5241.0,1,1298.28
1827.0,,235,52,6.0,26,12.0,1.0,46983.0,42891.0,2.0,46043.34,4092.0,0,1404.97
107.0,,353,61,57.0,4,1.0,1.0,21427.0,20061.0,19.0,17355.870000000003,1366.0,0,599.37
746.0,,196,35,12.0,25,5.0,1.0,1000.0,39360.0,25.0,750.0,-38360.0,0,490.61
1938.0,20210217.0,242,290,65.0,5,16.0,1.0,,93633.0,26.0,,,0,
1537.0,,559,541,55.0,12,17.0,1.0,42780.0,38790.0,28.0,30801.6,3990.0,0,1449.07
186.0,,858,365,73.0,25,18.0,1.0,93731.0,72066.0,28.0,67486.31999999999,21665.0,1,2969.93
831.0,,362,596,52.0,25,11.0,1.0,117107.0,83899.0,100.0,0.0,33208.0,1,2244.48
1224.0,,885,231,77.0,23,15.0,1.0,113595.0,91904.0,14.0,97691.7,21691.0,0,2523.42
667.0,,576,520,84.0,28,4.0,1.0,79028.0,69420.0,9.0,71915.48,9608.0,0,
68.0,,312,515,88.0,33,14.0,1.0,23500.0,19333.0,8.0,21620.0,4167.0,0,496.88
1239.0,,848,305,94.0,34,9.0,1.0,1000.0,107319.0,30.0,700.0,-106319.0,1,2421.88
1972.0,,457,57,67.0,16,2.0,1.0,1000.0,56131.0,24.0,760.0,-55131.0,1,705.89
783.0,,189,121,55.0,21,14.0,1.0,81230.0,65231.0,21.0,64171.700000000004,15999.0,0,851.98
921.0,,163,359,37.0,22,10.0,1.0,124143.0,91764.0,21.0,98072.97,32379.0,0,3354.36
1483.0,,179,178,75.0,33,8.0,1.0,17189.0,15939.0,0.0,17189.0,1250.0,1,273.17
1085.0,20241023.0,120,313,55.0,15,7.0,1.0,51596.0,38842.0,5.0,49016.2,12754.0,1,1292.26
1278.0,,149,249,12.0,3,13.0,1.0,149923.0,111448.0,6.0,140927.62,38475.0,1,2384.33
78.0,20241111.0,564,275,73.0,18,17.0,1.0,,73839.0,25.0,,,1,1499.32
678.0,20241102.0,763,16,92.0,28,5.0,1.0,25130.0,18856.0,2.0,24627.399999999998,6274.0,0,465.89
318.0,,397,239,86.0,12,19.0,1.0,1000.0,73600.0,9.0,910.0,-72600.0,0,
658.0,,292,118,59.0,34,4.0,1.0,92596.0,70274.0,19.0,75002.76000000001,22322.0,0,2334.39
1369.0,,274,445,62.0,19,6.0,1.0,93054.0,67829.0,28.0,66998.88,25225.0,0,1649.83
826.0,,746,136,56.0,29,7.0,1.0,115897.0,99340.0,14.0,99671.42,16557.0,1,3797.94
648.0,,244,435,52.0,12,17.0,1.0,1000.0,41835.0,31.0,690.0,-40835.0,1,1318.73
787.0,,656,141,86.0,11,16.0,1.0,109667.0,80011.0,24.0,83346.92,29656.0,1,1275.75
25.0,20240227.0,555,586,21.0,21,12.0,1.0,110738.0,80792.0,0.0,110738.0,29946.0,1,1503.72
524.0,,506,109,66.0,11,15.0,1.0,153619.0,114627.0,18.0,125967.58000000002,38992.0,1,2523.98
632.0,,766,585,13.0,19,14.0,1.0,,69966.0,5.0,,,0,2102.78
334.0,,280,579,71.0,26,4.0,1.0,158642.0,115518.0,32.0,107876.55999999998,43124.0,1,3110.66
1333.0,,686,371,84.0,28,3.0,1.0,60359.0,49986.0,100.0,0.0,10373.0,0,977.36
21.0,20200629.0,277,62,75.0,24,19.0,1.0,77538.0,55851.0,10.0,69784.2,21687.0,0,1592.28
313.0,,528,162,49.0,29,15.0,1.0,118120.0,101725.0,100.0,0.0,16395.0,0,1650.85
968.0,,444,199,80.0,32,3.0,1.0,69540.0,59216.0,4.0,66758.4,10324.0,1,695.92
1852.0,,632,169,4.0,27,11.0,1.0,89928.0,81984.0,20.0,71942.40000000001,7944.0,0,1058.46
654.0,,422,17,82.0,7,7.0,1.0,130570.0,99485.0,8.0,120124.40000000001,31085.0,0,4085.57
1240.0,,315,110,88.0,10,2.0,0.0,1000.0,22554.0,29.0,710.0,-21554.0,0,676.11
335.0,,462,177,11.0,2,20.0,1.0,68676.0,49703.0,25.0,51507.0,18973.0,0,2325.2
338.0,20201119.0,357,323,30.0,9,20.0,1.0,1000.0,60565.0,0.0,1000.0,-59565.0,0,2352.74
967.0,20230618.0,711,308,24.0,29,10.0,1.0,18825.0,17225.0,10.0,16942.5,1600.0,0,627.76
533.0,20200226.0,840,249,55.0,22,4.0,1.0,60040.0,44775.0,11.0,53435.6,15265.0,0,1183.15
802.0,,394,505,71.0,23,4.0,1.0,86219.0,66995.0,29.0,61215.49,19224.0,1,1864.8
1590.0,,710,303,91.0,21,11.0,1.0,87943.0,68204.0,100.0,0.0,19739.0,0,2373.1
1379.0,20210210.0,388,42,35.0,23,15.0,1.0,28769.0,26550.0,22.0,22439.82,2219.0,0,
1438.0,,542,553,34.0,5,6.0,1.0,1000.0,112192.0,0.0,1000.0,-111192.0,0,1349.03
91.0,,127,149,32.0,20,5.0,1.0,1000.0,64409.0,23.0,770.0,-63409.0,1,836.92
1171.0,,211,121,93.0,26,8.0,1.0,99163.0,84836.0,2.0,97179.74,14327.0,1,1593.33
416.0,,701,40,81.0,21,5.0,1.0,26825.0,20811.0,26.0,19850.5,6014.0,1,794.76
1170.0,,793,55,23.0,10,5.0,1.0,143479.0,104972.0,23.0,110478.83,38507.0,1,2429.81
228.0,,883,466,59.0,32,12.0,1.0,64736.0,52435.0,21.0,51141.44,12301.0,0,871.9
626.0,20200720.0,380,213,11.0,7,6.0,1.0,161347.0,116076.0,20.0,129077.6,45271.0,0,2071.52
546.0,,406,326,76.0,5,13.0,1.0,126947.0,98329.0,24.0,96479.72,28618.0,0,2958.3
405.0,20210627.0,559,16,11.0,27,2.0,1.0,78781.0,72888.0,31.0,54358.89,5893.0,0,667.39
120.0,,303,488,69.0,12,10.0,1.0,35070.0,28865.0,7.0,32615.1,6205.0,0,639.25
761.0,,549,392,50.0,14,17.0,1.0,120244.0,108859.0,6.0,113029.36,11385.0,0,
1408.0,,663,338,91.0,9,1.0,1.0,1000.0,86642.0,25.0,750.0,-85642.0,0,1197.43
1809.0,,202,220,100.0,13,12.0,1.0,120084.0,97773.0,10.0,108075.6,22311.0,0,2302.53
148.0,,1,292,67.0,32,6.0,1.0,107728.0,82499.0,6.0,101264.31999999999,25229.0,1,1000.61
1515.0,,419,131,47.0,23,14.0,1.0,66798.0,61917.0,31.0,46090.619999999995,4881.0,1,2149.42
145.0,20210724.0,524,54,90.0,26,9.0,1.0,1000.0,32226.0,29.0,710.0,-31226.0,0,1194.83
1455.0,,273,401,93.0,13,11.0,1.0,82533.0,77366.0,20.0,66026.40000000001,5167.0,0,1626.86
13.0,,123,236,54.0,21,7.0,1.0,1000.0,117550.0,8.0,920.0,-116550.0,1,
362.0,,78,207,36.0,29,2.0,1.0,1000.0,49266.0,1.0,990.0,-48266.0,1,1766.96
1389.0,,862,82,67.0,1,8.0,1.0,94215.0,82246.0,34.0,62181.899999999994,11969.0,0,3132.14
672.0,,598,519,80.0,26,10.0,1.0,61001.0,50956.0,100.0,0.0,10045.0,0,1836.09
270.0,,444,418,94.0,13,5.0,1.0,33149.0,25923.0,27.0,24198.77,7226.0,1,883.01
1553.0,,66,268,2.0,5,4.0,1.0,44350.0,34486.0,27.0,32375.5,9864.0,1,715.02
1093.0,,582,366,100.0,24,5.0,0.0,121261.0,89748.0,8.0,111560.12000000001,31513.0,0,1819.57
1472.0,,46,171,82.0,4,4.0,1.0,58986.0,54056.0,23.0,45419.22,4930.0,0,1399.48
1644.0,,660,316,10.0,32,19.0,1.0,128397.0,97469.0,9.0,116841.27,30928.0,0,3467.4
453.0,,30,401,24.0,35,7.0,1.0,1000.0,108309.0,16.0,840.0,-107309.0,0,
497.0,,570,547,68.0,3,7.0,1.0,100578.0,94550.0,17.0,83479.73999999999,6028.0,0,2878.4
1420.0,,807,171,72.0,12,11.0,1.0,106970.0,96277.0,19.0,86645.70000000001,10693.0,0,1374.05
1373.0,,850,145,22.0,33,14.0,1.0,70369.0,61531.0,25.0,52776.75,8838.0,0,597.54
323.0,,870,419,30.0,15,17.0,1.0,24497.0,22586.0,16.0,20577.48,1911.0,1,717.38
1937.0,,722,238,98.0,26,18.0,1.0,137021.0,115986.0,26.0,101395.54,21035.0,1,1257.66
1499.0,,541,7,91.0,26,6.0,1.0,1000.0,22164.0,35.0,650.0,-21164.0,0,721.6
1970.0,,525,438,10.0,9,9.0,1.0,1000.0,78843.0,19.0,810.0,-77843.0,0,998.89
1578.0,,781,485,55.0,8,8.0,1.0,156272.0,113121.0,20.0,125017.6,43151.0,0,3846.49
422.0,,737,220,67.0,11,7.0,1.0,41312.0,37121.0,26.0,30570.88,4191.0,0,1167.69
1104.0,,420,591,72.0,20,12.0,1.0,102749.0,83016.0,5.0,97611.54999999999,19733.0,1,1746.38
1501.0,20230916.0,849,502,62.0,3,15.0,1.0,1000.0,19090.0,25.0,750.0,-18090.0,1,374.43
1796.0,,501,270,77.0,31,2.0,1.0,50675.0,42237.0,24.0,38513.0,8438.0,0,
1231.0,,219,347,94.0,20,7.0,1.0,65070.0,54101.0,34.0,42946.2,10969.0,1,1162.62
177.0,,310,147,94.0,18,13.0,1.0,161571.0,115446.0,3.0,156723.87,46125.0,0,3090.04
1507.0,,726,263,91.0,31,9.0,1.0,1000.0,41293.0,35.0,650.0,-40293.0,0,1516.7
971.0,,602,92,61.0,29,18.0,1.0,81260.0,65089.0,4.0,78009.59999999999,16171.0,0,
96.0,,848,82,36.0,4,5.0,1.0,,51375.0,14.0,,,1,1839.98
1001.0,,618,572,62.0,1,14.0,1.0,28437.0,26430.0,19.0,23033.97,2007.0,0,
1547.0,,809,76,50.0,18,17.0,1.0,,25642.0,7.0,,,1,497.45
1429.0,,71,322,17.0,14,6.0,1.0,108657.0,92246.0,31.0,74973.32999999999,16411.0,1,2469.74
36.0,,241,482,53.0,2,12.0,1.0,26072.0,20292.0,11.0,23204.08,5780.0,0,780.14
1435.0,,63,52,53.0,3,13.0,1.0,1000.0,70697.0,13.0,870.0,-69697.0,0,865.47
1331.0,,229,58,40.0,29,7.0,1.0,97204.0,75825.0,10.0,87483.6,21379.0,1,1810.54
1241.0,,43,468,6.0,3,10.0,1.0,51536.0,43260.0,15.0,43805.6,8276.0,0,977.81
1166.0,,793,460,7.0,32,15.0,1.0,78583.0,56912.0,23.0,60508.91,21671.0,0,665.03
1120.0,,63,329,30.0,23,19.0,1.0,1000.0,51524.0,18.0,820.0000000000001,-50524.0,1,1158.96
1874.0,,669,365,75.0,8,8.0,1.0,85784.0,79819.0,18.0,70342.88,5965.0,0,1243.46
535.0,,879,133,81.0,25,8.0,1.0,1000.0,73598.0,27.0,730.0,-72598.0,1,3074.82
1574.0,,393,305,33.0,8,16.0,1.0,137832.0,107670.0,32.0,93725.76,30162.0,0,4593.88
1847.0,,151,314,74.0,4,18.0,1.0,1000.0,87780.0,34.0,659.9999999999999,-86780.0,1,1433.82
1207.0,,643,43,16.0,16,15.0,1.0,115951.0,103712.0,22.0,90441.78,12239.0,0,2376.21
1525.0,,705,302,88.0,25,11.0,1.0,1000.0,88312.0,15.0,850.0,-87312.0,0,3189.55
726.0,,565,139,3.0,2,3.0,1.0,121090.0,94202.0,2.0,118668.2,26888.0,0,3293.44
1252.0,20210112.0,254,259,70.0,11,5.0,1.0,19007.0,15749.0,2.0,18626.86,3258.0,0,602.15
12.0,,613,332,66.0,35,2.0,1.0,106226.0,78269.0,4.0,101976.95999999999,27957.0,0,
673.0,,875,461,26.0,19,19.0,1.0,42036.0,30174.0,3.0,40774.92,11862.0,1,1284.48
1535.0,,206,506,32.0,26,8.0,1.0,69738.0,52379.0,13.0,60672.06,17359.0,1,1962.55
289.0,,101,120,17.0,35,15.0,1.0,38368.0,34524.0,31.0,26473.92,3844.0,0,686.38
1334.0,,399,338,11.0,18,14.0,1.0,77959.0,59073.0,5.0,74061.05,18886.0,1,2093.39
513.0,,446,238,100.0,10,8.0,1.0,128578.0,101149.0,16.0,108005.51999999999,27429.0,1,3251.5
125.0,,769,572,98.0,7,17.0,1.0,1000.0,18829.0,22.0,780.0,-17829.0,1,371.3
624.0,,643,143,19.0,18,2.0,1.0,48576.0,44086.0,32.0,33031.68,4490.0,1,1559.99
681.0,,708,97,36.0,8,10.0,1.0,46932.0,36829.0,0.0,46932.0,10103.0,0,662.38
1013.0,,66,69,29.0,15,3.0,0.0,1000.0,93356.0,9.0,910.0,-92356.0,0,2496.57
543.0,,575,86,63.0,4,13.0,1.0,76852.0,58815.0,13.0,66861.24,18037.0,0,1559.91
717.0,20230901.0,215,423,45.0,34,4.0,1.0,95978.0,88849.0,15.0,81581.3,7129.0,1,1125.87
260.0,,633,529,62.0,10,15.0,1.0,46166.0,37016.0,23.0,35547.82,9150.0,0,
1071.0,,209,16,46.0,31,11.0,1.0,16976.0,15060.0,0.0,16976.0,1916.0,0,570.28
939.0,,431,170,47.0,25,19.0,1.0,1000.0,72682.0,18.0,820.0000000000001,-71682.0,1,
1800.0,20200606.0,230,440,91.0,24,1.0,1.0,1000.0,43235.0,23.0,770.0,-42235.0,0,868.45
625.0,,396,65,100.0,33,4.0,1.0,1000.0,100861.0,28.0,720.0,-99861.0,0,1841.15
1011.0,,569,138,55.0,6,11.0,1.0,96652.0,85858.0,25.0,72489.0,10794.0,0,826.64
629.0,20210726.0,32,331,30.0,24,3.0,1.0,57872.0,48349.0,25.0,43404.0,9523.0,0,1664.71
209.0,,281,469,64.0,11,14.0,1.0,1000.0,33942.0,22.0,780.0,-32942.0,0,1228.23
992.0,20220621.0,677,291,55.0,25,1.0,1.0,39052.0,28466.0,12.0,34365.76,10586.0,1,425.57
830.0,,214,23,7.0,5,20.0,1.0,140940.0,106462.0,24.0,107114.4,34478.0,0,3708.73
1619.0,,436,572,36.0,23,15.0,1.0,1000.0,93227.0,25.0,750.0,-92227.0,0,4015.11
1000.0,,18,133,9.0,6,20.0,1.0,1000.0,91333.0,30.0,700.0,-90333.0,0,1503.28
944.0,,257,65,80.0,32,16.0,0.0,44719.0,32520.0,31.0,30856.109999999997,12199.0,1,1425.72
1675.0,,43,241,89.0,29,4.0,1.0,81266.0,58846.0,33.0,54448.219999999994,22420.0,0,2304.32
816.0,,76,43,2.0,12,7.0,1.0,83115.0,78374.0,4.0,79790.4,4741.0,1,2761.53
1795.0,,546,229,6.0,7,8.0,1.0,42577.0,35995.0,20.0,34061.6,6582.0,1,558.17
1503.0,,116,596,17.0,33,15.0,1.0,1000.0,34466.0,23.0,770.0,-33466.0,0,497.08
913.0,,264,23,99.0,10,20.0,1.0,144765.0,108396.0,16.0,121602.59999999999,36369.0,0,2610.18
1696.0,,512,309,54.0,32,18.0,1.0,139339.0,107584.0,27.0,101717.47,31755.0,0,1927.49
1978.0,,65,475,71.0,14,19.0,1.0,160533.0,115905.0,12.0,141269.04,44628.0,0,3317.34
1067.0,,17,584,55.0,23,4.0,1.0,1000.0,93086.0,5.0,950.0,-92086.0,0,2334.04
1378.0,,544,99,72.0,34,6.0,1.0,70600.0,50851.0,15.0,60010.0,19749.0,1,1359.88
1356.0,,140,4,91.0,15,20.0,1.0,115565.0,82621.0,16.0,97074.59999999999,32944.0,1,3075.78
491.0,,169,513,74.0,6,12.0,1.0,72612.0,63324.0,34.0,47923.91999999999,9288.0,0,747.74
1572.0,,492,105,74.0,1,4.0,1.0,71266.0,53779.0,9.0,64852.060000000005,17487.0,0,1821.22
1326.0,,59,27,6.0,24,2.0,1.0,123071.0,110737.0,16.0,103379.64,12334.0,1,3603.11
560.0,,706,312,87.0,20,17.0,1.0,138702.0,110294.0,0.0,138702.0,28408.0,0,3259.57
1928.0,,605,263,47.0,6,12.0,1.0,58450.0,43931.0,9.0,53189.5,14519.0,1,1689.99
1947.0,20210208.0,473,372,73.0,9,16.0,1.0,79071.0,62236.0,19.0,64047.51,16835.0,1,785.65
1017.0,,445,3,91.0,25,13.0,1.0,42225.0,32482.0,35.0,27446.25,9743.0,1,419.53
1341.0,,157,342,95.0,24,8.0,1.0,38032.0,34503.0,22.0,29664.960000000003,3529.0,1,873.5
899.0,,803,350,4.0,26,15.0,1.0,1000.0,118947.0,25.0,750.0,-117947.0,0,1767.68
614.0,,674,161,66.0,32,20.0,1.0,67945.0,57069.0,3.0,65906.65,10876.0,1,2005.31
146.0,,506,148,67.0,5,9.0,1.0,81036.0,59543.0,12.0,71311.68000000001,21493.0,1,1287.55
640.0,,712,240,84.0,8,10.0,1.0,55977.0,50005.0,33.0,37504.59,5972.0,1,463.43
869.0,20221026.0,401,44,25.0,8,20.0,1.0,1000.0,103317.0,23.0,770.0,-102317.0,0,4760.66
121.0,,562,126,74.0,9,18.0,1.0,1000.0,110432.0,16.0,840.0,-109432.0,0,4084.02
257.0,,93,80,95.0,9,13.0,1.0,56916.0,48394.0,15.0,48378.6,8522.0,0,1886.57
340.0,,827,70,7.0,6,13.0,1.0,136917.0,112403.0,7.0,127332.81,24514.0,1,3981.51
961.0,,369,420,30.0,1,13.0,1.0,111931.0,105811.0,9.0,101857.21,6120.0,1,3665.55
1075.0,,470,56,77.0,3,19.0,1.0,104407.0,99136.0,33.0,69952.68999999999,5271.0,0,2151.51
874.0,,8,7,43.0,20,12.0,1.0,50507.0,38223.0,0.0,50507.0,12284.0,1,489.29
1205.0,,685,69,80.0,32,17.0,1.0,116436.0,85041.0,15.0,98970.59999999999,31395.0,1,3426.9
628.0,20220206.0,45,253,85.0,19,10.0,1.0,67782.0,56613.0,14.0,58292.52,11169.0,0,1214.63
1412.0,,167,78,72.0,11,4.0,1.0,72291.0,55115.0,28.0,52049.52,17176.0,1,2119.61
1935.0,,641,375,84.0,18,2.0,1.0,62250.0,58766.0,8.0,57270.0,3484.0,1,1715.29
1287.0,,756,79,14.0,19,16.0,1.0,1000.0,47585.0,14.0,860.0,-46585.0,1,906.96
1292.0,,325,492,47.0,11,14.0,1.0,23168.0,17052.0,21.0,18302.72,6116.0,1,344.18
920.0,20201020.0,484,217,92.0,21,11.0,1.0,106307.0,97665.0,29.0,75477.97,8642.0,0,
1528.0,,347,18,14.0,15,2.0,1.0,20070.0,18476.0,27.0,14651.1,1594.0,0,253.32
970.0,,836,431,69.0,17,7.0,1.0,49763.0,37465.0,35.0,32345.95,12298.0,0,1289.8
1964.0,,627,531,7.0,10,14.0,1.0,1000.0,52674.0,1.0,990.0,-51674.0,1,
1513.0,20210511.0,386,505,88.0,19,18.0,1.0,1000.0,89201.0,35.0,650.0,-88201.0,0,3942.67
142.0,,679,583,17.0,21,5.0,1.0,108059.0,82178.0,29.0,76721.89,25881.0,1,
1201.0,20210603.0,390,82,67.0,3,7.0,1.0,1000.0,75472.0,31.0,690.0,-74472.0,1,2680.2
1941.0,,481,127,75.0,25,13.0,1.0,65026.0,60420.0,6.0,61124.439999999995,4606.0,0,1858.7
630.0,,885,241,26.0,26,15.0,1.0,35222.0,33391.0,23.0,27120.940000000002,1831.0,0,812.85
365.0,,322,87,69.0,32,5.0,1.0,68153.0,49447.0,4.0,65426.88,18706.0,0,1317.81
652.0,,170,296,95.0,11,1.0,1.0,75028.0,71271.0,24.0,57021.28,3757.0,0,1526.49
905.0,,255,45,8.0,10,12.0,1.0,84041.0,73741.0,100.0,0.0,10300.0,0,1854.31
1521.0,,547,25,56.0,28,10.0,1.0,35924.0,28444.0,6.0,33768.56,7480.0,1,1092.53
851.0,,897,77,21.0,17,17.0,1.0,106572.0,86168.0,10.0,95914.8,20404.0,1,3317.36
1877.0,,575,414,72.0,35,13.0,1.0,1000.0,94087.0,21.0,790.0,-93087.0,1,1463.61
69.0,,531,98,79.0,34,17.0,1.0,1000.0,56095.0,6.0,940.0,-55095.0,1,1748.41
73.0,20210716.0,378,474,27.0,7,5.0,1.0,65914.0,59825.0,26.0,48776.36,6089.0,1,2154.62
1722.0,,469,517,79.0,9,10.0,1.0,127470.0,115603.0,16.0,107074.8,11867.0,1,3816.59
1087.0,,181,216,30.0,32,11.0,1.0,1000.0,21765.0,34.0,659.9999999999999,-20765.0,0,649.47
459.0,,859,448,40.0,34,20.0,1.0,152494.0,117835.0,6.0,143344.36,34659.0,0,1686.79
646.0,,76,395,94.0,10,17.0,1.0,115411.0,106208.0,3.0,111948.67,9203.0,1,3144.28
1309.0,20220709.0,862,460,23.0,11,10.0,1.0,142446.0,114685.0,23.0,109683.42,27761.0,0,4671.69
1025.0,,629,170,41.0,4,7.0,1.0,120771.0,98851.0,29.0,85747.40999999999,21920.0,1,1199.47
1124.0,,235,269,45.0,6,8.0,1.0,1000.0,69167.0,19.0,810.0,-68167.0,1,2499.83
1352.0,,152,297,1.0,6,1.0,1.0,138006.0,103295.0,14.0,118685.16,34711.0,0,4255.52
1963.0,,532,198,48.0,21,15.0,1.0,136596.0,106952.0,9.0,124302.36,29644.0,1,1570.71
1098.0,,105,423,17.0,9,1.0,1.0,47182.0,42036.0,21.0,37273.78,5146.0,1,1431.41
674.0,20210910.0,751,48,26.0,13,14.0,1.0,1000.0,72638.0,25.0,750.0,-71638.0,0,2789.84
15.0,,411,453,9.0,17,13.0,1.0,1000.0,45302.0,16.0,840.0,-44302.0,1,1305.71
1053.0,,422,480,45.0,12,11.0,1.0,141466.0,111506.0,32.0,96196.87999999999,29960.0,1,1161.58
1848.0,,95,190,51.0,26,1.0,1.0,92152.0,75012.0,4.0,88465.92,17140.0,0,2311.99
1018.0,20240820.0,645,128,53.0,25,12.0,1.0,112329.0,90778.0,6.0,105589.26,21551.0,1,961.68
689.0,,562,76,44.0,19,11.0,1.0,103442.0,96412.0,14.0,88960.12,7030.0,0,
1981.0,,742,375,84.0,34,5.0,1.0,1000.0,37641.0,33.0,669.9999999999999,-36641.0,1,
1511.0,,352,412,93.0,29,4.0,1.0,30559.0,24547.0,10.0,27503.100000000002,6012.0,1,418.1
727.0,,261,348,23.0,31,20.0,1.0,80117.0,71299.0,30.0,56081.899999999994,8818.0,0,1535.85
402.0,,683,383,52.0,3,16.0,1.0,1000.0,84240.0,20.0,800.0,-83240.0,0,1846.96
655.0,,60,302,95.0,11,11.0,1.0,38349.0,31952.0,18.0,31446.180000000004,6397.0,0,1330.55
1666.0,,561,31,83.0,8,8.0,1.0,73427.0,61024.0,35.0,47727.55,12403.0,1,1848.36
776.0,,316,599,71.0,25,6.0,1.0,120310.0,107611.0,100.0,0.0,12699.0,1,3635.82
1608.0,,767,494,65.0,23,7.0,1.0,68931.0,60623.0,4.0,66173.76,8308.0,0,1524.67
1260.0,,858,411,78.0,1,14.0,1.0,136376.0,115616.0,25.0,102282.0,20760.0,1,3243.84
1289.0,,222,427,64.0,23,4.0,1.0,143134.0,106393.0,12.0,125957.92,36741.0,1,4216.19
643.0,,15,108,61.0,23,10.0,1.0,63692.0,49075.0,8.0,58596.64,14617.0,1,1836.22
1717.0,,654,456,12.0,5,20.0,1.0,31934.0,22878.0,35.0,20757.100000000002,9056.0,1,594.49
131.0,,715,465,1.0,23,16.0,1.0,105685.0,90639.0,4.0,101457.59999999999,15046.0,0,1035.45
796.0,,798,7,51.0,26,16.0,1.0,1000.0,62932.0,17.0,830.0,-61932.0,0,
1709.0,,663,545,5.0,32,4.0,1.0,129161.0,96831.0,27.0,94287.53,32330.0,0,4278.41
1697.0,20200513.0,893,281,6.0,14,7.0,1.0,26397.0,23708.0,22.0,20589.66,2689.0,0,219.8
1643.0,,448,8,31.0,22,14.0,1.0,132201.0,95279.0,4.0,126912.95999999999,36922.0,0,1682.95
537.0,,317,83,83.0,11,6.0,1.0,1000.0,67699.0,9.0,910.0,-66699.0,1,2475.56
1544.0,20241216.0,523,235,3.0,24,19.0,1.0,63859.0,47120.0,6.0,60027.46,16739.0,1,648.05
29.0,,766,229,81.0,35,9.0,1.0,,43054.0,2.0,,,0,1175.52
471.0,20200330.0,640,250,7.0,21,2.0,1.0,66883.0,59651.0,3.0,64876.509999999995,7232.0,1,567.19
754.0,,731,248,80.0,20,11.0,1.0,116796.0,98218.0,32.0,79421.28,18578.0,0,2967.17
1729.0,,599,147,70.0,10,19.0,1.0,1000.0,69596.0,7.0,929.9999999999999,-68596.0,0,
1926.0,,734,253,28.0,3,18.0,1.0,1000.0,22892.0,30.0,700.0,-21892.0,1,447.94
1952.0,,383,174,65.0,17,8.0,1.0,111914.0,87112.0,2.0,109675.72,24802.0,1,2989.69
1601.0,,410,292,61.0,29,2.0,1.0,1000.0,32220.0,29.0,710.0,-31220.0,0,873.78
1728.0,,883,141,30.0,5,9.0,1.0,136170.0,99568.0,34.0,89872.19999999998,36602.0,0,1991.3
490.0,,533,124,82.0,27,16.0,1.0,105067.0,94734.0,19.0,85104.27,10333.0,1,3421.01
618.0,,37,487,100.0,30,3.0,1.0,33385.0,30335.0,8.0,30714.2,3050.0,0,892.0
1961.0,,367,85,41.0,15,14.0,1.0,63784.0,46111.0,10.0,57405.6,17673.0,1,
1787.0,,846,303,84.0,24,3.0,1.0,1000.0,113535.0,31.0,690.0,-112535.0,1,3362.3
412.0,,701,477,87.0,15,17.0,0.0,129702.0,109736.0,5.0,123216.9,19966.0,0,2655.55
342.0,,402,553,27.0,25,5.0,1.0,1000.0,23330.0,4.0,960.0,-22330.0,0,702.62
1828.0,,523,279,66.0,12,11.0,1.0,1000.0,118958.0,23.0,770.0,-117958.0,0,4040.32
250.0,,707,511,77.0,20,9.0,1.0,134005.0,102477.0,11.0,119264.45,31528.0,0,4050.14
281.0,,221,35,61.0,16,1.0,1.0,147723.0,106613.0,35.0,96019.95,41110.0,0,1353.02
30.0,,225,558,97.0,9,12.0,1.0,145379.0,117317.0,24.0,110488.04000000001,28062.0,0,2650.17
1577.0,,118,356,94.0,9,16.0,1.0,158144.0,119137.0,27.0,115445.12,39007.0,1,
1805.0,,813,81,79.0,27,17.0,1.0,149274.0,117010.0,33.0,100013.57999999999,32264.0,0,3916.7
383.0,,449,150,87.0,18,2.0,1.0,53244.0,40814.0,17.0,44192.52,12430.0,0,1509.32
48.0,20210117.0,391,11,68.0,5,17.0,1.0,1000.0,89712.0,19.0,810.0,-88712.0,0,4152.1
1987.0,,320,504,52.0,1,5.0,1.0,1000.0,78515.0,1.0,990.0,-77515.0,1,2746.51
1780.0,,566,94,48.0,24,15.0,1.0,128849.0,93240.0,12.0,113387.12,35609.0,0,2790.59
1880.0,,688,168,71.0,35,19.0,1.0,116140.0,95539.0,33.0,77813.79999999999,20601.0,1,939.0
223.0,20230519.0,815,203,43.0,27,20.0,1.0,28225.0,22194.0,10.0,25402.5,6031.0,1,840.38
1488.0,,558,577,96.0,33,19.0,1.0,1000.0,35465.0,4.0,960.0,-34465.0,0,1234.32
1632.0,20210430.0,737,293,61.0,29,17.0,1.0,29227.0,25160.0,26.0,21627.98,4067.0,1,
1502.0,,677,224,23.0,8,11.0,1.0,50672.0,38344.0,2.0,49658.56,12328.0,0,
1724.0,,888,201,57.0,3,6.0,1.0,1000.0,87963.0,14.0,860.0,-86963.0,1,4159.15
1273.0,,743,442,32.0,8,18.0,1.0,1000.0,84876.0,23.0,770.0,-83876.0,1,1129.51
1575.0,,825,204,23.0,28,2.0,1.0,53795.0,50480.0,14.0,46263.7,3315.0,0,1451.69
201.0,,41,215,77.0,23,3.0,1.0,50164.0,39109.0,9.0,45649.24,11055.0,1,1566.47
1934.0,,41,250,82.0,12,14.0,0.0,145354.0,112834.0,13.0,126457.98,32520.0,1,2561.97
975.0,,817,146,52.0,23,4.0,1.0,43762.0,38419.0,31.0,30195.78,5343.0,1,1145.24
1815.0,,5,553,47.0,15,4.0,1.0,17957.0,15168.0,100.0,0.0,2789.0,0,
52.0,,430,366,70.0,26,8.0,1.0,74058.0,58271.0,8.0,68133.36,15787.0,1,1080.3
388.0,,250,17,36.0,13,8.0,1.0,45100.0,38938.0,35.0,29315.0,6162.0,1,535.91
1638.0,,206,227,95.0,35,1.0,1.0,44865.0,35554.0,5.0,42621.75,9311.0,1,1432.8
770.0,,652,486,88.0,27,11.0,1.0,27725.0,24994.0,20.0,22180.0,2731.0,1,371.77
1451.0,20220920.0,208,523,37.0,19,14.0,1.0,84827.0,61281.0,10.0,76344.3,23546.0,1,
1623.0,,131,114,72.0,17,6.0,1.0,88155.0,73387.0,14.0,75813.3,14768.0,0,1834.17
1163.0,,196,153,95.0,14,17.0,1.0,116945.0,91734.0,5.0,111097.75,25211.0,1,3036.51
988.0,,272,151,29.0,22,15.0,1.0,109561.0,81073.0,12.0,96413.68000000001,28488.0,0,
859.0,,377,44,68.0,1,14.0,1.0,94031.0,86881.0,25.0,70523.25,7150.0,0,782.23
1311.0,20210208.0,879,480,74.0,28,11.0,1.0,1000.0,93530.0,8.0,920.0,-92530.0,0,2596.17
1845.0,,90,404,27.0,18,17.0,1.0,55675.0,48435.0,2.0,54561.5,7240.0,0,1946.13
1268.0,,455,513,20.0,32,13.0,1.0,46568.0,33932.0,19.0,37720.08,12636.0,1,489.4
665.0,,302,457,52.0,26,18.0,1.0,29962.0,26749.0,8.0,27565.04,3213.0,1,983.28
1735.0,,56,586,23.0,27,5.0,1.0,,71395.0,27.0,,,0,1246.36
1799.0,,314,549,100.0,29,11.0,1.0,1000.0,70494.0,15.0,850.0,-69494.0,1,1620.41
1047.0,,674,259,76.0,13,10.0,1.0,149112.0,108744.0,30.0,104378.4,40368.0,0,4850.63
1242.0,,272,519,57.0,24,5.0,1.0,1000.0,29276.0,13.0,870.0,-28276.0,1,402.31
1957.0,,35,322,97.0,22,12.0,1.0,42659.0,39012.0,5.0,40526.049999999996,3647.0,1,762.52
1750.0,,707,575,9.0,11,9.0,1.0,133286.0,106752.0,6.0,125288.84,26534.0,0,1525.37
1661.0,,44,444,36.0,20,17.0,1.0,116026.0,104400.0,34.0,76577.15999999999,11626.0,1,3498.33
930.0,,216,202,87.0,10,19.0,1.0,110373.0,89107.0,5.0,104854.34999999999,21266.0,0,3190.76
1275.0,,562,3,32.0,16,6.0,1.0,103681.0,95036.0,27.0,75687.13,8645.0,0,1968.75
711.0,,264,146,22.0,33,7.0,1.0,138612.0,100674.0,15.0,117820.2,37938.0,1,4674.06
1956.0,,626,442,50.0,15,15.0,1.0,26526.0,22497.0,19.0,21486.06,4029.0,0,777.47
1563.0,,1,481,12.0,22,5.0,1.0,91504.0,85926.0,0.0,91504.0,5578.0,0,1384.17
89.0,,514,318,26.0,15,17.0,1.0,46309.0,34664.0,8.0,42604.28,11645.0,1,944.42
1983.0,,436,99,91.0,9,16.0,1.0,32665.0,25939.0,18.0,26785.300000000003,6726.0,0,
1225.0,,849,132,48.0,17,2.0,1.0,1000.0,115358.0,13.0,870.0,-114358.0,0,2226.85
192.0,,758,96,37.0,24,4.0,1.0,130210.0,103389.0,3.0,126303.7,26821.0,1,2155.94
199.0,20240510.0,242,143,86.0,9,7.0,1.0,33527.0,28033.0,23.0,25815.79,5494.0,1,673.3
1245.0,,334,293,56.0,6,1.0,1.0,82904.0,66047.0,3.0,80416.88,16857.0,0,923.62
72.0,,137,188,54.0,9,9.0,1.0,54929.0,48304.0,8.0,50534.68,6625.0,1,
1627.0,20230903.0,526,582,74.0,19,9.0,0.0,48620.0,35978.0,15.0,41327.0,12642.0,1,459.9
676.0,,709,572,9.0,3,17.0,1.0,44394.0,34330.0,10.0,39954.6,10064.0,0,
922.0,,700,360,26.0,22,9.0,1.0,100524.0,74523.0,28.0,72377.28,26001.0,0,3082.64
659.0,,627,75,69.0,7,1.0,1.0,65759.0,52712.0,5.0,62471.049999999996,13047.0,0,1491.16
353.0,,160,56,90.0,9,2.0,1.0,1000.0,85715.0,30.0,700.0,-84715.0,0,3623.41
778.0,,136,546,89.0,24,14.0,1.0,1000.0,106263.0,7.0,929.9999999999999,-105263.0,0,1934.16
1222.0,,700,547,70.0,2,10.0,1.0,95320.0,83780.0,29.0,67677.2,11540.0,0,1885.0
119.0,,689,535,100.0,2,20.0,1.0,70317.0,53005.0,34.0,46409.219999999994,17312.0,1,1025.19
1020.0,,706,410,31.0,19,1.0,1.0,98368.0,84366.0,20.0,78694.40000000001,14002.0,0,1155.24
753.0,20210927.0,860,596,65.0,7,3.0,1.0,61186.0,58018.0,21.0,48336.94,3168.0,1,1188.76
1247.0,,283,3,94.0,13,20.0,1.0,154667.0,119802.0,15.0,131466.94999999998,34865.0,0,1710.23
265.0,,428,125,9.0,34,12.0,1.0,1000.0,92594.0,14.0,860.0,-91594.0,1,1052.76
477.0,,92,50,4.0,2,7.0,1.0,,60306.0,17.0,,,0,957.55
574.0,,349,341,45.0,2,2.0,1.0,118604.0,110167.0,5.0,112673.79999999999,8437.0,0,1986.13
1662.0,,892,503,85.0,20,17.0,1.0,127524.0,91431.0,34.0,84165.84,36093.0,1,4262.09
576.0,,271,331,92.0,3,19.0,1.0,90261.0,83835.0,28.0,64987.92,6426.0,1,1942.91
1786.0,,185,81,93.0,20,18.0,0.0,68313.0,51717.0,34.0,45086.579999999994,16596.0,0,
1353.0,,255,104,40.0,30,4.0,1.0,160532.0,116577.0,21.0,126820.28,43955.0,1,5231.51
1463.0,,129,85,83.0,24,1.0,1.0,49693.0,42024.0,27.0,36275.89,7669.0,1,1190.01
551.0,,560,289,61.0,35,17.0,1.0,1000.0,20655.0,34.0,659.9999999999999,-19655.0,0,766.63
1211.0,,681,526,82.0,34,2.0,1.0,45687.0,33831.0,23.0,35178.99,11856.0,1,1453.34
1760.0,,702,463,20.0,22,6.0,1.0,101675.0,92435.0,19.0,82356.75,9240.0,0,863.79
706.0,,834,421,12.0,7,19.0,1.0,114950.0,101184.0,30.0,80465.0,13766.0,1,1296.2
1496.0,,632,292,62.0,5,6.0,1.0,91188.0,66802.0,33.0,61095.95999999999,24386.0,1,2102.81
42.0,,576,450,10.0,32,14.0,1.0,1000.0,71557.0,21.0,790.0,-70557.0,0,1420.98
1374.0,,580,588,33.0,6,7.0,1.0,133621.0,112352.0,16.0,112241.64,21269.0,0,1964.63
1480.0,,129,35,37.0,20,13.0,1.0,132707.0,100674.0,17.0,110146.81,32033.0,0,3986.94
737.0,,869,317,83.0,21,17.0,1.0,90590.0,78372.0,2.0,88778.2,12218.0,0,1316.75
1988.0,,764,420,7.0,7,12.0,1.0,73917.0,56471.0,3.0,71699.49,17446.0,0,1549.63
175.0,,34,581,8.0,1,8.0,1.0,50114.0,42070.0,15.0,42596.9,8044.0,0,710.61
526.0,,369,159,75.0,32,14.0,1.0,1000.0,96273.0,14.0,860.0,-95273.0,1,3620.15
1291.0,,607,446,35.0,25,7.0,1.0,1000.0,117979.0,14.0,860.0,-116979.0,1,3435.28
108.0,,850,352,74.0,4,5.0,1.0,92642.0,70908.0,31.0,63922.979999999996,21734.0,1,2696.02
8.0,,731,163,1.0,25,12.0,1.0,1000.0,87184.0,24.0,760.0,-86184.0,0,3060.7
134.0,,867,419,10.0,33,20.0,1.0,1000.0,25636.0,9.0,910.0,-24636.0,0,539.75
1689.0,,730,473,25.0,6,11.0,1.0,130393.0,100934.0,19.0,105618.33,29459.0,1,3647.28
1319.0,20240811.0,382,78,46.0,13,20.0,1.0,95031.0,75071.0,10.0,85527.90000000001,19960.0,0,2809.59
919.0,,544,547,44.0,32,18.0,1.0,125607.0,95654.0,0.0,125607.0,29953.0,1,2094.86
207.0,,873,221,36.0,19,4.0,1.0,46922.0,38518.0,14.0,40352.92,8404.0,1,1235.11
1010.0,,372,488,79.0,27,14.0,1.0,97110.0,90518.0,20.0,77688.0,6592.0,0,2982.3
1683.0,,488,205,81.0,28,9.0,1.0,1000.0,93489.0,12.0,880.0,-92489.0,0,2998.33
1678.0,,757,376,57.0,9,17.0,1.0,145945.0,117280.0,14.0,125512.7,28665.0,0,2752.55
420.0,,28,213,94.0,14,11.0,1.0,43503.0,33096.0,9.0,39587.73,10407.0,0,540.55
512.0,20220719.0,406,468,17.0,30,4.0,1.0,75952.0,70230.0,22.0,59242.560000000005,5722.0,1,1695.97
1977.0,20240707.0,850,96,58.0,8,19.0,1.0,49374.0,43274.0,14.000000000000002,42461.64,6100.0,0,1084.26
986.0,,867,281,1.0,26,10.0,1.0,1000.0,80109.0,19.0,810.0,-79109.0,1,1181.1
876.0,,644,428,27.0,6,6.0,1.0,1000.0,42739.0,11.0,890.0,-41739.0,0,716.75
1056.0,,625,257,21.0,32,2.0,1.0,22128.0,17709.0,22.0,17259.84,4419.0,0,178.96
1454.0,,118,498,48.0,32,3.0,1.0,152422.0,111076.0,4.0,146325.12,41346.0,1,4593.74
2000.0,,745,429,26.0,33,9.0,1.0,1000.0,68562.0,31.0,690.0,-67562.0,0,620.26
1391.0,,815,331,85.0,33,2.0,1.0,1000.0,47328.0,1.0,990.0,-46328.0,1,646.37
883.0,,84,596,16.0,35,3.0,1.0,95352.0,72873.0,22.0,74374.56,22479.0,0,3100.15
1145.0,,609,547,86.0,29,5.0,1.0,114399.0,103123.0,16.0,96095.16,11276.0,1,2600.32
1570.0,,166,576,45.0,6,5.0,1.0,1000.0,30503.0,30.0,700.0,-29503.0,0,962.2
448.0,,460,248,39.0,5,17.0,0.0,1000.0,25741.0,2.0,980.0,-24741.0,1,765.2
538.0,,404,485,63.0,35,5.0,1.0,130249.0,94074.0,5.0,123736.54999999999,36175.0,1,3513.66
1276.0,,459,444,17.0,19,2.0,1.0,30614.0,25622.0,22.0,23878.920000000002,4992.0,1,870.97
1081.0,,537,127,8.0,13,3.0,1.0,,63803.0,16.0,,,0,2772.42
1401.0,,479,315,13.0,21,12.0,1.0,92898.0,72978.0,24.0,70602.48,19920.0,0,1590.01
1832.0,,83,198,81.0,15,15.0,1.0,37668.0,32108.0,3.0,36537.96,5560.0,1,668.35
1041.0,,601,39,13.0,13,1.0,1.0,72596.0,65965.0,22.0,56624.880000000005,6631.0,0,1003.82
1117.0,,347,18,49.0,26,5.0,1.0,49218.0,37375.0,22.0,38390.04,11843.0,1,
1432.0,,404,45,29.0,1,2.0,1.0,89791.0,80553.0,8.0,82607.72,9238.0,1,1332.53
182.0,,250,25,16.0,16,17.0,1.0,121286.0,98569.0,29.0,86113.06,22717.0,0,2472.57
1497.0,,637,458,31.0,19,9.0,1.0,109239.0,79532.0,4.0,104869.44,29707.0,1,2443.6
1015.0,,507,85,8.0,23,13.0,1.0,,107118.0,20.0,,,0,
845.0,,540,367,49.0,32,6.0,1.0,1000.0,68912.0,10.0,900.0,-67912.0,1,2591.54
572.0,,631,255,71.0,24,8.0,1.0,1000.0,31298.0,16.0,840.0,-30298.0,0,791.9
476.0,,382,145,49.0,21,18.0,1.0,1000.0,28549.0,8.0,920.0,-27549.0,1,652.19
603.0,,277,350,76.0,31,7.0,1.0,146653.0,108492.0,5.0,139320.35,38161.0,0,4447.02
1261.0,,570,5,56.0,22,19.0,1.0,84288.0,74320.0,13.0,73330.56,9968.0,0,
1823.0,,93,360,44.0,29,18.0,1.0,1000.0,92881.0,0.0,1000.0,-91881.0,1,1925.02
1854.0,20220220.0,87,67,10.0,18,11.0,1.0,68036.0,50846.0,12.0,59871.68,17190.0,0,2004.56
235.0,,121,150,85.0,24,3.0,1.0,127453.0,117509.0,21.0,100687.87000000001,9944.0,0,3222.4
71.0,,715,394,7.0,16,6.0,1.0,144907.0,111628.0,23.0,111578.39,33279.0,0,4539.03
144.0,,859,172,26.0,32,18.0,1.0,81096.0,68938.0,7.0,75419.28,12158.0,1,1591.51
1772.0,,889,210,84.0,4,1.0,1.0,102769.0,75016.0,19.0,83242.89,27753.0,1,2046.93
954.0,,583,356,16.0,17,17.0,1.0,34824.0,28588.0,31.0,24028.559999999998,6236.0,0,821.85
1072.0,,329,437,40.0,20,2.0,1.0,1000.0,110199.0,26.0,740.0,-109199.0,1,
1082.0,,205,536,12.0,10,20.0,1.0,1000.0,102256.0,32.0,679.9999999999999,-101256.0,1,2213.36
452.0,,348,549,22.0,14,19.0,1.0,64984.0,56677.0,4.0,62384.64,8307.0,0,1031.07
1063.0,,523,260,26.0,30,6.0,1.0,1000.0,28613.0,18.0,820.0000000000001,-27613.0,0,917.89
1945.0,,486,413,92.0,5,9.0,1.0,37403.0,27064.0,34.0,24685.979999999996,10339.0,1,1282.05
1604.0,,120,302,88.0,35,16.0,1.0,1000.0,62566.0,6.0,940.0,-61566.0,1,938.33
1043.0,,657,299,35.0,10,17.0,1.0,79841.0,69162.0,13.0,69461.67,10679.0,0,
1991.0,,276,191,24.0,20,10.0,1.0,80974.0,65879.0,25.0,60730.5,15095.0,0,845.7
894.0,,345,595,62.0,13,13.0,1.0,65850.0,56758.0,0.0,65850.0,9092.0,0,
769.0,,525,469,19.0,26,14.0,1.0,22559.0,18007.0,4.0,21656.64,4552.0,0,687.49
1033.0,,804,429,70.0,19,6.0,1.0,42883.0,32332.0,10.0,38594.700000000004,10551.0,1,792.9
371.0,,487,218,66.0,15,5.0,1.0,36006.0,27314.0,5.0,34205.7,8692.0,0,456.13
1415.0,,9,296,41.0,8,5.0,1.0,116404.0,86698.0,0.0,116404.0,29706.0,1,2830.65
663.0,,716,36,24.0,17,17.0,1.0,47884.0,44325.0,23.0,36870.68,3559.0,0,873.08
466.0,,598,205,10.0,24,3.0,1.0,100033.0,87465.0,19.0,81026.73000000001,12568.0,1,3367.91
149.0,20220807.0,232,7,58.0,8,20.0,1.0,26768.0,20809.0,4.0,25697.28,5959.0,0,731.75
1951.0,,812,400,20.0,32,18.0,1.0,1000.0,63833.0,32.0,679.9999999999999,-62833.0,1,1831.29
494.0,,374,438,7.0,33,3.0,1.0,60437.0,50235.0,28.0,43514.64,10202.0,1,1031.96
1825.0,,384,9,59.0,17,19.0,1.0,1000.0,53578.0,29.0,710.0,-52578.0,1,804.32
1607.0,,141,255,100.0,9,1.0,1.0,30882.0,25715.0,30.0,21617.399999999998,5167.0,0,972.18
418.0,,106,76,61.0,1,3.0,1.0,,72041.0,19.0,,,1,2871.22
357.0,,226,211,34.0,29,3.0,1.0,110092.0,81207.0,26.0,81468.08,28885.0,1,1244.17
1914.0,,72,350,85.0,27,5.0,1.0,128255.0,101433.0,5.0,121842.25,26822.0,0,1380.97
1851.0,20211206.0,2,531,20.0,10,5.0,1.0,132877.0,99128.0,22.0,103644.06,33749.0,1,4285.2
1115.0,20200101.0,654,141,75.0,16,6.0,1.0,130748.0,118318.0,100.0,0.0,12430.0,1,3350.39
217.0,,348,362,29.0,24,20.0,1.0,78051.0,73850.0,9.0,71026.41,4201.0,1,2109.94
1399.0,,776,470,67.0,11,2.0,1.0,1000.0,96434.0,11.0,890.0,-95434.0,0,3319.67
955.0,,259,213,87.0,13,11.0,1.0,90470.0,65649.0,26.0,66947.8,24821.0,1,2407.51
1663.0,20230515.0,277,125,60.0,21,16.0,1.0,78860.0,67339.0,14.0,67819.6,11521.0,0,1096.35
1589.0,,24,220,89.0,28,20.0,1.0,1000.0,18489.0,31.0,690.0,-17489.0,1,622.96
1485.0,,507,434,98.0,10,12.0,1.0,19425.0,17743.0,19.0,15734.250000000002,1682.0,1,351.85
1079.0,20210914.0,775,423,50.0,33,8.0,1.0,1000.0,48370.0,4.0,960.0,-47370.0,1,1725.86
765.0,,584,285,30.0,6,9.0,1.0,1000.0,64451.0,3.0,970.0,-63451.0,1,2066.32
1178.0,,164,333,16.0,18,20.0,1.0,,66760.0,8.0,,,0,1221.88
580.0,,744,448,56.0,3,18.0,1.0,65701.0,56536.0,16.0,55188.84,9165.0,1,552.23
1361.0,,117,22,70.0,28,16.0,1.0,1000.0,82139.0,29.0,710.0,-81139.0,1,3025.01
631.0,,293,448,37.0,33,3.0,1.0,93992.0,68591.0,11.0,83652.88,25401.0,1,2710.16
1359.0,,541,479,18.0,28,17.0,1.0,143686.0,103700.0,10.0,129317.40000000001,39986.0,1,2312.3
997.0,,300,53,35.0,29,6.0,1.0,108281.0,84400.0,4.0,103949.76,23881.0,0,1013.8
804.0,,386,510,32.0,1,19.0,1.0,118614.0,92911.0,17.0,98449.62,25703.0,1,3364.36
1694.0,20240616.0,343,536,72.0,14,14.0,1.0,1000.0,66722.0,32.0,679.9999999999999,-65722.0,1,661.72
1650.0,,688,160,48.0,33,12.0,1.0,41515.0,34427.0,5.0,39439.25,7088.0,0,1287.58
370.0,,78,429,30.0,23,6.0,1.0,1000.0,111930.0,13.0,870.0,-110930.0,1,
1586.0,,759,539,28.0,29,13.0,1.0,142961.0,102428.0,100.0,0.0,40533.0,0,
2.0,,491,203,63.0,14,2.0,1.0,44187.0,38732.0,21.0,34907.73,5455.0,0,821.25
1699.0,,672,471,100.0,2,2.0,1.0,105972.0,89655.0,4.0,101733.12,16317.0,1,3328.36
1384.0,20210601.0,370,58,64.0,31,16.0,1.0,75667.0,71154.0,11.0,67343.63,4513.0,0,1818.52
1108.0,,35,146,87.0,19,11.0,1.0,1000.0,51152.0,28.0,720.0,-50152.0,0,1911.05
358.0,,448,288,86.0,35,3.0,1.0,46188.0,35948.0,9.0,42031.08,10240.0,1,
1328.0,,846,303,71.0,29,14.0,1.0,24115.0,17999.0,11.0,21462.35,6116.0,0,209.74
290.0,,517,457,21.0,31,13.0,1.0,63192.0,55284.0,31.0,43602.479999999996,7908.0,1,821.65
1038.0,20230311.0,431,217,75.0,7,16.0,1.0,60441.0,51808.0,0.0,60441.0,8633.0,0,1407.69
1414.0,20230920.0,775,321,50.0,2,9.0,1.0,1000.0,96142.0,10.0,900.0,-95142.0,0,2252.76
386.0,,449,32,22.0,23,11.0,1.0,43173.0,34835.0,21.0,34106.67,8338.0,1,942.46
1371.0,,549,221,57.0,10,19.0,1.0,106891.0,80375.0,32.0,72685.87999999999,26516.0,1,3282.73
346.0,,87,150,31.0,23,14.0,0.0,1000.0,82248.0,5.0,950.0,-81248.0,0,3564.67
1324.0,20210217.0,106,545,73.0,34,7.0,1.0,1000.0,38741.0,26.0,740.0,-37741.0,1,508.35
391.0,,463,15,95.0,3,17.0,1.0,24483.0,23100.0,14.0,21055.38,1383.0,0,209.34
1490.0,,827,85,65.0,32,2.0,1.0,86598.0,62668.0,35.0,56288.700000000004,23930.0,0,2079.97
472.0,,714,318,49.0,1,20.0,1.0,1000.0,79919.0,18.0,820.0000000000001,-78919.0,0,1572.64
1349.0,,259,354,51.0,26,12.0,1.0,84402.0,61652.0,31.0,58237.38,22750.0,1,697.96
569.0,20210821.0,698,442,46.0,11,16.0,0.0,1000.0,28180.0,26.0,740.0,-27180.0,0,941.95
606.0,,692,301,99.0,30,11.0,1.0,25850.0,22717.0,17.0,21455.5,3133.0,1,
1536.0,,696,162,7.0,26,18.0,1.0,34081.0,26646.0,3.0,33058.57,7435.0,1,410.55
1703.0,,611,56,40.0,17,8.0,1.0,91415.0,78860.0,31.0,63076.35,12555.0,1,2150.83
1673.0,,331,177,42.0,21,5.0,1.0,44009.0,35682.0,27.0,32126.57,8327.0,1,774.29
18.0,,709,163,50.0,2,16.0,1.0,122291.0,107980.0,3.0,118622.26999999999,14311.0,1,2614.44
226.0,,341,124,20.0,15,11.0,1.0,,110408.0,28.0,,,0,
998.0,,10,70,95.0,1,20.0,1.0,1000.0,62415.0,8.0,920.0,-61415.0,0,1984.21
1024.0,,531,501,22.0,13,14.0,1.0,64172.0,48841.0,5.0,60963.399999999994,15331.0,0,1152.17
1674.0,,659,195,94.0,16,3.0,1.0,137229.0,98043.0,7.0,127622.96999999999,39186.0,1,3661.1
950.0,,6,131,12.0,16,13.0,1.0,105328.0,84159.0,21.0,83209.12000000001,21169.0,0,
983.0,,889,355,47.0,12,6.0,1.0,24733.0,19667.0,8.0,22754.36,5066.0,1,603.49
401.0,,890,432,46.0,15,7.0,1.0,23921.0,22209.0,26.0,17701.54,1712.0,1,
1021.0,,485,370,8.0,15,14.0,1.0,150024.0,111955.0,20.0,120019.20000000001,38069.0,0,3825.82
789.0,20200404.0,199,244,5.0,9,9.0,1.0,76317.0,59583.0,35.0,49606.05,16734.0,0,692.93
600.0,,743,261,61.0,12,9.0,1.0,37321.0,29924.0,3.0,36201.37,7397.0,0,
212.0,,647,188,22.0,22,20.0,1.0,32554.0,27840.0,4.0,31251.84,4714.0,0,465.34
1740.0,,428,354,30.0,15,14.0,1.0,27015.0,20974.0,15.0,22962.75,6041.0,1,776.45
649.0,,491,165,56.0,17,18.0,1.0,1000.0,55010.0,14.0,860.0,-54010.0,1,1421.31
1596.0,,601,557,59.0,8,15.0,1.0,1000.0,24061.0,26.0,740.0,-23061.0,0,533.28
1580.0,,864,484,76.0,19,6.0,1.0,1000.0,54056.0,30.0,700.0,-53056.0,1,1278.31
159.0,,539,411,91.0,9,6.0,1.0,93223.0,87723.0,31.0,64323.869999999995,5500.0,1,2459.22
966.0,,698,65,8.0,20,11.0,1.0,1000.0,109525.0,30.0,700.0,-108525.0,0,2860.93
680.0,,297,319,52.0,13,19.0,1.0,73524.0,61576.0,22.0,57348.72,11948.0,0,1920.69
1655.0,,129,394,77.0,28,9.0,1.0,80557.0,59642.0,10.0,72501.3,20915.0,0,2700.19
691.0,,508,377,59.0,21,12.0,1.0,80768.0,61673.0,31.0,55729.92,19095.0,1,1596.42
1559.0,,385,25,3.0,2,18.0,1.0,114922.0,103927.0,28.999999999999996,81594.62,10995.0,0,1168.26
1509.0,,395,560,60.0,31,9.0,1.0,109023.0,80075.0,27.0,79586.79,28948.0,0,3488.95
1982.0,20210714.0,231,170,39.0,17,2.0,1.0,97422.0,71220.0,15.0,82808.7,26202.0,1,2897.6
948.0,,610,124,52.0,4,10.0,1.0,96681.0,84888.0,28.0,69610.31999999999,11793.0,1,3165.55
1690.0,,158,313,58.0,35,11.0,1.0,61952.0,57493.0,34.0,40888.31999999999,4459.0,1,1202.74
985.0,,597,591,33.0,31,16.0,1.0,1000.0,15685.0,3.0,970.0,-14685.0,0,247.96
317.0,,513,101,80.0,14,18.0,1.0,106277.0,89981.0,8.0,97774.84000000001,16296.0,1,1269.62
155.0,,141,54,52.0,35,6.0,1.0,88104.0,79169.0,24.0,66959.04,8935.0,0,2762.88
1762.0,,767,461,51.0,30,13.0,1.0,1000.0,105152.0,18.0,820.0000000000001,-104152.0,1,1900.5
31.0,,421,507,39.0,19,15.0,1.0,22712.0,20329.0,20.0,18169.600000000002,2383.0,0,295.43
288.0,,542,541,75.0,4,7.0,1.0,101417.0,86657.0,8.0,93303.64,14760.0,0,1432.22
163.0,,18,320,82.0,22,6.0,1.0,31052.0,22934.0,17.0,25773.16,8118.0,1,
1089.0,,474,35,57.0,6,10.0,1.0,1000.0,67266.0,15.0,850.0,-66266.0,1,1792.97
657.0,,440,109,42.0,14,8.0,1.0,63250.0,48997.0,18.0,51865.00000000001,14253.0,1,975.29
1980.0,,556,446,99.0,9,5.0,1.0,52638.0,44983.0,27.0,38425.74,7655.0,1,1539.63
1122.0,,664,245,10.0,2,16.0,1.0,1000.0,52318.0,24.0,760.0,-51318.0,1,890.96
917.0,,50,457,52.0,5,9.0,1.0,24980.0,18549.0,0.0,24980.0,6431.0,1,
1584.0,,794,141,23.0,11,15.0,1.0,1000.0,100674.0,7.0,929.9999999999999,-99674.0,0,1094.12
1932.0,,518,459,99.0,26,18.0,1.0,87846.0,63784.0,27.0,64127.58,24062.0,1,1276.88
1552.0,,485,531,76.0,12,20.0,1.0,54164.0,43498.0,29.0,38456.439999999995,10666.0,1,1844.87
1867.0,,595,9,42.0,23,9.0,1.0,37804.0,31462.0,5.0,35913.799999999996,6342.0,0,1165.81
112.0,,777,257,27.0,8,5.0,1.0,1000.0,15284.0,19.0,810.0,-14284.0,0,
763.0,,344,505,70.0,27,9.0,1.0,162777.0,118314.0,27.0,118827.20999999999,44463.0,1,4557.4
1742.0,,355,232,89.0,17,6.0,1.0,45363.0,41817.0,20.0,36290.4,3546.0,1,1290.65
810.0,,492,103,37.0,20,18.0,1.0,19204.0,16638.0,14.0,16515.44,2566.0,1,176.62
1841.0,,26,266,60.0,21,4.0,1.0,1000.0,48910.0,10.0,900.0,-47910.0,1,494.65
316.0,,276,313,9.0,7,8.0,1.0,77288.0,63050.0,28.000000000000004,55647.36,14238.0,1,2539.2
627.0,,825,291,82.0,18,15.0,1.0,83874.0,74884.0,21.0,66260.46,8990.0,1,1311.32
1860.0,,581,122,25.0,7,18.0,1.0,128128.0,98797.0,33.0,85845.76,29331.0,1,3461.11
937.0,,663,227,48.0,13,3.0,1.0,1000.0,80661.0,35.0,650.0,-79661.0,0,
74.0,,898,588,67.0,24,2.0,1.0,68321.0,62435.0,3.0,66271.37,5886.0,0,
1223.0,,134,16,2.0,8,18.0,1.0,63020.0,58046.0,3.0,61129.4,4974.0,1,
1250.0,,98,339,92.0,19,17.0,1.0,99071.0,85787.0,25.0,74303.25,13284.0,1,2837.98
1514.0,,135,204,75.0,4,1.0,0.0,1000.0,99812.0,34.0,659.9999999999999,-98812.0,0,2872.9
464.0,,463,200,91.0,6,10.0,1.0,112783.0,93478.0,30.0,78948.09999999999,19305.0,0,1905.8
150.0,,828,66,17.0,2,13.0,1.0,35471.0,25733.0,17.0,29440.93,9738.0,0,580.68
1891.0,,446,196,27.0,21,3.0,1.0,53331.0,39469.0,18.0,43731.420000000006,13862.0,1,486.19
1330.0,20200518.0,501,299,33.0,8,7.0,1.0,55093.0,40130.0,21.0,43523.47,14963.0,0,585.62
1325.0,,536,517,25.0,28,7.0,1.0,1000.0,111524.0,26.0,740.0,-110524.0,0,4101.35
81.0,20200702.0,37,212,65.0,24,7.0,1.0,46093.0,36395.0,13.0,40100.909999999996,9698.0,0,1006.37
1159.0,,69,227,83.0,30,16.0,1.0,1000.0,19903.0,25.0,750.0,-18903.0,0,355.53
813.0,,507,493,74.0,25,6.0,1.0,118671.0,85635.0,11.0,105617.19,33036.0,1,1996.94
230.0,20220202.0,355,403,3.0,15,16.0,1.0,71222.0,59951.0,15.0,60538.7,11271.0,0,799.42
67.0,,606,182,80.0,28,19.0,1.0,128667.0,93515.0,5.0,122233.65,35152.0,0,1407.83
593.0,,82,417,53.0,22,18.0,1.0,64456.0,55553.0,8.0,59299.520000000004,8903.0,1,1719.94
1338.0,,274,275,14.0,15,1.0,1.0,1000.0,77139.0,8.0,920.0,-76139.0,1,2947.23
295.0,,273,303,74.0,23,7.0,1.0,86878.0,74911.0,26.0,64289.72,11967.0,0,1969.26
1173.0,,687,472,51.0,32,14.0,1.0,52439.0,46986.0,31.0,36182.909999999996,5453.0,0,1636.76
492.0,,92,142,43.0,20,3.0,1.0,1000.0,26934.0,32.0,679.9999999999999,-25934.0,1,991.63
1048.0,,304,413,15.0,24,14.0,1.0,126594.0,108435.0,100.0,0.0,18159.0,0,
1392.0,,384,111,36.0,17,9.0,1.0,1000.0,81261.0,27.0,730.0,-80261.0,1,3324.22
1065.0,20210511.0,161,474,62.0,20,16.0,1.0,1000.0,48778.0,20.0,800.0,-47778.0,1,1727.95
732.0,,136,237,78.0,19,9.0,1.0,102640.0,92494.0,34.0,67742.4,10146.0,1,2576.49
37.0,,330,546,95.0,33,2.0,1.0,61478.0,54806.0,24.0,46723.28,6672.0,0,1977.3
495.0,,655,131,61.0,28,10.0,1.0,1000.0,69601.0,2.0,980.0,-68601.0,1,1318.6
1101.0,,386,586,58.0,22,15.0,0.0,53055.0,41175.0,7.0,49341.149999999994,11880.0,0,1588.43
1784.0,,864,518,70.0,23,2.0,1.0,96727.0,85065.0,23.0,74479.79000000001,11662.0,1,1109.21
1084.0,,669,378,67.0,6,3.0,1.0,1000.0,81303.0,26.0,740.0,-80303.0,0,840.27
1817.0,,557,222,93.0,32,18.0,1.0,130402.0,112673.0,28.0,93889.44,17729.0,0,3451.14
1428.0,,601,448,61.0,23,10.0,1.0,1000.0,38558.0,15.0,850.0,-37558.0,1,668.24
1519.0,20210328.0,769,91,81.0,2,3.0,1.0,80814.0,63311.0,12.0,71116.32,17503.0,1,2578.85
1893.0,,368,394,94.0,4,8.0,1.0,118228.0,98844.0,28.0,85124.16,19384.0,0,3240.7
1329.0,20231030.0,669,327,73.0,5,17.0,1.0,99730.0,73213.0,17.0,82775.9,26517.0,0,3450.08
311.0,20200623.0,249,372,81.0,9,14.0,1.0,1000.0,68514.0,14.0,860.0,-67514.0,0,
1014.0,20220119.0,866,230,82.0,5,13.0,1.0,1000.0,72450.0,0.0,1000.0,-71450.0,0,1564.23
135.0,,3,114,86.0,4,2.0,1.0,96515.0,74126.0,5.0,91689.25,22389.0,1,1258.68
651.0,,633,380,22.0,16,5.0,1.0,49851.0,39144.0,31.0,34397.189999999995,10707.0,1,1376.87
1183.0,,830,529,90.0,3,17.0,1.0,68193.0,53273.0,7.0,63419.49,14920.0,1,2068.59
1680.0,,207,261,51.0,25,20.0,1.0,1000.0,104986.0,30.0,700.0,-103986.0,0,4409.5
1842.0,,673,156,100.0,28,8.0,1.0,1000.0,46251.0,32.0,679.9999999999999,-45251.0,1,818.67
1464.0,,178,7,84.0,35,1.0,1.0,86483.0,80093.0,24.0,65727.08,6390.0,0,1464.35
273.0,,27,123,87.0,16,9.0,1.0,98797.0,87221.0,33.0,66193.98999999999,11576.0,1,1514.52
901.0,,218,59,78.0,29,12.0,1.0,107233.0,84147.0,8.0,98654.36,23086.0,1,
1998.0,20210420.0,257,58,32.0,18,15.0,1.0,86800.0,81807.0,16.0,72912.0,4993.0,1,2302.59
379.0,,276,268,11.0,24,19.0,1.0,148656.0,106718.0,26.0,110005.44,41938.0,1,4390.77
1332.0,,307,97,91.0,8,13.0,1.0,153485.0,111172.0,100.0,0.0,42313.0,0,4635.76
450.0,,474,192,89.0,20,4.0,1.0,38249.0,28281.0,18.0,31364.180000000004,9968.0,1,357.98
298.0,,74,553,45.0,22,9.0,1.0,43795.0,39761.0,34.0,28904.699999999997,4034.0,1,1507.26
941.0,20201002.0,148,546,73.0,16,4.0,1.0,,37774.0,11.0,,,0,1384.45
951.0,,358,589,62.0,29,15.0,1.0,1000.0,39075.0,14.0,860.0,-38075.0,1,1107.9
136.0,,788,444,48.0,14,20.0,1.0,,101119.0,6.0,,,0,1814.74
26.0,,137,387,92.0,22,9.0,1.0,69231.0,59272.0,12.0,60923.28,9959.0,0,
221.0,,319,236,51.0,7,4.0,1.0,52991.0,46451.0,17.0,43982.53,6540.0,1,1702.49
1237.0,,434,221,50.0,35,5.0,1.0,110437.0,85295.0,5.0,104915.15,25142.0,1,
1099.0,,207,75,31.0,35,5.0,1.0,1000.0,60475.0,4.0,960.0,-59475.0,1,1436.13
1235.0,,727,19,63.0,33,6.0,1.0,161837.0,116722.0,5.0,153745.15,45115.0,1,5086.08
443.0,,858,221,14.0,16,3.0,1.0,99291.0,73000.0,24.0,75461.16,26291.0,1,1104.09
1465.0,,84,471,53.0,21,5.0,1.0,47894.0,42855.0,24.0,36399.44,5039.0,1,1345.53
1267.0,,142,308,39.0,24,8.0,1.0,96886.0,77279.0,5.0,92041.7,19607.0,1,2093.37
1737.0,,850,378,80.0,3,9.0,1.0,1000.0,25334.0,16.0,840.0,-24334.0,1,512.17
867.0,,36,233,40.0,25,4.0,1.0,78592.0,67322.0,31.0,54228.479999999996,11270.0,1,1052.3
1316.0,20231228.0,62,269,94.0,9,8.0,1.0,1000.0,40037.0,11.0,890.0,-39037.0,1,731.4
1776.0,20230620.0,325,54,24.0,24,7.0,1.0,1000.0,20211.0,29.0,710.0,-19211.0,1,359.95
566.0,20211005.0,416,356,80.0,15,20.0,1.0,108019.0,86819.0,100.0,0.0,21200.0,0,3438.89
984.0,,285,352,77.0,3,15.0,0.0,1000.0,38084.0,31.0,690.0,-37084.0,0,848.59
47.0,,433,197,68.0,15,1.0,1.0,110197.0,80968.0,18.0,90361.54000000001,29229.0,0,
1803.0,20240829.0,817,233,59.0,4,7.0,1.0,106518.0,90188.0,25.0,79888.5,16330.0,0,
979.0,,655,454,81.0,2,19.0,1.0,102085.0,75021.0,13.0,88813.95,27064.0,0,3417.13
1526.0,,412,257,74.0,2,20.0,1.0,84744.0,80577.0,35.0,55083.6,4167.0,0,2823.76
1456.0,,410,512,6.0,21,18.0,1.0,23010.0,19833.0,19.0,18638.100000000002,3177.0,1,358.96
1642.0,,29,300,44.0,19,10.0,1.0,1000.0,83165.0,2.0,980.0,-82165.0,1,3042.85
1035.0,,697,541,64.0,14,20.0,1.0,74503.0,55216.0,33.0,49917.009999999995,19287.0,0,1624.98
1398.0,20210729.0,200,245,47.0,7,2.0,1.0,50746.0,44765.0,31.0,35014.74,5981.0,0,1054.31
1870.0,,229,156,71.0,12,8.0,1.0,31347.0,23113.0,100.0,0.0,8234.0,1,816.84
1837.0,,395,439,54.0,2,6.0,1.0,125044.0,112171.0,16.0,105036.95999999999,12873.0,1,2385.78
200.0,,834,16,34.0,10,3.0,1.0,93300.0,85650.0,14.0,80238.0,7650.0,1,1303.04
714.0,,681,296,75.0,20,12.0,1.0,112239.0,101377.0,15.0,95403.15,10862.0,1,3051.65
755.0,,440,465,3.0,1,7.0,1.0,24109.0,18999.0,23.0,18563.93,5110.0,0,649.14
1493.0,,698,132,51.0,18,3.0,1.0,114926.0,90969.0,28.0,82746.72,23957.0,1,1659.24
485.0,,693,194,41.0,22,20.0,1.0,,18115.0,6.0,,,1,763.77
1443.0,,853,173,85.0,21,4.0,1.0,96481.0,84356.0,16.0,81044.04,12125.0,0,3117.4
514.0,20210401.0,156,255,50.0,3,14.0,1.0,47975.0,37552.0,25.0,35981.25,10423.0,0,1090.96
1752.0,,759,456,42.0,22,2.0,1.0,55106.0,42688.0,2.0,54003.88,12418.0,1,1783.71
369.0,,603,353,9.0,18,4.0,1.0,1000.0,30555.0,28.999999999999996,710.0,-29555.0,0,787.96
234.0,,515,121,25.0,6,4.0,1.0,94677.0,79287.0,32.0,64380.35999999999,15390.0,1,3078.49
1394.0,,436,342,76.0,19,10.0,1.0,113701.0,97505.0,14.0,97782.86,16196.0,1,1937.87
866.0,,69,68,82.0,18,7.0,1.0,131624.0,114852.0,35.0,85555.6,16772.0,1,3153.59
1232.0,,813,477,23.0,33,10.0,1.0,43735.0,35755.0,35.0,28427.75,7980.0,1,1488.75
32.0,,695,235,25.0,14,8.0,1.0,47815.0,43821.0,16.0,40164.6,3994.0,1,1438.04
701.0,,534,468,10.0,16,3.0,1.0,1000.0,79159.0,29.0,710.0,-78159.0,1,2280.04
1838.0,,27,531,5.0,22,12.0,1.0,,37022.0,3.0,,,1,1429.62
599.0,,142,92,82.0,20,12.0,1.0,45739.0,36194.0,13.0,39792.93,9545.0,0,829.82
438.0,,495,275,30.0,24,15.0,1.0,143527.0,102773.0,23.0,110515.79000000001,40754.0,0,1658.67
784.0,,217,83,15.0,13,17.0,1.0,43631.0,34039.0,23.0,33595.87,9592.0,1,1059.12
355.0,,179,321,56.0,6,9.0,1.0,55872.0,40061.0,3.0,54195.84,15811.0,1,576.02
64.0,,79,568,52.0,20,10.0,1.0,42020.0,39274.0,23.0,32355.4,2746.0,1,1255.74
1682.0,,469,492,81.0,2,12.0,1.0,64717.0,51571.0,4.0,62128.32,13146.0,0,825.38
202.0,,533,54,58.0,21,8.0,1.0,1000.0,63041.0,15.0,850.0,-62041.0,1,2197.17
742.0,,647,254,93.0,11,12.0,1.0,1000.0,46219.0,32.0,679.9999999999999,-45219.0,1,1517.49
258.0,,422,554,16.0,7,14.0,0.0,102160.0,77347.0,33.0,68447.2,24813.0,1,1178.18
587.0,,215,434,64.0,3,7.0,1.0,118326.0,107909.0,8.0,108859.92,10417.0,1,3079.53
55.0,,639,504,39.0,30,12.0,1.0,80757.0,76288.0,28.0,58145.04,4469.0,1,
1605.0,,85,572,47.0,6,7.0,1.0,66616.0,52167.0,33.0,44632.719999999994,14449.0,1,1216.74
1270.0,,88,400,10.0,12,6.0,1.0,84545.0,77928.0,8.0,77781.40000000001,6617.0,1,2329.33
213.0,20240507.0,148,317,68.0,31,5.0,1.0,87917.0,81108.0,28.0,63300.24,6809.0,1,1648.8
1764.0,,655,512,92.0,22,9.0,1.0,70411.0,59272.0,17.0,58441.13,11139.0,0,
1868.0,,702,236,31.0,35,14.0,1.0,1000.0,78314.0,6.0,940.0,-77314.0,1,1224.85
1568.0,,587,368,37.0,30,17.0,1.0,77959.0,66515.0,25.0,58469.25,11444.0,1,1819.42
807.0,20240913.0,801,522,5.0,26,2.0,1.0,153681.0,117002.0,13.0,133702.47,36679.0,0,2397.07
1376.0,,168,208,1.0,21,2.0,1.0,18159.0,17264.0,10.0,16343.1,895.0,1,375.62
549.0,,78,100,96.0,25,13.0,1.0,55833.0,47476.0,13.0,48574.71,8357.0,0,1328.89
1440.0,20241022.0,206,170,58.0,35,11.0,1.0,112721.0,85215.0,22.0,87922.38,27506.0,1,2189.44
1540.0,20200202.0,23,481,62.0,34,3.0,1.0,102466.0,88142.0,3.0,99392.02,14324.0,0,2167.57
97.0,,311,48,85.0,22,14.0,1.0,1000.0,68720.0,30.0,700.0,-67720.0,0,762.9
430.0,,716,243,19.0,31,7.0,1.0,102053.0,91862.0,0.0,102053.0,10191.0,0,
1746.0,,806,200,50.0,16,6.0,1.0,90654.0,82854.0,32.0,61644.719999999994,7800.0,0,3141.39
1562.0,,817,59,95.0,11,15.0,1.0,74101.0,53293.0,14.0,63726.86,20808.0,0,2289.52
1976.0,,387,327,97.0,9,1.0,1.0,1000.0,110656.0,29.0,710.0,-109656.0,1,2270.6
1144.0,20201110.0,548,526,50.0,35,18.0,1.0,44628.0,40545.0,20.0,35702.4,4083.0,1,1134.91
312.0,,655,223,5.0,3,19.0,1.0,37852.0,29557.0,16.0,31795.68,8295.0,1,409.67
996.0,,303,257,73.0,4,6.0,1.0,50038.0,37243.0,25.0,37528.5,12795.0,1,1407.57
502.0,20201001.0,758,142,70.0,13,19.0,1.0,1000.0,90548.0,18.0,820.0000000000001,-89548.0,0,2613.03
349.0,,109,98,44.0,33,7.0,1.0,131061.0,108060.0,3.0,127129.17,23001.0,0,3130.29
38.0,,124,27,83.0,11,6.0,1.0,108013.0,87458.0,14.0,92891.18,20555.0,0,
687.0,,831,429,94.0,35,3.0,1.0,1000.0,101005.0,7.0,929.9999999999999,-100005.0,1,3436.07
1146.0,,237,135,20.0,1,17.0,1.0,99349.0,80086.0,34.0,65570.34,19263.0,0,2139.01
1567.0,,545,562,81.0,20,13.0,1.0,1000.0,104085.0,25.0,750.0,-103085.0,0,3420.31
373.0,,367,207,29.0,23,19.0,1.0,94620.0,78464.0,30.0,66234.0,16156.0,1,
598.0,,781,397,68.0,18,14.0,1.0,1000.0,87858.0,2.0,980.0,-86858.0,0,3506.44
35.0,,750,499,24.0,12,6.0,1.0,94759.0,87901.0,18.0,77702.38,6858.0,0,1625.57
86.0,,141,591,89.0,2,7.0,1.0,120796.0,97448.0,32.0,82141.28,23348.0,1,2761.16
1546.0,,115,190,46.0,3,5.0,1.0,1000.0,44073.0,13.0,870.0,-43073.0,1,1375.64
539.0,,391,454,56.0,34,17.0,1.0,99667.0,93587.0,35.0,64783.55,6080.0,0,1690.02
1277.0,,334,302,40.0,17,20.0,1.0,44310.0,38075.0,28.0,31903.199999999997,6235.0,0,474.13
1180.0,20201013.0,307,424,31.0,13,1.0,1.0,44321.0,33166.0,0.0,44321.0,11155.0,0,436.81
1487.0,,574,381,16.0,14,18.0,1.0,38101.0,27762.0,31.0,26289.69,10339.0,0,898.05
1971.0,,300,119,76.0,13,9.0,1.0,158338.0,118930.0,13.0,137754.06,39408.0,0,3744.02
467.0,,268,184,71.0,8,2.0,1.0,144980.0,116744.0,2.0,142080.4,28236.0,1,2326.84
20.0,,416,497,16.0,25,16.0,1.0,144054.0,108041.0,20.0,115243.20000000001,36013.0,0,
1368.0,,1,445,57.0,17,1.0,1.0,20756.0,17555.0,15.0,17642.6,3201.0,0,299.11
522.0,,391,593,21.0,18,16.0,1.0,78118.0,67720.0,100.0,0.0,10398.0,1,2107.57
1121.0,20201212.0,898,320,77.0,28,18.0,1.0,1000.0,87945.0,6.0,940.0,-86945.0,0,3124.59
1818.0,20241109.0,440,517,3.0,12,2.0,1.0,,33562.0,22.0,,,0,993.13
909.0,,156,132,16.0,2,10.0,1.0,1000.0,56266.0,32.0,679.9999999999999,-55266.0,1,
521.0,,394,530,83.0,14,16.0,1.0,157478.0,116307.0,28.0,113384.15999999999,41171.0,0,2125.21
1118.0,,362,263,11.0,21,15.0,1.0,117812.0,93510.0,23.0,90715.24,24302.0,0,1614.06
321.0,,61,425,1.0,34,18.0,1.0,132880.0,99427.0,6.0,124907.2,33453.0,1,1211.4
447.0,,802,284,41.0,15,10.0,1.0,118910.0,94181.0,32.0,80858.79999999999,24729.0,0,1796.07
19.0,,608,358,30.0,6,2.0,1.0,1000.0,70259.0,8.0,920.0,-69259.0,0,3189.51
1686.0,,219,9,66.0,27,15.0,1.0,58494.0,46480.0,22.0,45625.32,12014.0,1,1956.25
1965.0,,283,197,95.0,17,2.0,1.0,145446.0,114534.0,2.0,142537.08,30912.0,0,2287.1
1781.0,,348,406,52.0,16,8.0,1.0,61038.0,51970.0,16.0,51271.92,9068.0,1,1300.59
1073.0,,895,73,59.0,1,11.0,1.0,1000.0,52319.0,27.0,730.0,-51319.0,0,846.9
1150.0,,453,157,66.0,1,13.0,1.0,92682.0,84765.0,17.0,76926.06,7917.0,1,1495.59
718.0,,676,230,39.0,27,4.0,1.0,108501.0,88928.0,14.0,93310.86,19573.0,1,3443.22
775.0,,856,226,84.0,9,10.0,1.0,102917.0,76094.0,23.0,79246.09,26823.0,1,1358.19
66.0,,480,50,38.0,33,15.0,1.0,97014.0,70301.0,20.0,77611.2,26713.0,1,2760.79
1958.0,,880,397,64.0,21,12.0,1.0,1000.0,39818.0,19.0,810.0,-38818.0,1,1476.19
122.0,,708,545,93.0,11,17.0,1.0,50333.0,35984.0,13.0,43789.71,14349.0,0,767.92
1879.0,,855,88,61.0,35,17.0,1.0,35584.0,31305.0,17.0,29534.719999999998,4279.0,0,340.27
562.0,,121,180,19.0,34,18.0,1.0,122891.0,105729.0,23.0,94626.07,17162.0,0,993.45
510.0,20231218.0,190,418,28.0,2,3.0,1.0,1000.0,44137.0,10.0,900.0,-43137.0,0,789.94
1701.0,20211217.0,445,520,12.0,31,1.0,1.0,1000.0,68372.0,27.0,730.0,-67372.0,1,2141.86
294.0,,750,329,50.0,20,20.0,1.0,53658.0,45314.0,5.0,50975.1,8344.0,1,1065.4
11.0,,204,114,36.0,5,20.0,1.0,55069.0,51314.0,4.0,52866.24,3755.0,1,1880.26
990.0,,606,23,13.0,4,15.0,1.0,1000.0,92826.0,34.0,659.9999999999999,-91826.0,0,3681.34
95.0,,577,311,100.0,30,1.0,1.0,1000.0,37321.0,29.0,710.0,-36321.0,0,1381.85
532.0,,447,393,58.0,8,13.0,1.0,68960.0,61823.0,26.0,51030.4,7137.0,1,1569.33
715.0,,793,112,98.0,35,3.0,0.0,1000.0,100366.0,19.0,810.0,-99366.0,1,
818.0,,499,479,43.0,34,13.0,1.0,32954.0,29921.0,7.0,30647.219999999998,3033.0,0,491.98
56.0,,886,481,91.0,22,2.0,1.0,1000.0,101427.0,13.0,870.0,-100427.0,0,4466.51
1078.0,,511,336,42.0,20,5.0,1.0,137153.0,104519.0,19.0,111093.93000000001,32634.0,0,1534.78
393.0,,114,59,6.0,19,11.0,1.0,33153.0,29406.0,14.0,28511.579999999998,3747.0,0,672.2
269.0,,153,371,7.0,26,5.0,1.0,58118.0,51865.0,12.0,51143.840000000004,6253.0,0,1959.99
1139.0,,592,135,8.0,6,8.0,1.0,57635.0,49618.0,12.0,50718.8,8017.0,0,1780.67
283.0,20231025.0,175,316,45.0,5,17.0,1.0,1000.0,55490.0,18.0,820.0000000000001,-54490.0,0,1701.15
1107.0,20220613.0,627,53,50.0,19,15.0,1.0,26530.0,19180.0,17.0,22019.899999999998,7350.0,0,430.38
1152.0,,692,155,15.0,5,16.0,1.0,1000.0,91481.0,2.0,980.0,-90481.0,0,4010.1
900.0,,375,550,39.0,6,15.0,1.0,44231.0,32838.0,34.0,29192.459999999995,11393.0,0,1125.0
1347.0,,823,274,28.0,23,13.0,1.0,50041.0,41242.0,11.0,44536.49,8799.0,1,1418.88
1061.0,,668,145,99.0,35,13.0,1.0,55831.0,40309.0,17.0,46339.729999999996,15522.0,0,714.72
1036.0,20200107.0,130,57,90.0,31,10.0,1.0,99327.0,82206.0,7.0,92374.11,17121.0,0,1476.92
301.0,,304,595,98.0,22,10.0,1.0,108240.0,92072.0,4.0,103910.4,16168.0,1,1638.06
305.0,,579,42,62.0,27,17.0,1.0,1000.0,95304.0,20.0,800.0,-94304.0,1,2179.29
1754.0,,264,398,5.0,23,16.0,1.0,,70870.0,25.0,,,0,
1757.0,,610,269,75.0,33,11.0,1.0,159378.0,119414.0,13.0,138658.86,39964.0,0,
848.0,,95,405,79.0,35,3.0,1.0,36866.0,34940.0,19.0,29861.460000000003,1926.0,0,827.27
1853.0,,52,144,65.0,15,4.0,1.0,84539.0,77848.0,23.0,65095.03,6691.0,1,
1446.0,,381,180,43.0,35,1.0,1.0,57407.0,47709.0,30.0,40184.899999999994,9698.0,0,1883.61
1027.0,20210204.0,262,289,92.0,18,9.0,1.0,27978.0,22378.0,100.0,0.0,5600.0,0,612.11
1362.0,,94,105,71.0,8,14.0,1.0,28630.0,21546.0,22.0,22331.4,7084.0,0,236.24
233.0,,871,471,72.0,15,10.0,1.0,1000.0,118133.0,34.0,659.9999999999999,-117133.0,1,3633.54
1221.0,,508,524,84.0,26,6.0,1.0,127314.0,107292.0,22.0,99304.92,20022.0,0,2230.12
824.0,,228,478,42.0,1,7.0,1.0,136410.0,109308.0,23.0,105035.7,27102.0,1,1775.01
474.0,,341,562,93.0,25,5.0,1.0,107154.0,99096.0,10.0,96438.6,8058.0,0,1487.35
1411.0,,120,521,48.0,29,14.0,1.0,47896.0,37008.0,20.0,38316.8,10888.0,1,629.24
1716.0,,69,471,89.0,32,19.0,1.0,39537.0,28886.0,3.0,38350.89,10651.0,1,408.63
1500.0,,61,276,88.0,19,1.0,1.0,1000.0,58051.0,3.0,970.0,-57051.0,0,1388.3
1911.0,,205,219,47.0,7,12.0,1.0,112578.0,92958.0,24.0,85559.28,19620.0,1,1872.33
1790.0,,193,518,73.0,29,12.0,1.0,1000.0,22294.0,100.0,0.0,-21294.0,1,1013.78
1044.0,,145,417,12.0,6,17.0,1.0,116431.0,87439.0,24.0,88487.56,28992.0,1,1130.98
589.0,20220627.0,372,59,14.0,33,11.0,1.0,84395.0,79648.0,17.0,70047.84999999999,4747.0,0,2709.76
1363.0,,516,519,42.0,17,8.0,1.0,82617.0,64754.0,5.0,78486.15,17863.0,1,1361.4
291.0,,892,29,27.0,24,4.0,1.0,105746.0,82714.0,35.0,68734.90000000001,23032.0,0,1233.97
1726.0,,731,293,40.0,30,12.0,1.0,26318.0,22939.0,28.999999999999996,18685.78,3379.0,1,610.63
296.0,,6,186,39.0,26,6.0,1.0,52291.0,47383.0,10.0,47061.9,4908.0,0,1386.47
330.0,,517,291,38.0,16,7.0,1.0,120611.0,101152.0,4.0,115786.56,19459.0,0,2484.34
1193.0,20210818.0,682,154,84.0,3,12.0,1.0,120929.0,87178.0,9.0,110045.39,33751.0,0,2748.82
1731.0,,726,336,62.0,12,5.0,1.0,82663.0,71817.0,22.0,64477.14,10846.0,0,2601.88
1119.0,,368,512,10.0,14,2.0,1.0,61610.0,53354.0,21.0,48671.9,8256.0,0,
785.0,20240618.0,319,181,42.0,1,10.0,1.0,78197.0,60935.0,3.0,75851.09,17262.0,0,839.42
679.0,,859,143,89.0,26,18.0,1.0,29764.0,22664.0,2.0,29168.72,7100.0,0,885.63
173.0,20220215.0,87,398,97.0,32,11.0,1.0,52521.0,46667.0,35.0,34138.65,5854.0,0,925.29
503.0,,405,265,72.0,13,15.0,1.0,106931.0,97962.0,19.0,86614.11,8969.0,0,
1479.0,,547,189,42.0,35,17.0,1.0,62299.0,56592.0,100.0,0.0,5707.0,0,
559.0,,414,478,27.0,25,2.0,0.0,138562.0,100791.0,20.0,110849.6,37771.0,0,4450.28
75.0,20210627.0,812,38,80.0,10,7.0,1.0,158764.0,119847.0,9.0,144475.24,38917.0,0,4419.6
483.0,20231020.0,165,518,16.0,4,7.0,1.0,101545.0,76607.0,16.0,85297.8,24938.0,0,
1177.0,,400,436,7.0,26,16.0,1.0,87881.0,81758.0,34.0,58001.45999999999,6123.0,1,1580.08
246.0,,462,538,99.0,5,3.0,1.0,79007.0,65450.0,14.0,67946.02,13557.0,1,778.69
541.0,,389,156,69.0,16,2.0,1.0,90489.0,66388.0,29.0,64247.189999999995,24101.0,1,2754.07
558.0,,178,376,98.0,2,4.0,1.0,34365.0,25936.0,30.0,24055.5,8429.0,1,917.59
243.0,,575,332,56.0,34,1.0,1.0,104940.0,77006.0,17.0,87100.2,27934.0,1,
1140.0,,39,512,74.0,16,12.0,1.0,160904.0,118080.0,6.0,151249.75999999998,42824.0,0,2595.66
1629.0,,765,297,51.0,3,10.0,1.0,19940.0,15287.0,3.0,19341.8,4653.0,1,382.71
1927.0,,431,477,51.0,15,20.0,1.0,1000.0,16167.0,6.0,940.0,-15167.0,1,625.74
143.0,,717,372,47.0,27,2.0,1.0,1000.0,112191.0,11.0,890.0,-111191.0,1,5041.4
1348.0,,270,250,75.0,28,17.0,1.0,24141.0,20755.0,27.0,17622.93,3386.0,1,557.72
1626.0,,468,455,80.0,7,15.0,1.0,68417.0,57318.0,35.0,44471.05,11099.0,1,1551.35
710.0,20220917.0,159,176,43.0,5,14.0,1.0,1000.0,110129.0,4.0,960.0,-109129.0,1,3970.13
10.0,,663,412,27.0,15,1.0,1.0,1000.0,85747.0,21.0,790.0,-84747.0,1,3221.91
583.0,,667,439,18.0,23,3.0,1.0,34563.0,28112.0,2.0,33871.74,6451.0,1,840.26
959.0,,657,43,49.0,2,4.0,1.0,134760.0,97232.0,16.0,113198.4,37528.0,0,2880.66
1192.0,,332,72,7.0,16,10.0,1.0,34458.0,30131.0,22.0,26877.24,4327.0,1,1012.46
287.0,,288,125,78.0,14,12.0,1.0,64363.0,48152.0,24.0,48915.88,16211.0,1,1561.32
1733.0,,850,237,53.0,31,5.0,1.0,132335.0,112174.0,21.0,104544.65000000001,20161.0,1,4316.91
1424.0,,540,553,61.0,24,15.0,1.0,17312.0,16377.0,7.0,16100.159999999998,935.0,0,418.44
114.0,,351,147,95.0,4,8.0,1.0,50031.0,39945.0,8.0,46028.520000000004,10086.0,1,1160.22
762.0,20230404.0,780,413,51.0,29,4.0,1.0,100323.0,88234.0,29.0,71229.33,12089.0,1,
608.0,,487,138,56.0,1,2.0,1.0,112791.0,99825.0,31.0,77825.79,12966.0,1,3309.89
1610.0,,798,34,82.0,8,18.0,1.0,111122.0,100351.0,35.0,72229.3,10771.0,1,2871.09
1298.0,,90,455,87.0,13,10.0,1.0,1000.0,46676.0,18.0,820.0000000000001,-45676.0,1,1135.03
699.0,,850,575,29.0,21,7.0,1.0,106169.0,81760.0,14.0,91305.34,24409.0,1,3662.16
1645.0,,567,261,11.0,33,16.0,1.0,96082.0,83468.0,14.0,82630.52,12614.0,1,2168.64
110.0,,507,24,97.0,9,5.0,1.0,87073.0,75464.0,24.0,66175.48,11609.0,1,1866.05
1936.0,,765,476,33.0,16,9.0,1.0,91332.0,81938.0,18.0,74892.24,9394.0,1,2489.96
1940.0,,225,353,17.0,25,15.0,1.0,52008.0,46539.0,0.0,52008.0,5469.0,1,1252.15
347.0,,432,535,16.0,26,12.0,1.0,57942.0,44328.0,27.0,42297.659999999996,13614.0,1,516.35
1057.0,,79,518,16.0,9,15.0,1.0,1000.0,78899.0,27.0,730.0,-77899.0,1,1492.67
1191.0,,722,204,42.0,19,20.0,1.0,105165.0,80426.0,13.0,91493.55,24739.0,0,
1710.0,,356,324,41.0,28,14.0,1.0,82075.0,67259.0,25.0,61556.25,14816.0,1,1428.14
1254.0,,222,416,89.0,18,9.0,1.0,29062.0,27486.0,15.0,24702.7,1576.0,1,412.93
1069.0,20240220.0,495,527,18.0,18,14.0,1.0,39402.0,32323.0,8.0,36249.840000000004,7079.0,1,514.07
957.0,,785,492,35.0,3,20.0,1.0,1000.0,43977.0,6.0,940.0,-42977.0,1,1189.82
581.0,,217,206,17.0,2,16.0,1.0,24436.0,22016.0,14.0,21014.96,2420.0,0,551.46
616.0,,693,252,29.0,1,7.0,1.0,42593.0,31740.0,10.0,38333.700000000004,10853.0,0,601.24
419.0,,381,60,98.0,18,14.0,1.0,112829.0,99361.0,6.0,106059.26,13468.0,1,1491.77
1293.0,,236,533,10.0,4,1.0,1.0,34128.0,31351.0,14.0,29350.079999999998,2777.0,0,515.18
1460.0,,173,114,65.0,20,19.0,1.0,49860.0,36337.0,11.0,44375.4,13523.0,0,1250.93
1918.0,,36,39,69.0,35,1.0,1.0,1000.0,113915.0,24.0,760.0,-112915.0,0,2807.36
519.0,20220603.0,216,409,74.0,21,20.0,1.0,1000.0,21814.0,35.0,650.0,-20814.0,1,206.16
738.0,,873,224,84.0,22,4.0,1.0,23388.0,20013.0,26.0,17307.12,3375.0,1,256.45
836.0,,594,506,42.0,11,15.0,1.0,110041.0,95127.0,100.0,0.0,14914.0,0,1372.7
1255.0,,318,403,9.0,35,20.0,1.0,1000.0,72504.0,34.0,659.9999999999999,-71504.0,1,2059.21
1807.0,20220422.0,276,394,1.0,8,14.0,1.0,106496.0,88666.0,2.0,104366.08,17830.0,0,2216.44
692.0,,772,146,28.0,18,9.0,1.0,39270.0,32855.0,3.0,38091.9,6415.0,0,846.22
743.0,,262,109,8.0,6,7.0,1.0,1000.0,92015.0,6.0,940.0,-91015.0,1,3321.31
215.0,,79,407,5.0,19,15.0,1.0,74909.0,69132.0,29.0,53185.39,5777.0,0,1716.39
1417.0,,210,280,4.0,8,18.0,1.0,70439.0,61976.0,0.0,70439.0,8463.0,0,2262.32
1076.0,,795,424,29.0,18,9.0,1.0,1000.0,37183.0,27.0,730.0,-36183.0,1,
343.0,,94,206,95.0,12,11.0,1.0,126389.0,93639.0,27.0,92263.97,32750.0,0,1990.44
1829.0,,659,450,24.0,9,6.0,1.0,23075.0,16753.0,7.0,21459.75,6322.0,0,534.28
58.0,,732,449,17.0,26,14.0,1.0,1000.0,19431.0,27.0,730.0,-18431.0,0,
735.0,,424,402,66.0,1,1.0,1.0,1000.0,93691.0,23.0,770.0,-92691.0,0,3472.57
570.0,,347,166,78.0,33,16.0,1.0,1000.0,19360.0,19.0,810.0,-18360.0,0,736.32
1839.0,,386,408,19.0,29,18.0,1.0,1000.0,21376.0,16.0,840.0,-20376.0,1,394.66
849.0,,109,383,88.0,35,6.0,1.0,71935.0,55374.0,12.0,63302.8,16561.0,0,1394.91
324.0,,284,196,17.0,16,17.0,1.0,87735.0,75014.0,14.0,75452.1,12721.0,1,2343.06
1266.0,,610,133,78.0,14,9.0,1.0,46539.0,42821.0,12.0,40954.32,3718.0,1,1010.72
1256.0,,377,58,46.0,19,14.0,1.0,1000.0,92964.0,32.0,679.9999999999999,-91964.0,1,4074.19
293.0,,860,54,32.0,3,18.0,1.0,147128.0,112145.0,6.0,138300.31999999998,34983.0,1,2329.58
1569.0,20230121.0,699,493,23.0,8,6.0,1.0,67537.0,60917.0,17.0,56055.71,6620.0,1,706.49
1189.0,20220424.0,8,548,58.0,27,19.0,1.0,1000.0,51380.0,30.0,700.0,-50380.0,0,
1281.0,,736,555,51.0,1,18.0,1.0,39254.0,35510.0,30.0,27477.8,3744.0,0,1216.68
268.0,,647,145,60.0,10,16.0,1.0,153489.0,118831.0,8.0,141209.88,34658.0,0,4710.51
352.0,,165,358,78.0,6,7.0,1.0,1000.0,36505.0,9.0,910.0,-35505.0,1,560.44
772.0,20221008.0,515,242,26.0,18,11.0,1.0,1000.0,20349.0,0.0,1000.0,-19349.0,0,678.75
1138.0,,411,333,44.0,17,20.0,1.0,91153.0,85155.0,25.0,68364.75,5998.0,0,2584.34
927.0,20240423.0,194,104,24.0,9,13.0,1.0,88761.0,73965.0,11.0,78997.29000000001,14796.0,0,1278.44
1162.0,,836,378,6.0,22,13.0,1.0,111676.0,87020.0,31.0,77056.43999999999,24656.0,1,3715.66
1996.0,,194,409,68.0,9,13.0,1.0,32583.0,27406.0,28.0,23459.76,5177.0,1,532.18
861.0,,388,80,6.0,30,8.0,1.0,1000.0,70365.0,17.0,830.0,-69365.0,1,878.56
700.0,,526,223,52.0,7,17.0,1.0,155078.0,116643.0,7.0,144222.53999999998,38435.0,1,4256.34
1248.0,,838,561,68.0,1,1.0,1.0,106612.0,84197.0,29.0,75694.51999999999,22415.0,0,2346.62
375.0,,498,572,83.0,24,16.0,1.0,63629.0,46221.0,11.0,56629.81,17408.0,1,1811.72
1774.0,,70,490,16.0,24,5.0,1.0,39973.0,30671.0,100.0,0.0,9302.0,0,1232.63
1621.0,,757,204,79.0,14,1.0,1.0,74104.0,57734.0,19.0,60024.240000000005,16370.0,0,1934.45
1187.0,,818,490,92.0,21,19.0,1.0,150239.0,107385.0,21.0,118688.81000000001,42854.0,0,3104.59
1886.0,,542,579,82.0,32,18.0,1.0,44026.0,36862.0,1.0,43585.74,7164.0,1,840.88
1831.0,,66,567,76.0,32,12.0,1.0,,75237.0,6.0,,,0,1916.87
206.0,20210919.0,454,129,61.0,26,15.0,1.0,68243.0,57920.0,19.0,55276.83,10323.0,0,
83.0,,809,536,33.0,26,13.0,1.0,82844.0,68066.0,17.0,68760.51999999999,14778.0,0,2595.47
604.0,,356,217,96.0,25,17.0,1.0,119567.0,105296.0,10.0,107610.3,14271.0,1,3991.25
561.0,,267,174,87.0,29,13.0,1.0,20751.0,19714.0,16.0,17430.84,1037.0,0,632.81
547.0,,55,391,12.0,14,18.0,1.0,74838.0,55045.0,28.0,53883.36,19793.0,1,1293.78
1264.0,,505,312,37.0,3,5.0,1.0,129320.0,101385.0,17.0,107335.59999999999,27935.0,0,2615.14
1753.0,,451,436,36.0,33,4.0,1.0,1000.0,66063.0,15.0,850.0,-65063.0,1,2797.25
1647.0,,874,34,43.0,17,2.0,1.0,1000.0,75131.0,6.0,940.0,-74131.0,1,1619.02
181.0,,809,73,58.0,27,2.0,1.0,126530.0,108394.0,3.0,122734.09999999999,18136.0,0,2902.78
993.0,,247,244,77.0,18,16.0,1.0,99592.0,78096.0,2.0,97600.16,21496.0,1,3451.89
1771.0,,89,78,41.0,5,5.0,1.0,89531.0,83420.0,27.0,65357.63,6111.0,1,1403.75
1151.0,,540,316,7.0,13,18.0,1.0,64756.0,49094.0,28.0,46624.32,15662.0,0,1211.56
595.0,,645,107,30.0,29,16.0,1.0,71148.0,56802.0,2.0,69725.04,14346.0,0,
758.0,,79,473,77.0,11,2.0,1.0,1000.0,44982.0,23.0,770.0,-43982.0,0,1976.65
1251.0,,795,192,70.0,10,14.0,1.0,86236.0,74965.0,13.0,75025.31999999999,11271.0,1,900.78
550.0,,567,309,78.0,11,7.0,1.0,40836.0,34528.0,5.0,38794.2,6308.0,0,1052.28
1798.0,20210803.0,876,9,86.0,30,19.0,1.0,1000.0,27986.0,31.0,690.0,-26986.0,0,1020.96
252.0,,423,286,39.0,5,19.0,1.0,126956.0,106851.0,21.0,100295.24,20105.0,1,2979.72
834.0,,139,504,27.0,19,16.0,1.0,82524.0,72460.0,7.0,76747.31999999999,10064.0,0,666.19
168.0,,378,244,42.0,1,13.0,1.0,77521.0,56101.0,22.0,60466.380000000005,21420.0,0,2502.71
1602.0,,823,120,32.0,9,7.0,1.0,1000.0,94011.0,100.0,0.0,-93011.0,1,1749.32
218.0,,768,512,21.0,35,7.0,1.0,,67216.0,100.0,,,1,1862.72
855.0,20220820.0,770,360,99.0,11,4.0,1.0,1000.0,18317.0,6.0,940.0,-17317.0,1,639.97
686.0,,301,207,86.0,21,8.0,1.0,73028.0,65503.0,30.0,51119.6,7525.0,0,1351.65
242.0,,479,375,92.0,14,15.0,1.0,88117.0,68262.0,15.0,74899.45,19855.0,0,2763.23
1470.0,,142,353,27.0,28,3.0,1.0,,72207.0,2.0,,,0,2979.32
366.0,,159,600,15.0,21,16.0,1.0,68074.0,51195.0,25.0,51055.5,16879.0,1,1108.96
501.0,,75,374,44.0,25,20.0,1.0,49070.0,44847.0,0.0,49070.0,4223.0,1,611.97
1004.0,,595,482,9.0,24,1.0,1.0,1000.0,84011.0,19.0,810.0,-83011.0,1,1985.13
994.0,,398,382,50.0,17,7.0,1.0,73033.0,60779.0,26.0,54044.42,12254.0,0,2014.81
756.0,,272,61,10.0,34,5.0,1.0,1000.0,42977.0,22.0,780.0,-41977.0,0,1022.99
1413.0,,849,484,71.0,35,15.0,1.0,36106.0,29746.0,3.0,35022.82,6360.0,0,
451.0,,182,24,45.0,32,16.0,1.0,86040.0,66802.0,100.0,0.0,19238.0,1,870.87
1920.0,,543,126,76.0,9,8.0,1.0,107674.0,80953.0,10.0,96906.6,26721.0,0,2955.72
936.0,,419,11,37.0,13,6.0,0.0,62217.0,50269.0,3.0,60350.49,11948.0,0,1327.56
46.0,,826,19,25.0,26,3.0,1.0,101803.0,76363.0,20.0,81442.40000000001,25440.0,0,1829.64
977.0,,416,180,54.0,34,10.0,0.0,,73538.0,5.0,,,1,2539.54
594.0,,302,585,33.0,7,20.0,1.0,25534.0,19593.0,34.0,16852.44,5941.0,1,828.08
109.0,,334,168,42.0,22,6.0,1.0,47192.0,36980.0,15.0,40113.2,10212.0,0,784.76
138.0,,479,212,86.0,26,13.0,1.0,91051.0,80472.0,20.0,72840.8,10579.0,1,1902.34
1209.0,,72,394,79.0,30,14.0,1.0,148811.0,108132.0,14.0,127977.45999999999,40679.0,1,3008.55
304.0,,605,100,33.0,18,15.0,1.0,103584.0,94116.0,5.0,98404.79999999999,9468.0,1,1715.16
1096.0,,122,454,37.0,2,18.0,1.0,120066.0,92391.0,100.0,0.0,27675.0,1,
1524.0,,365,106,69.0,27,1.0,1.0,57202.0,43955.0,7.0,53197.85999999999,13247.0,1,2001.25
1875.0,20210115.0,245,264,85.0,15,17.0,1.0,132904.0,105294.0,0.0,132904.0,27610.0,0,3165.28
933.0,,185,59,64.0,21,7.0,1.0,1000.0,33973.0,19.0,810.0,-32973.0,1,1132.02
194.0,,494,385,4.0,30,17.0,1.0,136168.0,112345.0,30.0,95317.59999999999,23823.0,1,
846.0,,804,201,9.0,28,18.0,1.0,116105.0,88430.0,24.0,88239.8,27675.0,0,
1942.0,,720,110,15.0,21,16.0,1.0,64426.0,50879.0,15.0,54762.1,13547.0,1,1266.99
1711.0,,275,267,96.0,5,11.0,1.0,99373.0,79508.0,30.0,69561.09999999999,19865.0,1,1978.8
910.0,,835,186,72.0,23,18.0,1.0,1000.0,29471.0,33.0,669.9999999999999,-28471.0,0,
664.0,,340,306,35.0,1,16.0,1.0,104271.0,93777.0,4.0,100100.16,10494.0,1,3498.96
1531.0,,233,580,61.0,20,1.0,1.0,91800.0,80232.0,29.0,65178.0,11568.0,1,2766.67
1916.0,,656,427,8.0,21,13.0,1.0,75849.0,60359.0,3.0,73573.53,15490.0,1,1756.27
853.0,,554,110,48.0,25,13.0,1.0,55627.0,44692.0,0.0,55627.0,10935.0,1,
1658.0,,860,3,20.0,27,4.0,1.0,40141.0,36415.0,25.0,30105.75,3726.0,0,713.01
911.0,,78,250,30.0,24,11.0,1.0,98414.0,73804.0,32.0,66921.51999999999,24610.0,0,3118.87
1475.0,,811,54,14.0,24,19.0,1.0,103514.0,95653.0,7.0,96268.01999999999,7861.0,0,3161.91
1657.0,,485,409,27.0,8,9.0,1.0,57536.0,51313.0,19.0,46604.16,6223.0,1,1488.08
892.0,,520,313,19.0,26,1.0,1.0,78318.0,64208.0,31.0,54039.42,14110.0,0,
1598.0,,586,12,76.0,7,8.0,1.0,147332.0,111600.0,31.0,101659.07999999999,35732.0,1,1823.59
611.0,,565,268,52.0,6,17.0,1.0,49804.0,37949.0,30.0,34862.799999999996,11855.0,0,835.03
1028.0,20220317.0,222,70,72.0,15,10.0,1.0,139157.0,113473.0,32.0,94626.76,25684.0,0,4838.63
862.0,,255,248,84.0,29,9.0,1.0,43659.0,33386.0,9.0,39729.69,10273.0,0,729.7
40.0,,2,521,83.0,28,10.0,1.0,116181.0,90967.0,14.0,99915.66,25214.0,1,1831.44
1336.0,,559,584,14.0,15,14.0,1.0,21817.0,19312.0,7.0,20289.809999999998,2505.0,1,318.62
1387.0,,844,22,65.0,21,19.0,1.0,1000.0,87840.0,19.0,810.0,-86840.0,0,
180.0,,745,187,8.0,29,2.0,1.0,41796.0,34402.0,25.0,31347.0,7394.0,1,705.73
525.0,,760,266,22.0,26,12.0,1.0,50481.0,39619.0,7.0,46947.329999999994,10862.0,0,751.64
556.0,,660,540,62.0,10,13.0,1.0,117378.0,91586.0,35.0,76295.7,25792.0,0,3707.94
266.0,,485,83,18.0,20,6.0,1.0,1000.0,38294.0,29.0,710.0,-37294.0,1,1270.67
1086.0,,650,525,77.0,34,7.0,1.0,28719.0,21457.0,4.0,27570.239999999998,7262.0,0,247.27
520.0,,506,221,72.0,2,8.0,1.0,86652.0,63903.0,24.0,65855.52,22749.0,0,1690.56
364.0,,294,113,70.0,34,5.0,1.0,63142.0,53389.0,13.0,54933.54,9753.0,0,1334.46
1213.0,,900,424,35.0,15,7.0,1.0,1000.0,36631.0,2.0,980.0,-35631.0,0,415.94
262.0,,711,357,68.0,33,16.0,1.0,103901.0,74958.0,6.0,97666.93999999999,28943.0,1,2726.49
439.0,20240312.0,899,299,87.0,26,2.0,1.0,1000.0,30619.0,30.0,700.0,-29619.0,0,1193.93
99.0,,667,446,57.0,23,9.0,1.0,125896.0,99908.0,9.0,114565.36,25988.0,0,1950.48
683.0,,833,400,57.0,4,2.0,1.0,1000.0,44699.0,19.0,810.0,-43699.0,1,940.43
1288.0,20221203.0,214,360,42.0,34,17.0,1.0,126605.0,118695.0,8.0,116476.6,7910.0,1,3006.41
1208.0,,199,207,28.0,34,7.0,1.0,134200.0,97172.0,25.0,100650.0,37028.0,0,2066.38
1504.0,,376,472,45.0,34,7.0,1.0,28971.0,23542.0,29.0,20569.41,5429.0,0,749.81
188.0,,373,409,15.0,23,17.0,1.0,117820.0,93422.0,19.0,95434.20000000001,24398.0,0,1926.47
733.0,,478,390,97.0,4,14.0,1.0,145473.0,118681.0,11.0,129470.97,26792.0,0,4622.58
1592.0,,511,65,19.0,2,9.0,1.0,64800.0,47441.0,32.0,44063.99999999999,17359.0,1,1281.94
1154.0,,875,143,80.0,18,8.0,1.0,60025.0,45239.0,28.0,43218.0,14786.0,1,995.81
508.0,,143,419,40.0,9,4.0,1.0,63042.0,49421.0,10.0,56737.8,13621.0,0,1343.95
326.0,20210919.0,288,507,83.0,10,6.0,1.0,87112.0,77438.0,7.0,81014.15999999999,9674.0,1,2325.28
1523.0,,321,552,45.0,28,17.0,1.0,121037.0,89052.0,20.0,96829.6,31985.0,1,2898.01
1002.0,,352,427,69.0,15,15.0,1.0,71207.0,59877.0,2.0,69782.86,11330.0,1,1064.75
1593.0,,619,434,86.0,25,7.0,1.0,102304.0,82787.0,30.0,71612.79999999999,19517.0,0,3570.75
49.0,,380,347,29.0,15,17.0,1.0,80792.0,58365.0,3.0,78368.23999999999,22427.0,0,
671.0,,19,19,76.0,11,18.0,1.0,37960.0,30551.0,8.0,34923.200000000004,7409.0,1,1070.51
1372.0,,427,389,95.0,8,6.0,1.0,22623.0,17399.0,17.0,18777.09,5224.0,1,489.43
319.0,,427,86,17.0,33,9.0,1.0,146624.0,118065.0,32.0,99704.31999999999,28559.0,1,4190.15
995.0,,728,351,5.0,3,8.0,1.0,1000.0,114287.0,34.0,659.9999999999999,-113287.0,1,1716.26
1357.0,,718,522,29.0,3,1.0,1.0,1000.0,80029.0,2.0,980.0,-79029.0,1,1186.99
1667.0,,705,246,63.0,23,2.0,1.0,139080.0,116267.0,25.0,104310.0,22813.0,1,2080.07
337.0,,857,284,80.0,3,9.0,1.0,1000.0,91154.0,31.0,690.0,-90154.0,0,3406.47
963.0,,75,73,74.0,33,2.0,1.0,105482.0,85510.0,13.0,91769.34,19972.0,0,3454.17
457.0,,168,143,58.0,33,15.0,1.0,1000.0,117909.0,35.0,650.0,-116909.0,1,
399.0,,730,524,90.0,24,7.0,1.0,16883.0,15429.0,31.0,11649.269999999999,1454.0,1,217.23
1751.0,,540,402,73.0,24,18.0,1.0,162371.0,119894.0,19.0,131520.51,42477.0,1,
384.0,,521,87,45.0,22,3.0,1.0,27193.0,20575.0,7.0,25289.489999999998,6618.0,0,488.85
1984.0,,319,364,70.0,16,9.0,1.0,65231.0,56449.0,29.0,46314.009999999995,8782.0,1,1816.52
1713.0,20240619.0,191,67,97.0,4,18.0,1.0,25956.0,21605.0,5.0,24658.199999999997,4351.0,1,401.17
1635.0,,668,505,8.0,28,9.0,1.0,86329.0,70505.0,4.0,82875.84,15824.0,0,968.15
232.0,,722,124,19.0,17,2.0,1.0,136180.0,105254.0,35.0,88517.0,30926.0,1,2557.82
278.0,,415,40,71.0,28,6.0,1.0,1000.0,37769.0,22.0,780.0,-36769.0,0,1569.19
563.0,20220729.0,776,98,65.0,6,13.0,1.0,1000.0,48512.0,26.0,740.0,-47512.0,0,1791.23
1582.0,,436,7,93.0,12,11.0,1.0,45559.0,35636.0,22.0,35536.020000000004,9923.0,1,880.63
792.0,,261,456,54.0,2,19.0,1.0,1000.0,90404.0,23.0,770.0,-89404.0,0,2427.41
833.0,,52,74,67.0,16,1.0,1.0,1000.0,97870.0,34.0,659.9999999999999,-96870.0,0,1232.07
1005.0,,87,165,100.0,25,16.0,1.0,141621.0,111312.0,30.0,99134.7,30309.0,1,2549.12
1404.0,,732,498,10.0,18,6.0,1.0,1000.0,70327.0,10.0,900.0,-69327.0,0,733.57
1843.0,,182,301,4.0,21,4.0,1.0,128907.0,96473.0,21.0,101836.53,32434.0,1,1404.17
509.0,20240226.0,748,175,7.0,27,20.0,1.0,34366.0,30596.0,34.0,22681.559999999998,3770.0,0,554.42
1993.0,,443,298,22.0,15,2.0,1.0,1000.0,91790.0,29.0,710.0,-90790.0,1,3061.4
1995.0,,113,117,2.0,26,5.0,1.0,44898.0,35046.0,3.0,43551.06,9852.0,1,838.68
1583.0,,124,19,42.0,4,15.0,1.0,1000.0,103228.0,29.0,710.0,-102228.0,0,2083.31
1301.0,,263,117,25.0,3,8.0,1.0,1000.0,90051.0,9.0,910.0,-89051.0,0,1122.4
407.0,,390,516,39.0,7,18.0,1.0,111582.0,95877.0,19.0,90381.42000000001,15705.0,1,
1822.0,,128,319,95.0,27,4.0,1.0,107978.0,86232.0,19.0,87462.18000000001,21746.0,1,2599.02
536.0,,347,597,95.0,5,10.0,1.0,104834.0,82312.0,21.0,82818.86,22522.0,1,1656.74
1677.0,20210903.0,205,582,80.0,4,12.0,1.0,29340.0,24867.0,18.0,24058.800000000003,4473.0,0,563.38
1492.0,,203,441,63.0,31,4.0,1.0,1000.0,56391.0,28.0,720.0,-55391.0,0,1186.9
1897.0,,119,34,60.0,28,5.0,1.0,34659.0,31602.0,18.0,28420.38,3057.0,1,378.24
339.0,20200521.0,191,596,48.0,12,19.0,1.0,69845.0,63099.0,19.0,56574.450000000004,6746.0,1,1256.94
1489.0,20220115.0,563,352,69.0,8,7.0,1.0,55395.0,45990.0,2.0,54287.1,9405.0,1,1901.16
496.0,,873,306,76.0,12,14.0,1.0,70649.0,51208.0,31.0,48747.81,19441.0,1,678.89
167.0,,503,92,93.0,32,16.0,1.0,39117.0,34634.0,28.0,28164.239999999998,4483.0,0,770.52
1706.0,20240506.0,497,23,46.0,17,2.0,1.0,1000.0,61425.0,16.0,840.0,-60425.0,0,1741.66
179.0,,601,371,77.0,24,2.0,1.0,1000.0,17001.0,7.0,929.9999999999999,-16001.0,1,656.35
1990.0,,442,477,65.0,30,20.0,1.0,94234.0,85360.0,100.0,0.0,8874.0,0,2747.46
928.0,,56,386,61.0,13,13.0,1.0,71972.0,52602.0,18.0,59017.04,19370.0,0,2195.08
601.0,,463,456,7.0,30,19.0,1.0,115303.0,84057.0,3.0,111843.91,31246.0,1,3478.97
906.0,,497,381,35.0,1,3.0,1.0,83840.0,74647.0,3.0,81324.8,9193.0,1,1233.73
1609.0,20230327.0,75,244,6.0,32,10.0,1.0,116006.0,85863.0,33.0,77724.01999999999,30143.0,1,1914.51
1303.0,,22,494,48.0,16,11.0,1.0,64174.0,51810.0,27.0,46847.02,12364.0,1,1222.93
639.0,,674,356,80.0,11,5.0,1.0,96180.0,78296.0,13.0,83676.6,17884.0,0,2811.12
1459.0,20210704.0,226,283,44.0,19,5.0,1.0,117038.0,96029.0,5.0,111186.09999999999,21009.0,1,3572.34
254.0,,172,515,89.0,33,7.0,1.0,21664.0,17527.0,9.0,19714.24,4137.0,1,
351.0,,59,286,12.0,21,19.0,1.0,1000.0,44205.0,12.0,880.0,-43205.0,1,1669.87
857.0,,643,438,64.0,24,15.0,1.0,47117.0,42545.0,18.0,38635.94,4572.0,1,1354.65
965.0,,438,583,1.0,28,8.0,1.0,24012.0,17854.0,10.0,21610.8,6158.0,0,551.73
255.0,,805,578,80.0,3,19.0,1.0,25580.0,23241.0,0.0,25580.0,2339.0,0,833.5
247.0,,765,80,96.0,8,19.0,1.0,63210.0,50015.0,16.0,53096.4,13195.0,1,644.31
1782.0,,604,291,85.0,34,6.0,1.0,48143.0,43274.0,20.0,38514.4,4869.0,0,582.9
478.0,,432,232,89.0,20,16.0,1.0,99296.0,83800.0,19.0,80429.76000000001,15496.0,1,3071.05
703.0,,645,451,29.0,34,7.0,1.0,1000.0,108922.0,14.0,860.0,-107922.0,0,2383.34
469.0,,289,465,67.0,11,7.0,1.0,39681.0,34267.0,10.0,35712.9,5414.0,0,1241.7
1884.0,,416,523,7.0,25,13.0,1.0,1000.0,41146.0,26.0,740.0,-40146.0,1,1448.66
398.0,,896,162,47.0,17,20.0,1.0,117310.0,102286.0,11.0,104405.90000000001,15024.0,1,1710.11
432.0,,244,451,30.0,19,8.0,1.0,85325.0,67133.0,13.0,74232.75,18192.0,0,1850.4
915.0,,710,512,97.0,13,3.0,1.0,75195.0,70379.0,3.0,72939.15,4816.0,0,2622.11
198.0,,739,582,73.0,19,9.0,1.0,67576.0,57343.0,2.0,66224.48,10233.0,0,1154.65
434.0,,594,272,37.0,28,3.0,1.0,30132.0,23283.0,6.0,28324.079999999998,6849.0,1,255.3
544.0,,457,448,61.0,33,9.0,1.0,32659.0,23709.0,32.0,22208.12,8950.0,1,945.79
1136.0,,419,190,31.0,3,19.0,1.0,88433.0,79115.0,0.0,88433.0,9318.0,0,2935.38
493.0,,483,390,27.0,16,14.0,1.0,52793.0,48843.0,18.0,43290.26,3950.0,0,1384.14
1883.0,,133,522,50.0,9,13.0,1.0,1000.0,16923.0,100.0,0.0,-15923.0,1,206.12
380.0,,120,205,4.0,1,6.0,1.0,100087.0,72859.0,33.0,67058.29,27228.0,0,2732.92
498.0,,770,541,14.0,7,20.0,0.0,107495.0,96418.0,14.0,92445.7,11077.0,0,900.52
203.0,,786,475,66.0,24,15.0,1.0,21871.0,18481.0,6.0,20558.739999999998,3390.0,0,553.92
780.0,,825,45,68.0,15,1.0,1.0,1000.0,55818.0,10.0,900.0,-54818.0,1,1018.85
90.0,20200523.0,693,416,45.0,8,13.0,1.0,109573.0,88154.0,18.0,89849.86,21419.0,1,2055.67
367.0,,330,58,28.0,22,9.0,1.0,105139.0,93575.0,27.0,76751.47,11564.0,0,1509.93
139.0,20201111.0,328,266,93.0,3,6.0,1.0,1000.0,52650.0,27.0,730.0,-51650.0,0,
1749.0,20201114.0,598,357,90.0,18,14.0,1.0,30861.0,28408.0,30.0,21602.699999999997,2453.0,1,900.65
1606.0,,672,465,70.0,32,10.0,1.0,88435.0,83770.0,24.0,67210.6,4665.0,0,2959.67
1708.0,,703,69,35.0,16,7.0,1.0,1000.0,88144.0,25.0,750.0,-87144.0,0,3487.6
1337.0,,163,598,64.0,8,4.0,1.0,109096.0,100607.0,14.0,93822.56,8489.0,1,3711.41
1999.0,,208,240,12.0,23,1.0,1.0,26932.0,19845.0,0.0,26932.0,7087.0,0,316.46
1343.0,,359,225,63.0,16,11.0,1.0,1000.0,73338.0,2.0,980.0,-72338.0,1,3246.9
336.0,,763,515,17.0,20,15.0,1.0,108266.0,77465.0,2.0,106100.68,30801.0,0,2502.19
1518.0,,680,304,57.0,26,11.0,1.0,44834.0,40974.0,9.0,40798.94,3860.0,0,1131.96
1788.0,,395,472,36.0,13,7.0,1.0,1000.0,15477.0,10.0,900.0,-14477.0,0,553.56
169.0,20201211.0,588,411,93.0,1,17.0,1.0,112045.0,91043.0,29.0,79551.95,21002.0,1,
130.0,,522,347,72.0,17,5.0,1.0,143430.0,106751.0,2.0,140561.4,36679.0,0,2286.59
822.0,,681,334,59.0,29,5.0,1.0,121440.0,110144.0,23.0,93508.8,11296.0,0,3329.59
788.0,,210,268,51.0,7,8.0,1.0,74919.0,60261.0,2.0,73420.62,14658.0,0,1413.02
87.0,,56,539,43.0,14,16.0,1.0,1000.0,70510.0,4.0,960.0,-69510.0,0,1299.86
1184.0,,386,5,28.0,31,18.0,1.0,1000.0,117680.0,24.0,760.0,-116680.0,0,
661.0,,439,502,99.0,2,20.0,1.0,45591.0,34906.0,3.0,44223.27,10685.0,0,595.01
1286.0,,243,303,36.0,14,19.0,1.0,90456.0,80643.0,26.0,66937.44,9813.0,0,2517.33
356.0,,409,361,7.0,19,2.0,1.0,97058.0,91227.0,31.0,66970.01999999999,5831.0,0,2783.33
361.0,,47,86,95.0,26,2.0,1.0,30496.0,23858.0,35.0,19822.4,6638.0,1,738.21
1892.0,,224,35,17.0,2,17.0,1.0,38461.0,29134.0,13.0,33461.07,9327.0,0,664.75
1106.0,,264,167,85.0,27,9.0,1.0,43872.0,38466.0,16.0,36852.479999999996,5406.0,0,1468.98
838.0,,453,107,86.0,33,8.0,1.0,1000.0,46458.0,19.0,810.0,-45458.0,1,1042.13
586.0,,395,475,76.0,26,10.0,1.0,90546.0,69692.0,17.0,75153.18,20854.0,0,
638.0,,83,553,48.0,17,7.0,1.0,39549.0,35222.0,8.0,36385.08,4327.0,0,859.16
1210.0,,279,484,26.0,17,19.0,1.0,1000.0,78461.0,24.0,760.0,-77461.0,0,3148.22
102.0,,42,503,49.0,2,18.0,1.0,102221.0,94005.0,3.0,99154.37,8216.0,0,1105.19
958.0,,182,583,6.0,26,3.0,0.0,66417.0,48558.0,7.0,61767.81,17859.0,1,879.81
116.0,,705,28,70.0,8,5.0,1.0,,34947.0,21.0,,,1,787.42
80.0,20241009.0,682,444,36.0,31,18.0,1.0,1000.0,17260.0,35.0,650.0,-16260.0,1,549.79
1175.0,,756,405,80.0,15,9.0,1.0,1000.0,71069.0,17.0,830.0,-70069.0,0,1804.25
1960.0,,309,146,28.0,28,4.0,1.0,42918.0,37517.0,8.0,39484.560000000005,5401.0,0,1297.9
1763.0,,676,589,19.0,25,18.0,1.0,37335.0,35238.0,4.0,35841.6,2097.0,1,1269.93
129.0,,366,395,34.0,3,11.0,1.0,104490.0,91648.0,30.0,73143.0,12842.0,1,3052.21
885.0,,695,356,82.0,25,19.0,1.0,123460.0,116852.0,22.0,96298.8,6608.0,0,
303.0,,605,245,71.0,28,14.0,1.0,87431.0,76993.0,24.0,66447.56,10438.0,1,
240.0,,76,211,33.0,30,3.0,1.0,136847.0,99844.0,26.0,101266.78,37003.0,0,
864.0,,886,341,81.0,28,6.0,1.0,65771.0,50965.0,6.0,61824.74,14806.0,1,1464.43
1339.0,,759,550,13.0,4,11.0,1.0,1000.0,108516.0,16.0,840.0,-107516.0,0,963.62
43.0,,133,210,1.0,3,2.0,1.0,66649.0,54139.0,32.0,45321.31999999999,12510.0,1,855.16
856.0,,397,374,2.0,28,16.0,1.0,37759.0,27693.0,6.0,35493.46,10066.0,1,1138.48
197.0,,228,186,50.0,16,10.0,1.0,1000.0,26008.0,24.0,760.0,-25008.0,1,
870.0,,31,533,74.0,29,1.0,1.0,74677.0,59766.0,7.0,69449.61,14911.0,0,2029.51
1050.0,,72,171,77.0,4,14.0,1.0,102391.0,81495.0,14.0,88056.26,20896.0,0,
684.0,,559,396,54.0,16,3.0,1.0,101507.0,90534.0,23.0,78160.39,10973.0,0,1489.29
190.0,,571,98,78.0,29,16.0,1.0,23572.0,18104.0,9.0,21450.52,5468.0,1,319.72
637.0,20200824.0,633,341,75.0,19,12.0,1.0,,78796.0,24.0,,,0,1776.73
1908.0,,752,341,67.0,10,8.0,1.0,52048.0,41789.0,25.0,39036.0,10259.0,1,
137.0,,683,413,28.0,33,1.0,1.0,1000.0,43426.0,15.0,850.0,-42426.0,1,1559.04
1639.0,,510,209,79.0,8,1.0,1.0,1000.0,92888.0,24.0,760.0,-91888.0,1,2674.22
771.0,,383,243,84.0,29,18.0,1.0,57422.0,51683.0,31.0,39621.18,5739.0,1,888.6
529.0,,728,395,45.0,35,19.0,1.0,101860.0,77898.0,8.0,93711.2,23962.0,1,3407.41
932.0,,485,279,33.0,12,5.0,1.0,97308.0,75414.0,14.0,83684.88,21894.0,1,999.96
656.0,,56,385,27.0,5,16.0,1.0,46104.0,40435.0,18.0,37805.280000000006,5669.0,0,823.25
1217.0,,241,498,74.0,11,5.0,1.0,52479.0,46629.0,22.0,40933.62,5850.0,1,760.65
1743.0,,171,52,85.0,1,12.0,1.0,120628.0,94086.0,18.0,98914.96,26542.0,0,2192.61
433.0,,637,361,100.0,28,16.0,1.0,65300.0,46651.0,3.0,63341.0,18649.0,0,
1130.0,,854,546,24.0,28,14.0,1.0,55341.0,44854.0,24.0,42059.16,10487.0,0,
1634.0,,416,95,14.0,13,20.0,1.0,35552.0,25559.0,17.0,29508.16,9993.0,1,400.5
507.0,,649,253,53.0,32,9.0,1.0,62202.0,47952.0,24.0,47273.520000000004,14250.0,1,1686.67
284.0,,667,177,61.0,16,19.0,1.0,1000.0,71309.0,24.0,760.0,-70309.0,1,1734.62
820.0,,206,338,49.0,27,19.0,1.0,28559.0,20732.0,22.0,22276.02,7827.0,1,423.9
1271.0,,394,579,87.0,21,5.0,1.0,1000.0,83064.0,17.0,830.0,-82064.0,1,3113.65
286.0,,371,557,12.0,32,16.0,1.0,70570.0,52668.0,27.0,51516.1,17902.0,1,1647.48
1147.0,,791,477,4.0,10,11.0,1.0,111824.0,80705.0,22.0,87222.72,31119.0,1,2835.72
847.0,,697,20,62.0,11,15.0,1.0,19066.0,16829.0,18.0,15634.12,2237.0,0,588.59
1109.0,,200,411,97.0,25,4.0,1.0,28042.0,24437.0,15.0,23835.7,3605.0,1,819.18
548.0,,275,179,29.0,33,13.0,1.0,121217.0,105160.0,35.0,78791.05,16057.0,1,1558.53
1900.0,,233,343,58.0,16,10.0,1.0,88925.0,83516.0,31.0,61358.24999999999,5409.0,0,2737.27
1246.0,,551,389,88.0,19,14.0,1.0,147144.0,107164.0,16.0,123600.95999999999,39980.0,0,4513.84
515.0,,346,57,79.0,3,12.0,1.0,56134.0,40827.0,32.0,38171.119999999995,15307.0,1,1535.1
280.0,,430,476,98.0,25,9.0,1.0,80319.0,59314.0,15.0,68271.15,21005.0,0,876.27
1272.0,,157,594,9.0,2,15.0,1.0,118173.0,96260.0,31.0,81539.37,21913.0,0,3062.55
1318.0,,526,78,91.0,11,9.0,1.0,26255.0,19999.0,9.0,23892.05,6256.0,0,553.33
759.0,,708,580,98.0,14,10.0,1.0,60044.0,55993.0,6.0,56441.35999999999,4051.0,1,1244.24
791.0,,71,242,58.0,2,3.0,1.0,136182.0,106096.0,32.0,92603.76,30086.0,0,3943.36
1865.0,,98,256,90.0,13,7.0,1.0,140416.0,100609.0,14.0,120757.76,39807.0,1,
739.0,,821,431,73.0,7,18.0,1.0,137558.0,118638.0,12.0,121051.04,18920.0,0,2022.55
426.0,,214,194,88.0,21,3.0,1.0,87656.0,78184.0,34.0,57852.95999999999,9472.0,0,
1156.0,,733,363,73.0,21,12.0,1.0,49720.0,40565.0,6.0,46736.799999999996,9155.0,0,470.28
176.0,,211,272,11.0,17,12.0,1.0,18589.0,16889.0,10.0,16730.100000000002,1700.0,1,
106.0,,667,534,31.0,17,15.0,1.0,1000.0,47915.0,26.0,740.0,-46915.0,1,1399.38
219.0,,350,306,22.0,18,2.0,1.0,76521.0,55791.0,3.0,74225.37,20730.0,1,1650.49
578.0,,398,204,22.0,11,20.0,1.0,105242.0,96658.0,5.0,99979.9,8584.0,1,
1365.0,,416,392,19.0,14,14.0,1.0,142123.0,104782.0,21.0,112277.17,37341.0,0,3758.41
1915.0,,191,180,20.0,34,10.0,1.0,1000.0,70829.0,16.0,840.0,-69829.0,1,
713.0,20230618.0,881,80,91.0,33,6.0,1.0,1000.0,94630.0,11.0,890.0,-93630.0,1,
193.0,,266,475,61.0,7,13.0,1.0,45784.0,41244.0,0.0,45784.0,4540.0,1,741.99
1468.0,,70,486,33.0,35,17.0,1.0,111783.0,82621.0,30.0,78248.09999999999,29162.0,0,1924.86
1530.0,,193,238,27.0,25,18.0,1.0,112902.0,86699.0,10.0,101611.8,26203.0,0,2876.96
1195.0,,398,495,56.0,32,9.0,1.0,36868.0,32063.0,26.0,27282.32,4805.0,1,862.25
1409.0,,293,241,95.0,5,6.0,1.0,1000.0,38440.0,18.0,820.0000000000001,-37440.0,0,958.43
413.0,,532,533,98.0,28,2.0,1.0,25090.0,22128.0,20.0,20072.0,2962.0,0,612.17
1747.0,,601,400,9.0,29,16.0,1.0,70776.0,66551.0,18.0,58036.32000000001,4225.0,0,1909.13
408.0,,749,292,11.0,34,17.0,1.0,99900.0,75108.0,25.0,74925.0,24792.0,1,937.92
903.0,,869,552,47.0,21,8.0,1.0,1000.0,64974.0,14.0,860.0,-63974.0,0,1023.33
115.0,,505,476,76.0,31,15.0,1.0,47958.0,39012.0,21.0,37886.82,8946.0,0,
1813.0,,471,242,41.0,22,16.0,1.0,100117.0,90845.0,33.0,67078.39,9272.0,1,
584.0,,130,403,96.0,15,6.0,1.0,29388.0,24489.0,17.0,24392.039999999997,4899.0,1,946.19
5.0,20200111.0,605,530,77.0,17,16.0,1.0,54324.0,40448.0,27.0,39656.52,13876.0,1,1098.71
1016.0,,771,119,46.0,15,16.0,1.0,1000.0,15116.0,31.0,690.0,-14116.0,1,399.31
517.0,,856,316,5.0,31,7.0,0.0,100257.0,90585.0,22.0,78200.46,9672.0,1,1566.66
1910.0,,674,571,28.0,23,13.0,1.0,48461.0,38103.0,11.0,43130.29,10358.0,0,1017.86
1648.0,,176,38,96.0,26,18.0,1.0,113992.0,95925.0,16.0,95753.28,18067.0,0,3204.11
1861.0,,536,507,55.0,9,1.0,1.0,130657.0,115202.0,5.0,124124.15,15455.0,1,1930.19
1808.0,,612,73,48.0,22,7.0,1.0,107722.0,89935.0,16.0,90486.48,17787.0,1,1205.36
1199.0,,785,585,6.0,8,8.0,1.0,19239.0,16871.0,9.0,17507.49,2368.0,1,386.41
1872.0,,672,83,42.0,30,7.0,1.0,66486.0,52124.0,33.0,44545.619999999995,14362.0,0,2036.21
1135.0,,297,247,16.0,1,3.0,1.0,1000.0,15777.0,35.0,650.0,-14777.0,0,268.94
829.0,,287,365,10.0,14,13.0,1.0,1000.0,57224.0,3.0,970.0,-56224.0,0,1096.89
50.0,,655,112,2.0,5,12.0,1.0,44679.0,36657.0,11.0,39764.31,8022.0,0,1019.89
101.0,,486,232,56.0,12,12.0,1.0,17900.0,16518.0,21.0,14141.0,1382.0,1,319.26
307.0,,664,498,21.0,16,3.0,1.0,1000.0,53557.0,9.0,910.0,-52557.0,1,1476.51
487.0,20240815.0,316,263,96.0,14,11.0,1.0,1000.0,93764.0,16.0,840.0,-92764.0,1,
1620.0,,763,439,70.0,14,3.0,1.0,1000.0,19752.0,11.0,890.0,-18752.0,1,712.46
709.0,,651,53,1.0,22,3.0,1.0,75891.0,66352.0,8.0,69819.72,9539.0,1,2389.22
1422.0,,798,157,77.0,22,4.0,1.0,110529.0,103748.0,10.0,99476.1,6781.0,0,1356.92
782.0,,481,469,44.0,7,5.0,1.0,162320.0,119893.0,33.0,108754.4,42427.0,1,5578.21
1595.0,,624,559,53.0,9,20.0,1.0,23691.0,22162.0,3.0,22980.27,1529.0,1,236.9
1080.0,,174,314,63.0,24,17.0,1.0,64022.0,51722.0,33.0,42894.74,12300.0,1,
1859.0,,680,232,56.0,23,8.0,1.0,1000.0,49643.0,0.0,1000.0,-48643.0,1,1250.44
720.0,,253,126,58.0,22,6.0,1.0,1000.0,31955.0,35.0,650.0,-30955.0,1,1278.92
1045.0,,772,510,57.0,22,2.0,1.0,1000.0,57765.0,27.0,730.0,-56765.0,0,1660.4
1597.0,,542,507,41.0,33,6.0,1.0,1000.0,87678.0,6.0,940.0,-86678.0,0,1985.28
935.0,,388,22,87.0,2,6.0,1.0,21069.0,18422.0,15.0,17908.649999999998,2647.0,1,202.18
1640.0,,139,375,42.0,17,17.0,1.0,83440.0,72197.0,24.0,63414.4,11243.0,1,1208.94
1445.0,,730,166,5.0,25,18.0,1.0,147611.0,118612.0,14.0,126945.45999999999,28999.0,0,
153.0,,15,5,67.0,34,10.0,0.0,48340.0,38999.0,5.0,45923.0,9341.0,1,1493.02
1636.0,20200901.0,105,456,5.0,20,18.0,1.0,1000.0,66647.0,30.0,700.0,-65647.0,0,901.55
1668.0,,313,547,69.0,29,16.0,1.0,47738.0,37493.0,19.0,38667.780000000006,10245.0,0,1330.04
1944.0,,292,8,1.0,24,11.0,1.0,1000.0,110079.0,2.0,980.0,-109079.0,0,2664.3
162.0,,165,528,3.0,35,8.0,1.0,68559.0,60062.0,19.0,55532.79,8497.0,1,1797.63
394.0,,218,442,97.0,24,11.0,1.0,80353.0,57799.0,25.0,60264.75,22554.0,0,1109.79
1226.0,,81,493,56.0,13,18.0,1.0,26921.0,19929.0,27.0,19652.329999999998,6992.0,0,591.48
141.0,,152,38,41.0,6,15.0,1.0,103529.0,97625.0,25.0,77646.75,5904.0,0,2885.01
528.0,,510,481,33.0,16,4.0,1.0,60875.0,48441.0,33.0,40786.24999999999,12434.0,1,2064.79
172.0,,663,576,56.0,5,1.0,1.0,55217.0,42289.0,15.0,46934.45,12928.0,0,996.59
160.0,20200911.0,47,355,79.0,12,8.0,1.0,1000.0,89298.0,35.0,650.0,-88298.0,0,2618.61
695.0,,462,297,72.0,21,4.0,1.0,61302.0,48773.0,20.0,49041.600000000006,12529.0,0,1069.14
1849.0,20220728.0,241,173,8.0,35,15.0,1.0,41242.0,31400.0,27.0,30106.66,9842.0,0,
837.0,,881,238,65.0,21,10.0,1.0,22572.0,17830.0,9.0,20540.52,4742.0,0,614.49
890.0,20210614.0,249,357,13.0,31,3.0,1.0,128336.0,94234.0,24.0,97535.36,34102.0,1,1495.56
1327.0,,760,80,5.0,13,1.0,1.0,122044.0,98879.0,20.0,97635.20000000001,23165.0,0,2884.08
276.0,,216,521,81.0,10,17.0,1.0,103944.0,87680.0,5.0,98746.79999999999,16264.0,0,2658.27
504.0,,432,521,96.0,5,5.0,1.0,1000.0,24526.0,31.0,690.0,-23526.0,0,473.68
972.0,,105,45,99.0,23,20.0,1.0,47286.0,44947.0,0.0,47286.0,2339.0,1,912.07
841.0,,51,255,26.0,17,14.0,1.0,84431.0,60785.0,24.0,64167.56,23646.0,0,2560.99
1054.0,,448,212,24.0,27,20.0,1.0,118103.0,98235.0,31.0,81491.06999999999,19868.0,1,2497.02
27.0,,177,155,66.0,27,7.0,1.0,73124.0,67517.0,6.0,68736.56,5607.0,0,1698.53
1923.0,20200925.0,649,388,13.0,27,10.0,1.0,1000.0,91658.0,23.0,770.0,-90658.0,1,2658.43
1473.0,,386,573,57.0,5,6.0,1.0,1000.0,102273.0,30.0,700.0,-101273.0,1,1245.01
1060.0,,160,433,95.0,1,16.0,1.0,77574.0,62352.0,16.0,65162.159999999996,15222.0,0,1597.5
1561.0,,376,198,42.0,2,14.0,1.0,1000.0,17960.0,16.0,840.0,-16960.0,1,555.62
216.0,,486,580,91.0,10,3.0,1.0,99701.0,89632.0,0.0,99701.0,10069.0,1,1574.8
128.0,,357,501,19.0,23,17.0,1.0,134801.0,114621.0,9.0,122668.91,20180.0,1,1650.93
1814.0,,713,257,37.0,27,11.0,0.0,31213.0,23443.0,35.0,20288.45,7770.0,0,653.76
1979.0,,358,520,45.0,25,3.0,1.0,35231.0,26446.0,6.0,33117.14,8785.0,1,1229.77
1548.0,,472,133,47.0,33,7.0,1.0,30182.0,23941.0,29.0,21429.219999999998,6241.0,1,458.46
256.0,,83,505,66.0,26,3.0,1.0,1000.0,83834.0,9.0,910.0,-82834.0,1,2323.55
424.0,,666,23,14.0,5,6.0,1.0,36168.0,26682.0,19.0,29296.08,9486.0,1,754.19
962.0,,621,78,56.0,15,20.0,1.0,1000.0,75171.0,2.0,980.0,-74171.0,1,952.86
224.0,20220505.0,207,365,79.0,15,3.0,1.0,1000.0,85915.0,32.0,679.9999999999999,-84915.0,1,2111.45
842.0,,29,106,51.0,16,7.0,1.0,49606.0,37560.0,19.0,40180.86,12046.0,1,
860.0,,666,224,95.0,34,1.0,1.0,,46677.0,13.0,,,0,
1587.0,,367,2,26.0,9,11.0,1.0,112963.0,89997.0,0.0,112963.0,22966.0,0,2862.13
1637.0,,123,446,45.0,24,14.0,1.0,,49762.0,8.0,,,0,1157.1
3.0,,701,244,29.0,9,2.0,1.0,1000.0,57202.0,28.0,720.0,-56202.0,0,
1360.0,,9,506,60.0,18,3.0,1.0,1000.0,29052.0,100.0,0.0,-28052.0,1,1067.96
1899.0,,734,10,25.0,10,7.0,1.0,125187.0,106735.0,10.0,112668.3,18452.0,1,3083.07
592.0,20240922.0,559,206,1.0,5,4.0,1.0,1000.0,50837.0,2.0,980.0,-49837.0,1,1465.92
1700.0,,758,275,19.0,14,12.0,1.0,21675.0,17248.0,17.0,17990.25,4427.0,1,655.8
103.0,,70,425,52.0,1,6.0,1.0,100871.0,75218.0,35.0,65566.15000000001,25653.0,1,2872.76
22.0,,665,260,10.0,11,7.0,1.0,1000.0,28068.0,25.0,750.0,-27068.0,1,1236.94
127.0,,570,415,33.0,10,7.0,1.0,92667.0,80634.0,35.0,60233.55,12033.0,1,2675.33
744.0,,229,81,53.0,21,19.0,1.0,1000.0,76505.0,12.0,880.0,-75505.0,1,2287.28
220.0,,605,324,64.0,28,7.0,1.0,143263.0,112204.0,6.0,134667.22,31059.0,0,3935.91
1554.0,20200512.0,114,536,8.0,15,3.0,1.0,64758.0,61282.0,16.0,54396.72,3476.0,0,608.2
1684.0,20240214.0,50,594,83.0,12,11.0,1.0,47921.0,42340.0,24.0,36419.96,5581.0,0,1205.49
1791.0,,737,137,38.0,8,7.0,1.0,116514.0,83338.0,15.0,99036.9,33176.0,0,2116.12
1506.0,,885,555,84.0,32,7.0,1.0,121360.0,92005.0,7.0,112864.79999999999,29355.0,1,1028.65
1878.0,,622,156,2.0,27,8.0,1.0,111009.0,104954.0,21.0,87697.11,6055.0,0,3168.85
1994.0,,859,525,1.0,4,16.0,1.0,64532.0,59850.0,29.0,45817.72,4682.0,1,1827.43
1233.0,,884,212,56.0,8,10.0,1.0,61292.0,54184.0,2.0,60066.159999999996,7108.0,1,1501.65
907.0,,492,600,93.0,18,15.0,1.0,1000.0,35337.0,10.0,900.0,-34337.0,0,1276.22
482.0,20240821.0,337,497,31.0,12,13.0,1.0,110321.0,80902.0,2.0,108114.58,29419.0,0,3368.18
1058.0,,375,469,4.0,32,4.0,1.0,148146.0,117394.0,26.0,109628.04,30752.0,1,2215.97
908.0,,45,86,25.0,9,7.0,1.0,,35839.0,4.0,,,0,
397.0,,699,600,72.0,9,13.0,1.0,105675.0,93183.0,21.0,83483.25,12492.0,1,
924.0,,754,11,68.0,6,6.0,1.0,159569.0,119537.0,27.0,116485.37,40032.0,0,4982.25
858.0,,731,531,31.0,21,16.0,1.0,1000.0,72130.0,28.0,720.0,-71130.0,0,1156.46
214.0,,722,582,14.0,9,18.0,1.0,150347.0,113522.0,31.0,103739.43,36825.0,0,4297.16
976.0,,360,341,47.0,33,10.0,1.0,28690.0,21245.0,4.0,27542.399999999998,7445.0,1,978.27
461.0,,312,434,100.0,19,20.0,1.0,49942.0,38137.0,27.0,36457.659999999996,11805.0,1,1654.02
1576.0,,369,299,63.0,16,1.0,1.0,137877.0,109564.0,14.0,118574.22,28313.0,1,1361.57
1068.0,,518,4,38.0,28,18.0,1.0,64220.0,51312.0,26.0,47522.8,12908.0,0,1499.3
1229.0,,655,202,85.0,10,11.0,1.0,26125.0,23756.0,25.0,19593.75,2369.0,0,462.1
607.0,,383,365,59.0,14,15.0,1.0,122285.0,88569.0,16.0,102719.4,33716.0,1,1331.04
1167.0,,79,240,14.0,12,2.0,1.0,,44776.0,33.0,,,0,2135.08
1840.0,,364,261,50.0,19,7.0,1.0,92582.0,71680.0,9.0,84249.62000000001,20902.0,0,2414.67
1495.0,,557,393,17.0,18,3.0,1.0,144481.0,117987.0,26.0,106915.94,26494.0,1,4969.14
827.0,,264,62,37.0,17,6.0,1.0,103292.0,84212.0,7.0,96061.56,19080.0,0,2390.82
808.0,,350,479,80.0,23,18.0,1.0,138073.0,106049.0,31.0,95270.37,32024.0,1,4174.69
914.0,,776,138,93.0,9,10.0,1.0,128167.0,100593.0,0.0,128167.0,27574.0,1,
821.0,,387,468,47.0,21,17.0,1.0,120799.0,89070.0,25.0,90599.25,31729.0,0,3454.89
359.0,20210414.0,581,160,71.0,18,10.0,1.0,1000.0,84266.0,32.0,679.9999999999999,-83266.0,1,1639.65
605.0,20201108.0,866,113,52.0,18,14.0,1.0,,37683.0,26.0,,,0,855.65
486.0,,21,42,38.0,18,19.0,1.0,31637.0,25375.0,27.0,23095.01,6262.0,0,944.69
1588.0,20200617.0,671,291,60.0,14,10.0,1.0,1000.0,24104.0,17.0,830.0,-23104.0,1,
1770.0,,618,537,28.0,8,2.0,1.0,1000.0,119278.0,24.0,760.0,-118278.0,0,4971.74
1297.0,,374,186,72.0,20,3.0,1.0,68860.0,59035.0,3.0,66794.2,9825.0,1,1647.96
1083.0,,461,479,35.0,3,2.0,1.0,74706.0,69646.0,24.0,56776.56,5060.0,0,2465.69
93.0,,398,405,86.0,26,11.0,1.0,82597.0,62441.0,28.0,59469.84,20156.0,0,2085.86
1725.0,,150,396,76.0,35,17.0,1.0,118129.0,84452.0,2.0,115766.42,33677.0,0,
1761.0,,179,190,36.0,4,9.0,1.0,42701.0,32240.0,30.0,29890.699999999997,10461.0,0,991.28
1091.0,,730,362,68.0,1,18.0,1.0,56692.0,44229.0,8.0,52156.64,12463.0,0,1632.78
1410.0,,466,66,33.0,10,5.0,1.0,1000.0,37354.0,29.0,710.0,-36354.0,1,
440.0,,795,420,59.0,29,9.0,1.0,84716.0,65850.0,25.0,63537.0,18866.0,0,2113.71
1090.0,,405,447,18.0,25,1.0,1.0,1000.0,109399.0,4.0,960.0,-108399.0,1,3045.7
615.0,,567,31,59.0,23,18.0,1.0,1000.0,26361.0,9.0,910.0,-25361.0,0,1107.86
1943.0,,311,461,31.0,24,20.0,1.0,31881.0,27087.0,17.0,26461.23,4794.0,0,986.96
716.0,,511,156,20.0,4,15.0,1.0,1000.0,17032.0,23.0,770.0,-16032.0,0,458.89
949.0,,542,147,10.0,20,14.0,1.0,1000.0,104681.0,0.0,1000.0,-103681.0,0,2987.95
360.0,,498,363,51.0,9,4.0,0.0,78151.0,63908.0,5.0,74243.45,14243.0,0,2055.61
17.0,,325,572,68.0,10,6.0,1.0,1000.0,79932.0,8.0,920.0,-78932.0,0,2737.97
694.0,,531,292,33.0,10,6.0,1.0,41451.0,36341.0,23.0,31917.27,5110.0,1,678.55
468.0,,9,314,34.0,34,9.0,1.0,125029.0,118401.0,29.0,88770.59,6628.0,1,1473.94
1314.0,,406,467,54.0,5,20.0,1.0,18037.0,16801.0,33.0,12084.789999999999,1236.0,0,479.31
1793.0,,604,100,45.0,15,17.0,1.0,1000.0,61752.0,26.0,740.0,-60752.0,0,2156.64
1110.0,,95,164,34.0,20,5.0,1.0,66073.0,51271.0,33.0,44268.909999999996,14802.0,0,1058.6
1550.0,20221227.0,462,357,80.0,35,8.0,1.0,1000.0,26751.0,20.0,800.0,-25751.0,0,
1656.0,,874,501,86.0,10,4.0,1.0,1000.0,21343.0,25.0,750.0,-20343.0,0,838.65
60.0,20221012.0,830,413,96.0,22,14.0,1.0,68533.0,52646.0,3.0,66477.01,15887.0,0,1174.45
916.0,,526,414,95.0,3,2.0,1.0,60327.0,49195.0,15.0,51277.95,11132.0,0,1337.71
1755.0,20200405.0,535,65,42.0,7,13.0,1.0,160623.0,119796.0,27.0,117254.79,40827.0,1,3788.23
1212.0,,150,588,32.0,1,20.0,1.0,32208.0,23727.0,29.0,22867.68,8481.0,1,749.98
647.0,,584,23,52.0,6,12.0,1.0,30728.0,25113.0,7.0,28577.039999999997,5615.0,0,1009.35
406.0,,265,587,84.0,23,13.0,1.0,33441.0,27694.0,10.0,30096.9,5747.0,0,614.44
1715.0,,391,445,51.0,16,16.0,1.0,1000.0,72627.0,7.0,929.9999999999999,-71627.0,1,1942.17
1382.0,,669,201,77.0,34,15.0,1.0,1000.0,101738.0,23.0,770.0,-100738.0,0,2554.81
454.0,,850,441,52.0,6,8.0,1.0,123890.0,90609.0,32.0,84245.2,33281.0,1,1641.58
253.0,,372,391,47.0,35,20.0,1.0,135190.0,105706.0,8.0,124374.8,29484.0,1,4066.0
1579.0,,163,134,56.0,29,4.0,1.0,40911.0,31421.0,12.0,36001.68,9490.0,1,420.98
378.0,,73,519,59.0,6,18.0,1.0,55090.0,43414.0,17.0,45724.7,11676.0,1,
619.0,,372,70,54.0,2,17.0,1.0,31339.0,23887.0,22.0,24444.420000000002,7452.0,1,255.59
781.0,,897,405,67.0,14,2.0,1.0,21021.0,16080.0,23.0,16186.17,4941.0,1,182.49
237.0,,232,168,33.0,4,15.0,1.0,133601.0,105971.0,11.0,118904.89,27630.0,0,2173.11
1313.0,,443,206,96.0,27,5.0,1.0,1000.0,26585.0,33.0,669.9999999999999,-25585.0,1,595.17
475.0,20210612.0,683,291,22.0,24,2.0,1.0,45000.0,38626.0,33.0,30149.999999999996,6374.0,0,
16.0,20200618.0,407,406,50.0,3,8.0,0.0,90217.0,65933.0,20.0,72173.6,24284.0,0,1133.52
712.0,,309,261,52.0,4,18.0,1.0,119161.0,92135.0,16.0,100095.23999999999,27026.0,1,1548.74
952.0,,684,418,67.0,27,18.0,1.0,110807.0,99366.0,31.0,76456.82999999999,11441.0,1,1037.48
1613.0,,803,10,58.0,9,19.0,1.0,1000.0,97409.0,25.0,750.0,-96409.0,1,2404.71
1418.0,,296,395,16.0,18,6.0,1.0,41703.0,38510.0,21.0,32945.37,3193.0,0,566.96
411.0,,533,79,26.0,25,5.0,1.0,81318.0,69799.0,7.0,75625.73999999999,11519.0,0,1270.31
1448.0,,381,592,55.0,21,15.0,1.0,152348.0,109373.0,28.0,109690.56,42975.0,0,4838.43
1707.0,,195,12,42.0,23,8.0,1.0,48392.0,39136.0,5.0,45972.4,9256.0,0,1461.75
803.0,,616,458,27.0,1,18.0,1.0,,16574.0,29.0,,,1,514.87
634.0,,701,181,4.0,20,16.0,1.0,1000.0,37246.0,8.0,920.0,-36246.0,1,1418.17
1449.0,,274,10,31.0,34,3.0,1.0,1000.0,92145.0,2.0,980.0,-91145.0,1,1112.57
774.0,,777,570,4.0,17,2.0,1.0,1000.0,99468.0,29.0,710.0,-98468.0,0,1197.08
51.0,,47,189,71.0,3,16.0,1.0,80790.0,63525.0,24.0,61400.4,17265.0,1,1673.89
531.0,,546,492,100.0,26,5.0,1.0,1000.0,66730.0,22.0,780.0,-65730.0,1,2679.56
1105.0,20241017.0,619,387,24.0,17,9.0,1.0,150009.0,114558.0,12.0,132007.92,35451.0,0,1770.95
766.0,,683,162,10.0,28,11.0,1.0,92139.0,72374.0,2.0,90296.22,19765.0,0,2528.06
45.0,20210927.0,158,15,16.0,28,9.0,1.0,87552.0,69852.0,35.0,56908.8,17700.0,0,1743.35
741.0,,472,387,30.0,9,16.0,1.0,128045.0,115771.0,21.0,101155.55,12274.0,1,4461.55
449.0,,786,568,56.0,32,12.0,1.0,107611.0,101042.0,10.0,96849.90000000001,6569.0,1,1164.19
889.0,,686,13,96.0,22,1.0,1.0,47311.0,38886.0,29.0,33590.81,8425.0,1,584.86
1906.0,,439,46,51.0,25,8.0,1.0,91588.0,70801.0,25.0,68691.0,20787.0,0,2991.69
124.0,,205,29,64.0,20,11.0,1.0,55460.0,52295.0,16.0,46586.4,3165.0,0,992.17
63.0,,328,71,29.0,24,7.0,1.0,1000.0,68018.0,100.0,0.0,-67018.0,0,1979.01
363.0,,470,186,28.0,4,5.0,1.0,70787.0,56192.0,18.0,58045.340000000004,14595.0,1,1487.68
1659.0,,605,459,5.0,4,16.0,0.0,112990.0,106226.0,4.0,108470.4,6764.0,1,1267.53
790.0,,393,251,18.0,35,4.0,1.0,115122.0,108957.0,21.0,90946.38,6165.0,0,2086.85
839.0,,697,211,44.0,25,14.0,1.0,1000.0,75540.0,13.0,870.0,-74540.0,1,
887.0,20211017.0,437,401,29.0,35,17.0,1.0,130405.0,100145.0,18.0,106932.1,30260.0,1,2069.59
1967.0,,511,78,58.0,35,17.0,1.0,136954.0,102485.0,20.0,109563.20000000001,34469.0,1,1359.72
1051.0,,400,91,70.0,26,4.0,1.0,137862.0,102619.0,31.0,95124.78,35243.0,0,4089.72
1466.0,,368,432,24.0,9,6.0,1.0,117829.0,96819.0,3.0,114294.12999999999,21010.0,1,1994.91
1603.0,,122,577,65.0,31,1.0,1.0,48635.0,43988.0,31.0,33558.149999999994,4647.0,0,993.56
1950.0,20240419.0,3,225,20.0,7,4.0,1.0,59288.0,44692.0,23.0,45651.76,14596.0,1,
636.0,,861,53,27.0,29,15.0,1.0,29358.0,25201.0,5.0,27890.1,4157.0,1,
1565.0,,123,554,38.0,24,17.0,1.0,41124.0,38395.0,2.0,40301.52,2729.0,1,1274.2
1679.0,,606,17,80.0,10,8.0,1.0,1000.0,99901.0,18.0,820.0000000000001,-98901.0,0,3650.15
1816.0,,608,277,14.0,32,14.0,1.0,49974.0,43664.0,18.0,40978.68,6310.0,1,1321.85
1806.0,,526,538,32.0,23,9.0,1.0,127450.0,91203.0,3.0,123626.5,36247.0,0,3380.12
923.0,,791,501,12.0,16,14.0,1.0,1000.0,104514.0,24.0,760.0,-103514.0,0,1335.14
1022.0,20210724.0,449,41,79.0,3,19.0,1.0,137478.0,115994.0,34.0,90735.48,21484.0,1,3177.97
1074.0,,820,228,47.0,18,9.0,1.0,100762.0,79379.0,21.0,79601.98000000001,21383.0,1,2042.86
470.0,,724,291,42.0,26,19.0,1.0,42141.0,37554.0,35.0,27391.65,4587.0,1,1079.03
1436.0,,234,535,13.0,20,4.0,1.0,49001.0,42496.0,30.0,34300.7,6505.0,1,1371.88
554.0,,749,289,35.0,22,20.0,1.0,120983.0,93113.0,32.0,82268.43999999999,27870.0,0,1718.72
309.0,,398,116,24.0,23,5.0,1.0,94059.0,85910.0,25.0,70544.25,8149.0,0,2602.85
645.0,,268,340,15.0,4,16.0,1.0,101560.0,94161.0,24.0,77185.6,7399.0,1,2938.17
1214.0,,354,105,87.0,20,15.0,1.0,1000.0,118712.0,15.0,850.0,-117712.0,1,5566.17
1176.0,,629,405,31.0,5,7.0,1.0,1000.0,95898.0,35.0,650.0,-94898.0,1,3222.29
1141.0,,183,349,100.0,35,14.0,1.0,1000.0,88826.0,8.0,920.0,-87826.0,0,2104.63
1907.0,,74,47,42.0,11,4.0,1.0,47240.0,39441.0,2.0,46295.2,7799.0,1,1366.31
271.0,,777,397,12.0,35,6.0,1.0,104375.0,81820.0,26.0,77237.5,22555.0,0,3568.32
1397.0,,362,367,97.0,14,9.0,1.0,128307.0,118851.0,33.0,85965.68999999999,9456.0,0,1238.2
1508.0,,505,184,10.0,9,9.0,1.0,102820.0,88641.0,20.0,82256.0,14179.0,0,2755.6
795.0,,73,468,8.0,23,12.0,1.0,1000.0,66622.0,6.0,940.0,-65622.0,1,1311.4
731.0,,27,285,48.0,33,17.0,1.0,102796.0,94503.0,8.0,94572.32,8293.0,0,
1919.0,,304,140,48.0,4,8.0,1.0,94366.0,74590.0,26.0,69830.84,19776.0,1,2793.65
6.0,,679,206,58.0,34,10.0,1.0,134782.0,119699.0,31.0,92999.57999999999,15083.0,0,2323.75
854.0,,682,1,78.0,26,1.0,1.0,71820.0,63165.0,2.0,70383.6,8655.0,1,1525.23
777.0,,379,207,48.0,6,11.0,1.0,106201.0,75969.0,14.0,91332.86,30232.0,0,946.6
1236.0,,473,55,25.0,26,18.0,1.0,58433.0,49302.0,22.0,45577.74,9131.0,1,770.69
835.0,,419,210,61.0,29,4.0,1.0,90363.0,68537.0,17.0,75001.29,21826.0,0,2181.86
1157.0,20241019.0,708,461,82.0,3,14.0,1.0,1000.0,27809.0,28.000000000000004,720.0,-26809.0,1,628.71
1403.0,,298,467,17.0,29,14.0,1.0,1000.0,60047.0,17.0,830.0,-59047.0,1,2733.53
956.0,,76,577,38.0,35,2.0,1.0,42204.0,34607.0,2.0,41359.92,7597.0,0,1277.83
1505.0,,781,198,5.0,20,10.0,0.0,1000.0,85224.0,15.0,850.0,-84224.0,1,1110.98
1234.0,,439,21,29.0,25,9.0,1.0,109369.0,96591.0,29.0,77651.98999999999,12778.0,0,1367.16
1811.0,,874,286,84.0,29,20.0,1.0,93201.0,74091.0,26.0,68968.74,19110.0,1,1960.66
1768.0,,224,287,97.0,11,19.0,1.0,124782.0,116751.0,28.0,89843.04,8031.0,0,1993.9
621.0,,104,5,83.0,1,10.0,1.0,51788.0,46841.0,33.0,34697.96,4947.0,1,1100.37
1482.0,,38,98,66.0,1,15.0,1.0,,118594.0,20.0,,,1,2659.92
1543.0,,210,241,96.0,11,2.0,1.0,1000.0,81012.0,18.0,820.0000000000001,-80012.0,0,3221.48
28.0,,294,420,19.0,28,10.0,1.0,1000.0,16020.0,0.0,1000.0,-15020.0,0,188.01
1756.0,,666,133,77.0,30,8.0,1.0,31521.0,29758.0,100.0,0.0,1763.0,1,723.45
918.0,,863,187,98.0,5,10.0,1.0,28960.0,21754.0,20.0,23168.0,7206.0,0,796.04
1258.0,20240810.0,191,193,79.0,35,9.0,1.0,1000.0,67262.0,8.0,920.0,-66262.0,0,1806.5
871.0,,92,248,52.0,31,11.0,1.0,1000.0,96212.0,21.0,790.0,-95212.0,1,3451.28
1481.0,,540,393,100.0,35,9.0,1.0,1000.0,31822.0,2.0,980.0,-30822.0,1,821.05
1407.0,20230125.0,310,326,34.0,10,8.0,1.0,75914.0,62200.0,19.0,61490.340000000004,13714.0,1,1515.26
573.0,,601,283,61.0,29,17.0,1.0,1000.0,48838.0,7.000000000000001,929.9999999999999,-47838.0,1,
840.0,,201,244,20.0,33,19.0,1.0,1000.0,82181.0,7.0,929.9999999999999,-81181.0,0,2812.51
1693.0,,267,83,36.0,6,8.0,1.0,118165.0,96971.0,2.0,115801.7,21194.0,0,1812.02
1869.0,,770,50,25.0,18,18.0,1.0,32173.0,23908.0,34.0,21234.179999999997,8265.0,1,585.18
895.0,,339,354,100.0,7,1.0,1.0,1000.0,114385.0,31.0,690.0,-113385.0,1,1410.97
1158.0,,525,440,25.0,27,10.0,1.0,22991.0,18469.0,16.0,19312.44,4522.0,0,235.04
1269.0,,185,556,10.0,4,4.0,1.0,1000.0,47820.0,32.0,679.9999999999999,-46820.0,1,576.12
1396.0,,527,466,81.0,34,19.0,1.0,1000.0,106042.0,0.0,1000.0,-105042.0,0,1177.74
1474.0,20201106.0,879,152,68.0,26,19.0,1.0,107390.0,97065.0,2.0,105242.2,10325.0,1,2892.72
786.0,20210312.0,604,64,100.0,29,14.0,1.0,48276.0,35200.0,22.0,37655.28,13076.0,1,1571.38
704.0,,444,243,13.0,11,16.0,1.0,1000.0,81213.0,24.0,760.0,-80213.0,0,2804.99
1425.0,,454,344,69.0,14,16.0,1.0,119760.0,110667.0,28.0,86227.2,9093.0,1,1183.65
1649.0,,450,324,73.0,4,9.0,1.0,130244.0,112267.0,16.0,109404.95999999999,17977.0,0,2223.03
354.0,20200623.0,460,486,77.0,34,15.0,1.0,71490.0,53062.0,32.0,48613.2,18428.0,0,1078.04
1744.0,,857,71,6.0,33,3.0,1.0,48775.0,43611.0,16.0,40971.0,5164.0,1,395.91
843.0,,741,40,40.0,2,9.0,1.0,99825.0,84647.0,8.0,91839.0,15178.0,0,3091.18
1244.0,,689,126,1.0,2,3.0,1.0,1000.0,116821.0,9.0,910.0,-115821.0,0,2652.82
1042.0,20200304.0,858,250,49.0,8,18.0,1.0,40153.0,35503.0,32.0,27304.039999999997,4650.0,0,679.13
1064.0,20200404.0,89,248,79.0,6,16.0,1.0,36721.0,30112.0,7.0,34150.53,6609.0,1,1256.2
1434.0,,456,64,77.0,1,17.0,1.0,1000.0,52779.0,20.0,800.0,-51779.0,0,1896.76
1477.0,20220619.0,109,413,98.0,35,20.0,1.0,1000.0,30858.0,17.0,830.0,-29858.0,0,435.8
204.0,,371,593,83.0,17,6.0,1.0,1000.0,113576.0,18.0,820.0000000000001,-112576.0,0,1696.56
1615.0,,681,585,58.0,17,15.0,1.0,,119828.0,22.0,,,0,3331.34
368.0,,112,488,12.0,28,11.0,1.0,44259.0,36338.0,27.0,32309.07,7921.0,0,1430.52
1614.0,,700,524,51.0,4,6.0,1.0,1000.0,67875.0,31.0,690.0,-66875.0,1,834.28
1903.0,,406,412,4.0,22,11.0,1.0,51952.0,45092.0,2.0,50912.96,6860.0,0,1144.7
1037.0,,328,355,27.0,30,16.0,1.0,118748.0,106825.0,31.0,81936.12,11923.0,0,2121.66
79.0,,125,507,15.0,23,19.0,1.0,1000.0,45593.0,21.0,790.0,-44593.0,0,
1873.0,,24,389,5.0,31,19.0,1.0,1000.0,46054.0,0.0,1000.0,-45054.0,0,1388.99
662.0,,21,160,63.0,6,1.0,1.0,88344.0,65135.0,33.0,59190.479999999996,23209.0,0,815.9
884.0,,844,280,66.0,20,17.0,1.0,82030.0,70369.0,23.0,63163.1,11661.0,0,1785.78
1006.0,,878,109,68.0,25,5.0,1.0,102630.0,89138.0,7.0,95445.9,13492.0,0,3283.36
308.0,,132,226,64.0,28,10.0,1.0,19672.0,17922.0,11.0,17508.08,1750.0,1,666.09
882.0,20210419.0,540,317,97.0,34,13.0,1.0,52817.0,42032.0,15.0,44894.45,10785.0,1,468.28
1153.0,,289,51,55.0,23,15.0,1.0,1000.0,38890.0,16.0,840.0,-37890.0,0,853.9
1778.0,,251,217,86.0,10,11.0,1.0,83186.0,77431.0,35.0,54070.9,5755.0,1,2194.42
518.0,,883,432,53.0,12,1.0,1.0,76238.0,71226.0,24.0,57940.88,5012.0,0,2430.59
1712.0,,840,534,91.0,1,7.0,1.0,94619.0,77415.0,32.0,64340.91999999999,17204.0,1,1400.17
602.0,,575,510,80.0,6,16.0,1.0,34891.0,28691.0,19.0,28261.710000000003,6200.0,1,1149.89
1510.0,,549,546,31.0,17,1.0,1.0,42502.0,30595.0,30.0,29751.399999999998,11907.0,1,385.95
1416.0,,683,471,39.0,2,16.0,1.0,1000.0,28893.0,0.0,1000.0,-27893.0,1,328.15
1179.0,,401,193,13.0,17,11.0,1.0,56176.0,50500.0,17.0,46626.079999999994,5676.0,1,1155.32
350.0,,853,287,17.0,9,15.0,1.0,94500.0,85134.0,4.0,90720.0,9366.0,0,1947.85
729.0,,649,539,79.0,13,18.0,1.0,1000.0,99936.0,4.0,960.0,-98936.0,0,2423.05
926.0,,178,445,35.0,28,9.0,1.0,61340.0,49315.0,0.0,61340.0,12025.0,1,1560.22
1100.0,,238,594,92.0,4,4.0,1.0,109727.0,89749.0,32.0,74614.35999999999,19978.0,0,2950.49
133.0,,697,473,25.0,29,12.0,1.0,74095.0,66965.0,23.0,57053.15,7130.0,1,2591.32
1228.0,20201202.0,146,137,73.0,33,18.0,1.0,56413.0,45285.0,18.0,46258.66,11128.0,0,1009.73
1.0,,339,370,67.0,25,11.0,1.0,1000.0,37692.0,23.0,770.0,-36692.0,0,428.19
446.0,,510,555,72.0,13,8.0,1.0,166819.0,119209.0,7.0,155141.66999999998,47610.0,1,3925.41
1243.0,,753,451,66.0,8,19.0,1.0,40508.0,29886.0,7.0,37672.439999999995,10622.0,0,379.21
1769.0,,869,504,14.0,32,19.0,1.0,1000.0,84630.0,19.0,810.0,-83630.0,0,2849.32
70.0,,660,530,6.0,29,14.0,1.0,1000.0,100616.0,1.0,990.0,-99616.0,1,1660.69
1545.0,,614,69,94.0,26,12.0,1.0,1000.0,67518.0,3.0,970.0,-66518.0,1,
582.0,,684,503,11.0,11,18.0,1.0,126604.0,116790.0,7.0,117741.71999999999,9814.0,0,1125.73
322.0,,785,287,1.0,34,5.0,1.0,1000.0,95588.0,22.0,780.0,-94588.0,1,2095.27
1452.0,,835,538,81.0,2,8.0,1.0,1000.0,20522.0,29.0,710.0,-19522.0,1,402.08
1366.0,,186,584,47.0,26,13.0,1.0,102557.0,87996.0,20.0,82045.6,14561.0,1,3526.23
410.0,,741,135,93.0,30,13.0,1.0,25937.0,21583.0,19.0,21008.97,4354.0,0,613.42
1450.0,,155,43,12.0,7,1.0,1.0,1000.0,28154.0,26.0,740.0,-27154.0,0,1139.2
184.0,,294,598,24.0,6,12.0,1.0,37051.0,34105.0,24.0,28158.760000000002,2946.0,1,482.83
1421.0,,487,367,79.0,1,14.0,1.0,1000.0,61075.0,0.0,1000.0,-60075.0,1,759.18
751.0,,158,203,99.0,18,12.0,1.0,86311.0,63748.0,16.0,72501.23999999999,22563.0,1,961.7
437.0,,552,39,53.0,31,1.0,1.0,117842.0,106105.0,4.0,113128.31999999999,11737.0,1,2923.74
156.0,,622,240,73.0,23,8.0,1.0,99837.0,85097.0,20.0,79869.6,14740.0,1,3438.53
34.0,,424,530,29.0,17,12.0,1.0,81955.0,58904.0,7.0,76218.15,23051.0,1,1382.94
642.0,20230424.0,148,466,61.0,12,18.0,1.0,19379.0,16236.0,33.0,12983.929999999998,3143.0,0,
1573.0,,83,495,30.0,3,5.0,1.0,60974.0,54702.0,100.0,0.0,6272.0,0,1499.11
1695.0,,468,513,81.0,19,11.0,1.0,1000.0,81768.0,35.0,650.0,-80768.0,1,2952.73
1486.0,,858,276,60.0,17,12.0,1.0,137246.0,110780.0,32.0,93327.27999999998,26466.0,0,2311.42
1646.0,20220329.0,710,514,62.0,20,7.0,1.0,115028.0,86824.0,19.0,93172.68000000001,28204.0,1,3957.21
1129.0,,639,269,62.0,22,14.0,1.0,112929.0,103240.0,6.0,106153.26,9689.0,1,1860.3
1182.0,,143,500,80.0,12,20.0,1.0,1000.0,61824.0,28.0,720.0,-60824.0,0,845.89
748.0,,392,582,16.0,17,6.0,1.0,19782.0,17184.0,28.0,14243.039999999999,2598.0,1,581.29
850.0,,760,481,63.0,14,17.0,1.0,1000.0,99811.0,10.0,900.0,-98811.0,0,
1439.0,,540,569,3.0,30,12.0,1.0,1000.0,22725.0,35.0,650.0,-21725.0,0,934.46
1594.0,,163,166,90.0,28,12.0,1.0,60623.0,43363.0,30.0,42436.1,17260.0,1,1264.93
1055.0,,426,368,42.0,4,4.0,1.0,1000.0,106800.0,7.0,929.9999999999999,-105800.0,0,1377.39
666.0,,509,595,77.0,33,16.0,1.0,131378.0,113506.0,33.0,88023.26,17872.0,1,3725.0
1012.0,20201005.0,808,284,95.0,26,18.0,1.0,150154.0,109480.0,21.0,118621.66,40674.0,1,2620.27
154.0,,732,413,95.0,17,13.0,1.0,139930.0,112760.0,10.0,125937.0,27170.0,1,2267.91
1730.0,,425,335,43.0,25,19.0,1.0,129725.0,111317.0,5.0,123238.75,18408.0,0,3798.03
980.0,,424,99,59.0,13,15.0,1.0,130651.0,112179.0,13.0,113666.37,18472.0,1,4467.42
421.0,,1,176,37.0,12,15.0,1.0,123721.0,100114.0,20.0,98976.8,23607.0,1,1480.02
392.0,20210317.0,105,64,66.0,1,4.0,1.0,91633.0,69519.0,7.0,85218.68999999999,22114.0,1,2692.76
1913.0,,170,598,48.0,30,16.0,1.0,1000.0,90398.0,2.0,980.0,-89398.0,0,2275.2
1794.0,,461,210,22.0,15,19.0,1.0,57327.0,51256.0,33.0,38409.09,6071.0,1,718.83
1522.0,,281,122,18.0,14,5.0,1.0,136203.0,114473.0,12.0,119858.64,21730.0,0,3577.48
1430.0,20221108.0,562,208,68.0,21,14.0,1.0,1000.0,79048.0,35.0,650.0,-78048.0,1,958.61
1172.0,20240814.0,47,476,54.0,23,1.0,1.0,19279.0,15903.0,7.0,17929.469999999998,3376.0,1,562.36
1447.0,20200206.0,649,60,12.0,1,10.0,1.0,1000.0,34029.0,28.0,720.0,-33029.0,0,998.74
978.0,,793,566,90.0,33,20.0,1.0,1000.0,32848.0,8.0,920.0,-31848.0,0,699.05
819.0,,684,228,79.0,1,2.0,1.0,84260.0,74165.0,5.0,80047.0,10095.0,0,1624.16
1381.0,,128,100,56.0,8,1.0,1.0,58019.0,55203.0,6.0,54537.85999999999,2816.0,1,1770.37
1168.0,,701,381,20.0,4,1.0,1.0,87569.0,69657.0,11.0,77936.41,17912.0,0,1831.72
1198.0,,862,404,10.0,2,12.0,1.0,139131.0,99617.0,12.0,122435.28,39514.0,1,4389.7
721.0,,90,408,9.0,15,7.0,1.0,104245.0,97285.0,20.0,83396.0,6960.0,0,1646.99
374.0,,495,139,64.0,7,9.0,1.0,1000.0,26256.0,19.0,810.0,-25256.0,0,1025.54
1227.0,,527,106,52.0,33,17.0,1.0,97649.0,81338.0,16.0,82025.16,16311.0,0,
1190.0,,748,357,18.0,33,2.0,1.0,1000.0,119514.0,14.0,860.0,-118514.0,0,3881.1
1630.0,,217,182,56.0,3,6.0,1.0,1000.0,19785.0,31.0,690.0,-18785.0,1,388.17
1123.0,,241,384,10.0,4,18.0,1.0,27005.0,20225.0,27.0,19713.649999999998,6780.0,1,685.02
1320.0,,106,173,100.0,13,5.0,1.0,33353.0,30041.0,15.0,28350.05,3312.0,0,395.12
1049.0,20200902.0,234,332,74.0,27,10.0,1.0,1000.0,115285.0,0.0,1000.0,-114285.0,0,4522.85
151.0,,850,256,62.0,6,2.0,1.0,59592.0,56107.0,5.0,56612.399999999994,3485.0,1,1292.9
767.0,,525,433,63.0,19,5.0,1.0,20351.0,17740.0,9.0,18519.41,2611.0,1,695.14
395.0,20201207.0,695,79,41.0,14,17.0,1.0,115749.0,87338.0,33.0,77551.82999999999,28411.0,0,3807.66
7.0,,559,111,81.0,18,1.0,1.0,1000.0,116613.0,17.0,830.0,-115613.0,0,4485.55
1653.0,,414,503,47.0,14,12.0,0.0,127182.0,119472.0,20.0,101745.6,7710.0,1,2539.49
752.0,,620,34,80.0,24,14.0,1.0,1000.0,29542.0,20.0,800.0,-28542.0,0,427.32
263.0,20200922.0,713,182,52.0,11,5.0,1.0,109841.0,89686.0,13.0,95561.67,20155.0,0,
1922.0,,871,9,36.0,21,6.0,1.0,61858.0,48892.0,3.0,60002.259999999995,12966.0,1,855.42
938.0,,335,426,38.0,18,2.0,1.0,1000.0,79285.0,11.0,890.0,-78285.0,1,1327.95
750.0,,480,247,79.0,26,6.0,1.0,93208.0,83556.0,18.0,76430.56000000001,9652.0,0,2723.59
1070.0,,810,68,85.0,9,10.0,1.0,92476.0,79785.0,10.0,83228.40000000001,12691.0,0,2822.67
1876.0,,430,594,10.0,25,20.0,1.0,41801.0,30677.0,22.0,32604.780000000002,11124.0,1,860.11
1088.0,,836,99,65.0,8,12.0,1.0,34356.0,26242.0,0.0,34356.0,8114.0,0,675.89
1040.0,,376,546,56.0,31,6.0,1.0,66321.0,48308.0,3.0,64331.369999999995,18013.0,1,874.72
1924.0,,493,372,28.0,4,10.0,1.0,48869.0,41661.0,100.0,0.0,7208.0,0,1237.65
88.0,,210,92,94.0,24,15.0,1.0,151181.0,110124.0,17.0,125480.23,41057.0,0,3934.52
811.0,20201101.0,501,72,91.0,31,1.0,1.0,1000.0,66497.0,27.0,730.0,-65497.0,1,1213.3
902.0,,580,42,99.0,28,18.0,1.0,28878.0,26064.0,12.0,25412.64,2814.0,1,263.93
1888.0,20210823.0,742,19,36.0,31,20.0,1.0,29476.0,22537.0,24.0,22401.760000000002,6939.0,0,857.4
1887.0,,821,281,52.0,17,13.0,1.0,1000.0,63983.0,14.0,860.0,-62983.0,1,2574.63
596.0,,474,303,33.0,4,17.0,1.0,23573.0,17787.0,14.0,20272.78,5786.0,0,390.81
1039.0,20221127.0,664,515,31.0,10,15.0,1.0,119330.0,100206.0,33.0,79951.09999999999,19124.0,0,
685.0,,737,137,34.0,23,17.0,1.0,37147.0,30523.0,100.0,0.0,6624.0,1,1101.62
1909.0,,76,79,47.0,3,17.0,1.0,154347.0,114654.0,28.0,111129.84,39693.0,1,2752.26
1894.0,,151,543,58.0,24,9.0,1.0,152520.0,117832.0,8.0,140318.4,34688.0,0,4373.97
1633.0,,812,431,56.0,9,14.0,0.0,1000.0,67776.0,28.0,720.0,-66776.0,1,2549.48
1317.0,,202,583,53.0,3,3.0,1.0,129256.0,92542.0,30.0,90479.2,36714.0,1,2068.07
1939.0,,857,147,34.0,30,5.0,1.0,86351.0,81225.0,34.0,56991.659999999996,5126.0,0,1376.96
542.0,,590,227,12.0,29,10.0,1.0,85923.0,75745.0,31.0,59286.869999999995,10178.0,1,1996.99
1669.0,,671,536,42.0,35,5.0,1.0,38516.0,29413.0,2.0,37745.68,9103.0,1,946.32
1660.0,,3,190,75.0,34,8.0,1.0,1000.0,26680.0,5.0,950.0,-25680.0,1,370.34
327.0,,626,127,61.0,34,5.0,1.0,53826.0,46954.0,100.0,0.0,6872.0,1,
881.0,,22,243,8.0,32,15.0,1.0,51427.0,48566.0,3.0,49884.189999999995,2861.0,0,982.81
969.0,,434,427,30.0,25,10.0,1.0,42983.0,31045.0,30.0,30088.1,11938.0,0,417.75
812.0,20241019.0,217,588,89.0,5,18.0,1.0,93201.0,79617.0,4.0,89472.95999999999,13584.0,0,1674.46
564.0,,661,373,39.0,6,7.0,1.0,127165.0,91189.0,15.0,108090.25,35976.0,1,3227.32
801.0,,794,108,31.0,11,3.0,1.0,33987.0,26227.0,19.0,27529.47,7760.0,0,1144.77
577.0,20220827.0,456,511,1.0,24,6.0,1.0,98524.0,78320.0,3.0,95568.28,20204.0,0,2300.72
989.0,,224,108,31.0,25,3.0,1.0,1000.0,17833.0,12.0,880.0,-16833.0,0,459.08
1423.0,,790,488,86.0,1,10.0,1.0,124519.0,92217.0,27.0,90898.87,32302.0,0,1584.86
934.0,,587,374,39.0,6,18.0,1.0,66651.0,62063.0,6.0,62651.939999999995,4588.0,1,1284.43
1128.0,,296,339,38.0,13,6.0,1.0,1000.0,105409.0,15.0,850.0,-104409.0,1,2214.72
1516.0,,794,56,14.0,4,7.0,1.0,1000.0,49061.0,8.0,920.0,-48061.0,0,2141.83
682.0,,501,361,41.0,24,15.0,1.0,89381.0,64357.0,12.0,78655.28,25024.0,1,1347.82
809.0,,123,370,28.0,19,2.0,1.0,78790.0,58318.0,35.0,51213.5,20472.0,1,
1164.0,,543,280,85.0,31,19.0,1.0,35090.0,31280.0,26.0,25966.6,3810.0,0,472.45
523.0,,582,209,54.0,7,18.0,1.0,29437.0,26967.0,9.0,26787.670000000002,2470.0,1,919.92
444.0,,721,345,1.0,19,8.0,1.0,54228.0,48108.0,9.0,49347.48,6120.0,1,1483.74
1520.0,,129,471,63.0,20,19.0,1.0,83548.0,65235.0,35.0,54306.200000000004,18313.0,0,
1765.0,,255,208,54.0,2,13.0,1.0,1000.0,63651.0,21.0,790.0,-62651.0,1,836.33
1284.0,,479,380,41.0,4,17.0,1.0,1000.0,26792.0,4.0,960.0,-25792.0,1,350.07
1230.0,,741,426,36.0,19,6.0,1.0,33254.0,26031.0,16.0,27933.36,7223.0,1,719.11
1031.0,,75,3,73.0,32,4.0,1.0,45537.0,40398.0,22.0,35518.86,5139.0,1,895.8
1812.0,,502,582,41.0,13,6.0,1.0,95097.0,73389.0,31.0,65616.93,21708.0,1,1744.67
1102.0,,270,420,77.0,4,16.0,1.0,1000.0,57854.0,22.0,780.0,-56854.0,0,1529.68
1738.0,,784,38,37.0,29,14.0,1.0,70087.0,64170.0,26.0,51864.38,5917.0,0,569.5
62.0,,748,191,66.0,25,7.0,1.0,110413.0,92112.0,18.0,90538.66,18301.0,0,3526.26
455.0,,91,535,26.0,31,15.0,1.0,1000.0,118107.0,30.0,700.0,-117107.0,0,
1986.0,,430,81,27.0,34,1.0,1.0,58590.0,47104.0,100.0,0.0,11486.0,0,1696.51
1077.0,,334,11,76.0,11,6.0,1.0,105099.0,95300.0,29.0,74620.29,9799.0,1,1024.39
1092.0,,885,410,34.0,32,17.0,1.0,74400.0,57001.0,25.0,55800.0,17399.0,0,1523.61
1034.0,,833,398,34.0,19,17.0,1.0,17262.0,15030.0,10.0,15535.800000000001,2232.0,1,431.64
1968.0,,699,242,67.0,8,17.0,1.0,56338.0,47725.0,23.0,43380.26,8613.0,1,1231.2
1691.0,,713,77,74.0,31,11.0,1.0,94348.0,85303.0,15.0,80195.8,9045.0,1,1012.99
1758.0,,432,114,11.0,20,20.0,1.0,128044.0,101346.0,0.0,128044.0,26698.0,1,1161.44
530.0,,848,465,73.0,23,3.0,1.0,1000.0,68268.0,11.0,890.0,-67268.0,1,2492.52
211.0,,139,9,93.0,19,9.0,1.0,49127.0,42766.0,26.0,36353.98,6361.0,1,1276.61
620.0,,207,433,97.0,19,11.0,1.0,107387.0,88851.0,7.0,99869.90999999999,18536.0,0,3424.16
1029.0,,287,321,66.0,25,16.0,1.0,1000.0,118869.0,8.0,920.0,-117869.0,0,2530.61
940.0,,526,409,32.0,11,10.0,1.0,81163.0,67751.0,28.0,58437.36,13412.0,1,2103.67
105.0,,706,563,23.0,20,18.0,1.0,74131.0,70343.0,30.0,51891.7,3788.0,1,2368.03
1558.0,,126,463,11.0,13,12.0,1.0,85714.0,66871.0,28.0,61714.079999999994,18843.0,1,1129.94
310.0,20241219.0,735,560,28.0,16,7.0,1.0,117501.0,104228.0,22.0,91650.78,13273.0,1,3933.81
1125.0,,224,284,51.0,31,20.0,1.0,137131.0,113090.0,30.0,95991.7,24041.0,0,1732.73
1688.0,20200929.0,22,422,50.0,31,2.0,1.0,,25850.0,11.0,,,1,930.73
85.0,,843,261,90.0,13,9.0,1.0,1000.0,26304.0,12.0,880.0,-25304.0,0,945.02
571.0,,440,300,31.0,32,20.0,1.0,,26192.0,16.0,,,0,741.85
1855.0,,238,512,48.0,20,13.0,1.0,127249.0,93694.0,33.0,85256.82999999999,33555.0,0,3685.16
481.0,,802,150,76.0,19,14.0,1.0,57159.0,43298.0,17.0,47441.97,13861.0,1,1444.32
1585.0,,403,554,9.0,11,12.0,1.0,83473.0,62498.0,3.0,80968.81,20975.0,0,2480.25
329.0,,643,17,29.0,10,4.0,1.0,107460.0,84642.0,30.0,75222.0,22818.0,0,3480.67
1566.0,,259,113,71.0,26,19.0,1.0,129368.0,113573.0,9.0,117724.88,15795.0,1,3472.47
171.0,,733,1,40.0,2,17.0,1.0,117190.0,97747.0,35.0,76173.5,19443.0,1,2933.72
157.0,,195,25,72.0,13,20.0,1.0,75949.0,58389.0,14.000000000000002,65316.14,17560.0,1,2550.41
1206.0,20200521.0,174,365,85.0,16,17.0,1.0,88177.0,70864.0,33.0,59078.59,17313.0,0,1263.49
1989.0,,353,306,36.0,2,5.0,1.0,132005.0,105719.0,4.0,126724.79999999999,26286.0,1,2785.83
1882.0,,370,308,58.0,4,3.0,1.0,76965.0,66754.0,17.0,63880.95,10211.0,1,1532.75
698.0,,442,334,81.0,20,17.0,1.0,97246.0,75459.0,35.0,63209.9,21787.0,1,2270.09
473.0,,537,600,71.0,15,6.0,1.0,56799.0,51856.0,28.0,40895.28,4943.0,0,1167.86
1720.0,,454,533,96.0,16,16.0,1.0,79492.0,58029.0,23.0,61208.840000000004,21463.0,0,2396.11
1551.0,,553,332,16.0,20,18.0,1.0,52414.0,38154.0,31.0,36165.659999999996,14260.0,1,1611.59
1676.0,,892,445,18.0,10,3.0,1.0,1000.0,56196.0,5.0,950.0,-55196.0,0,1796.58
1885.0,,705,218,5.0,12,19.0,1.0,22280.0,18063.0,15.0,18938.0,4217.0,1,456.33
205.0,,651,310,96.0,18,14.0,1.0,1000.0,53751.0,5.0,950.0,-52751.0,0,1426.31
484.0,,786,571,94.0,26,9.0,1.0,127006.0,114799.0,30.0,88904.2,12207.0,1,3262.82
1354.0,,735,569,83.0,20,20.0,0.0,1000.0,83169.0,20.0,800.0,-82169.0,1,2610.62
768.0,,787,25,60.0,26,10.0,1.0,64724.0,52071.0,8.0,59546.08,12653.0,0,1294.33
1484.0,,619,109,61.0,5,14.0,1.0,54300.0,41408.0,2.0,53214.0,12892.0,0,643.44
1527.0,,150,214,62.0,27,12.0,1.0,133527.0,108239.0,0.0,133527.0,25288.0,0,2919.68
875.0,,701,293,45.0,1,15.0,1.0,22549.0,20394.0,25.0,16911.75,2155.0,1,188.78
567.0,,663,274,11.0,27,8.0,1.0,108438.0,96297.0,2.0,106269.24,12141.0,0,1676.16
1032.0,,204,569,12.0,8,20.0,1.0,78152.0,61424.0,26.0,57832.479999999996,16728.0,0,2079.59
14.0,,240,448,25.0,29,17.0,1.0,1000.0,119677.0,32.0,679.9999999999999,-118677.0,0,4830.56
248.0,,835,348,96.0,32,19.0,1.0,49311.0,43002.0,29.0,35010.81,6309.0,0,871.4
728.0,20230719.0,541,352,66.0,29,11.0,1.0,1000.0,94772.0,27.0,730.0,-93772.0,0,1103.51
588.0,20220109.0,807,324,100.0,3,15.0,1.0,1000.0,102992.0,16.0,840.0,-101992.0,0,4151.91
183.0,,544,235,54.0,12,1.0,1.0,1000.0,67948.0,10.0,900.0,-66948.0,0,
111.0,20200515.0,552,407,49.0,5,8.0,1.0,101113.0,83195.0,18.0,82912.66,17918.0,1,
773.0,,642,379,50.0,21,5.0,1.0,1000.0,49434.0,11.0,890.0,-48434.0,1,675.05
1705.0,,90,140,28.0,26,13.0,1.0,102306.0,78342.0,32.0,69568.07999999999,23964.0,1,2755.38
57.0,,28,367,4.0,12,14.0,1.0,33688.0,28051.0,26.0,24929.12,5637.0,0,363.17
613.0,,699,293,34.0,15,12.0,1.0,,113109.0,30.0,,,1,4084.53
404.0,,628,71,19.0,27,17.0,1.0,109691.0,101687.0,6.0,103109.54,8004.0,0,1114.52
553.0,,277,411,92.0,21,4.0,1.0,34237.0,31471.0,9.0,31155.670000000002,2766.0,1,891.02
1344.0,,426,47,63.0,24,8.0,1.0,91571.0,79471.0,29.0,65015.409999999996,12100.0,0,1821.0
1834.0,,199,16,83.0,21,4.0,1.0,49009.0,39686.0,11.0,43618.01,9323.0,1,1343.52
1132.0,,742,123,9.0,34,18.0,1.0,38367.0,33554.0,32.0,26089.559999999998,4813.0,0,329.33
1997.0,,738,5,91.0,7,12.0,1.0,88140.0,78432.0,14.0,75800.4,9708.0,1,2033.88
1824.0,,551,260,22.0,9,17.0,1.0,1000.0,107159.0,22.0,780.0,-106159.0,1,1197.16
1789.0,,524,329,54.0,31,17.0,1.0,58320.0,49920.0,26.0,43156.8,8400.0,0,645.42
1804.0,,187,311,17.0,20,9.0,1.0,87533.0,62657.0,13.0,76153.71,24876.0,0,2886.31
1315.0,,59,108,74.0,30,7.0,1.0,122457.0,89539.0,5.0,116334.15,32918.0,1,3628.01
123.0,,563,508,36.0,20,6.0,1.0,1000.0,20048.0,4.0,960.0,-19048.0,1,
285.0,,156,247,98.0,15,11.0,1.0,109644.0,94285.0,35.0,71268.6,15359.0,0,1018.34
113.0,,838,318,64.0,2,2.0,1.0,1000.0,92826.0,14.000000000000002,860.0,-91826.0,1,2310.76
1116.0,,703,46,5.0,21,8.0,1.0,125249.0,103044.0,22.0,97694.22,22205.0,0,1668.43
1471.0,,617,521,90.0,25,11.0,1.0,89537.0,72734.0,0.0,89537.0,16803.0,1,1946.85
1294.0,20220815.0,172,164,3.0,24,9.0,1.0,59316.0,47305.0,4.0,56943.36,12011.0,1,1961.28
222.0,,14,220,47.0,17,16.0,1.0,97636.0,84329.0,6.0,91777.84,13307.0,0,2299.05
1732.0,,85,388,86.0,28,10.0,1.0,1000.0,69962.0,3.0,970.0,-68962.0,1,987.78
1785.0,,777,423,90.0,7,5.0,1.0,124753.0,89395.0,25.0,93564.75,35358.0,1,3042.58
565.0,,346,108,57.0,26,18.0,1.0,28675.0,25062.0,23.0,22079.75,3613.0,1,
1202.0,20230405.0,384,522,99.0,26,10.0,1.0,58105.0,48099.0,2.0,56942.9,10006.0,0,1703.49
1350.0,,529,280,42.0,31,20.0,1.0,1000.0,20039.0,12.0,880.0,-19039.0,0,
805.0,,711,285,74.0,19,15.0,1.0,68120.0,48841.0,29.0,48365.2,19279.0,0,2357.19
806.0,,32,200,18.0,23,8.0,1.0,1000.0,46193.0,33.0,669.9999999999999,-45193.0,0,453.09
1444.0,,269,114,38.0,18,19.0,1.0,90048.0,72227.0,18.0,73839.36,17821.0,0,2850.35
1097.0,,774,308,96.0,20,17.0,1.0,55520.0,47759.0,26.0,41084.8,7761.0,0,673.38
1300.0,,642,21,28.0,29,13.0,1.0,23877.0,18795.0,28.0,17191.44,5082.0,1,599.68
1698.0,,772,254,96.0,31,14.0,1.0,153119.0,109692.0,22.0,119432.82,43427.0,0,2022.13
764.0,,383,470,69.0,3,7.0,1.0,88301.0,83385.0,28.0,63576.72,4916.0,0,1661.32
943.0,,493,84,13.0,33,4.0,1.0,84848.0,68882.0,33.0,56848.159999999996,15966.0,0,1942.0
1734.0,,90,153,93.0,13,6.0,1.0,44570.0,33305.0,24.0,33873.2,11265.0,0,1142.91
414.0,,352,42,3.0,35,20.0,1.0,32192.0,27172.0,16.0,27041.28,5020.0,1,
1215.0,,185,85,56.0,7,16.0,1.0,109976.0,103465.0,17.0,91280.08,6511.0,0,1928.86
1651.0,,5,482,40.0,6,14.0,1.0,97350.0,86475.0,13.0,84694.5,10875.0,1,
1406.0,,417,31,7.0,31,17.0,1.0,1000.0,52381.0,27.0,730.0,-51381.0,0,1234.79
1538.0,,114,498,44.0,26,12.0,1.0,86276.0,67112.0,34.0,56942.159999999996,19164.0,1,1251.08
1265.0,,560,204,41.0,22,11.0,1.0,130708.0,106664.0,16.0,109794.72,24044.0,1,1784.32
1654.0,,475,450,8.0,15,13.0,1.0,108201.0,81711.0,8.0,99544.92,26490.0,1,3761.79
1111.0,,15,259,75.0,2,19.0,1.0,123584.0,96398.0,33.0,82801.27999999998,27186.0,1,2446.24
1200.0,,183,448,11.0,27,4.0,1.0,104141.0,85135.0,34.0,68733.06,19006.0,0,2094.29
282.0,,575,167,60.0,35,6.0,1.0,67701.0,52709.0,24.0,51452.76,14992.0,0,891.21
1775.0,,564,322,22.0,34,1.0,1.0,1000.0,39365.0,34.0,659.9999999999999,-38365.0,0,704.37
1599.0,,214,463,100.0,19,17.0,1.0,63311.0,59934.0,14.0,54447.46,3377.0,0,1428.5
1779.0,,225,594,14.0,24,12.0,1.0,47222.0,39999.0,10.0,42499.8,7223.0,1,546.59
1687.0,,387,216,81.0,13,7.0,1.0,1000.0,83017.0,7.0,929.9999999999999,-82017.0,0,3553.19
1402.0,,771,299,64.0,31,7.0,1.0,75070.0,63684.0,2.0,73568.6,11386.0,1,2171.2
825.0,,507,313,22.0,27,20.0,1.0,1000.0,62308.0,29.0,710.0,-61308.0,1,2198.32
315.0,,595,446,6.0,1,11.0,1.0,37420.0,33518.0,0.0,37420.0,3902.0,1,552.54
1992.0,,254,58,39.0,31,9.0,1.0,1000.0,104432.0,25.0,750.0,-103432.0,1,3162.7
227.0,,797,433,94.0,1,4.0,0.0,1000.0,91594.0,24.0,760.0,-90594.0,1,
431.0,,754,45,31.0,10,2.0,1.0,131875.0,115508.0,13.0,114731.25,16367.0,1,2832.61
1476.0,,692,334,68.0,9,5.0,1.0,34743.0,28730.0,21.0,27446.97,6013.0,0,792.13
1431.0,,846,340,94.0,21,7.0,1.0,1000.0,56935.0,7.000000000000001,929.9999999999999,-55935.0,0,1933.54
1969.0,,388,366,99.0,34,5.0,1.0,1000.0,29158.0,8.0,920.0,-28158.0,0,1136.18
1491.0,,486,260,42.0,29,6.0,0.0,1000.0,50302.0,20.0,800.0,-49302.0,0,
299.0,,377,369,21.0,9,19.0,1.0,31107.0,25509.0,0.0,31107.0,5598.0,1,
331.0,,770,214,66.0,34,5.0,1.0,63820.0,55380.0,19.0,51694.200000000004,8440.0,0,1133.21
1112.0,,152,12,68.0,19,3.0,1.0,1000.0,48156.0,4.0,960.0,-47156.0,1,
1238.0,,620,499,39.0,7,6.0,1.0,1000.0,22150.0,15.0,850.0,-21150.0,0,325.8
568.0,,698,380,41.0,16,16.0,1.0,124317.0,104827.0,100.0,0.0,19490.0,1,2247.1
409.0,,350,582,38.0,10,16.0,1.0,1000.0,111261.0,25.0,750.0,-110261.0,1,
1059.0,,394,207,10.0,20,20.0,1.0,155350.0,113569.0,35.0,100977.5,41781.0,0,1974.85
1517.0,,822,469,86.0,24,4.0,1.0,1000.0,102131.0,33.0,669.9999999999999,-101131.0,0,1904.16
688.0,,256,480,98.0,13,4.0,1.0,74178.0,60131.0,8.0,68243.76000000001,14047.0,0,2035.53
1692.0,,141,373,46.0,14,5.0,1.0,138190.0,113861.0,0.0,138190.0,24329.0,0,3404.36
1185.0,,672,266,6.0,3,9.0,1.0,101981.0,89379.0,100.0,0.0,12602.0,0,3420.69
41.0,,72,475,19.0,9,16.0,1.0,66488.0,58850.0,13.0,57844.56,7638.0,1,
1702.0,,238,474,31.0,13,8.0,1.0,118752.0,103865.0,5.0,112814.4,14887.0,1,3225.75
1931.0,,644,38,47.0,25,18.0,1.0,1000.0,103300.0,20.0,800.0,-102300.0,1,2027.37
1933.0,20240212.0,888,585,49.0,20,11.0,1.0,93284.0,74692.0,34.0,61567.439999999995,18592.0,0,2663.17
1467.0,,734,197,31.0,29,6.0,1.0,1000.0,101080.0,13.0,870.0,-100080.0,1,3031.52
1009.0,,871,180,26.0,26,7.0,1.0,143200.0,110695.0,29.0,101672.0,32505.0,1,3463.07
817.0,,804,219,8.0,28,8.0,1.0,50958.0,38821.0,8.0,46881.36,12137.0,1,1034.41
1622.0,,80,79,63.0,4,10.0,1.0,44852.0,42446.0,13.0,39021.24,2406.0,1,829.5
1866.0,,538,340,43.0,23,5.0,1.0,124526.0,102488.0,4.0,119544.95999999999,22038.0,0,3743.6
511.0,,845,380,96.0,21,13.0,1.0,71593.0,54274.0,8.0,65865.56,17319.0,0,1937.78
1966.0,,553,256,16.0,23,7.0,1.0,50341.0,43950.0,33.0,33728.469999999994,6391.0,1,426.64
1736.0,,252,163,75.0,14,3.0,1.0,59030.0,43029.0,3.0,57259.1,16001.0,0,983.05
1305.0,,790,564,47.0,6,19.0,1.0,80201.0,75807.0,19.0,64962.810000000005,4394.0,0,2078.79
1557.0,,89,110,33.0,35,6.0,1.0,1000.0,22088.0,10.0,900.0,-21088.0,0,357.35
953.0,,147,16,45.0,14,16.0,1.0,1000.0,35211.0,32.0,679.9999999999999,-34211.0,0,757.06
1457.0,,614,570,27.0,20,7.0,1.0,109529.0,79081.0,34.0,72289.13999999998,30448.0,1,1866.52
1721.0,,772,93,70.0,6,18.0,1.0,47134.0,35368.0,6.0,44305.96,11766.0,0,
82.0,,804,227,24.0,16,16.0,1.0,81587.0,62694.0,11.0,72612.43000000001,18893.0,0,1117.33
1864.0,20220121.0,876,202,60.0,26,16.0,1.0,74833.0,70441.0,2.0,73336.34,4392.0,0,1617.4
272.0,20230919.0,118,501,95.0,17,4.0,1.0,74088.0,64394.0,9.0,67420.08,9694.0,0,1331.26
1203.0,,624,118,87.0,19,8.0,1.0,125045.0,97017.0,7.0,116291.84999999999,28028.0,0,4355.85
740.0,,17,549,98.0,20,1.0,1.0,92655.0,78291.0,30.0,64858.49999999999,14364.0,1,1725.27
1681.0,,499,423,57.0,12,1.0,1.0,54478.0,42909.0,10.0,49030.200000000004,11569.0,0,757.98
1863.0,20230919.0,648,465,7.0,29,8.0,1.0,1000.0,75951.0,32.0,679.9999999999999,-74951.0,0,3252.0
1094.0,,359,453,21.0,2,15.0,1.0,1000.0,83384.0,31.0,690.0,-82384.0,0,976.15
132.0,,494,552,15.0,11,19.0,1.0,86032.0,73100.0,6.0,80870.08,12932.0,0,2252.18
1149.0,,771,476,16.0,8,13.0,1.0,1000.0,81807.0,32.0,679.9999999999999,-80807.0,1,3237.53
328.0,,26,407,51.0,28,8.0,1.0,68096.0,58049.0,13.0,59243.52,10047.0,0,1602.64
1723.0,,619,48,52.0,30,11.0,1.0,108248.0,80465.0,9.0,98505.68000000001,27783.0,1,3755.68
1285.0,,208,46,19.0,21,16.0,1.0,67227.0,62649.0,8.0,61848.840000000004,4578.0,0,1465.86
1856.0,,162,92,84.0,24,20.0,1.0,97721.0,87389.0,24.0,74267.96,10332.0,0,
1955.0,,249,54,69.0,29,17.0,1.0,30291.0,27034.0,15.0,25747.35,3257.0,0,457.8
279.0,,67,319,42.0,16,18.0,1.0,94160.0,77230.0,0.0,94160.0,16930.0,1,1636.72
499.0,,225,329,48.0,4,10.0,1.0,1000.0,55563.0,5.0,950.0,-54563.0,1,2201.61
797.0,20240218.0,480,357,11.0,20,11.0,1.0,138399.0,113341.0,30.0,96879.29999999999,25058.0,1,2993.73
1718.0,,256,505,78.0,27,7.0,1.0,56118.0,40246.0,22.0,43772.04,15872.0,0,1329.54
1898.0,,578,178,84.0,25,3.0,1.0,1000.0,75666.0,6.0,940.0,-74666.0,1,1838.69
1890.0,,682,315,21.0,12,11.0,1.0,1000.0,21896.0,28.0,720.0,-20896.0,0,637.04
1253.0,,540,298,15.0,22,7.0,1.0,42146.0,38497.0,8.0,38774.32,3649.0,0,429.92
441.0,,367,34,96.0,14,17.0,1.0,62218.0,53542.0,33.0,41686.06,8676.0,1,1677.6
1494.0,,179,175,91.0,35,5.0,1.0,61154.0,46577.0,31.0,42196.259999999995,14577.0,1,584.84
1019.0,,404,436,32.0,11,2.0,1.0,107760.0,87057.0,11.0,95906.4,20703.0,0,3607.66
1618.0,,382,577,84.0,22,7.0,1.0,23614.0,17383.0,25.0,17710.5,6231.0,1,629.05
306.0,20200529.0,4,42,97.0,25,2.0,1.0,114637.0,102385.0,100.0,0.0,12252.0,0,2493.46
1835.0,,788,28,50.0,5,2.0,1.0,100356.0,77843.0,23.0,77274.12,22513.0,0,
981.0,,823,155,87.0,19,18.0,1.0,98121.0,90392.0,22.0,76534.38,7729.0,0,2833.57
185.0,,643,262,93.0,33,20.0,1.0,85686.0,71760.0,34.0,56552.759999999995,13926.0,0,800.99
1383.0,20221014.0,708,123,91.0,11,19.0,1.0,122592.0,109810.0,22.0,95621.76000000001,12782.0,0,4121.75
1188.0,,768,288,81.0,12,16.0,1.0,117885.0,86836.0,100.0,0.0,31049.0,0,1413.78
1280.0,,495,230,6.0,9,17.0,1.0,1000.0,107550.0,8.0,920.0,-106550.0,1,2501.16
259.0,,668,150,27.0,24,10.0,1.0,1000.0,44969.0,31.0,690.0,-43969.0,0,1104.92
1127.0,,828,404,95.0,10,12.0,1.0,81499.0,64458.0,19.0,66014.19,17041.0,0,
879.0,,753,7,65.0,22,6.0,1.0,27073.0,24298.0,16.0,22741.32,2775.0,0,804.14
545.0,,484,534,76.0,21,5.0,1.0,31358.0,26596.0,5.0,29790.1,4762.0,0,991.47
947.0,,770,49,48.0,30,12.0,1.0,26602.0,21857.0,4.0,25537.92,4745.0,0,435.44
896.0,,237,283,80.0,35,13.0,1.0,113591.0,99302.0,20.0,90872.8,14289.0,1,1482.07
912.0,,231,129,59.0,34,14.0,1.0,35882.0,31721.0,2.0,35164.36,4161.0,0,749.1
196.0,,593,540,28.0,16,7.0,1.0,86023.0,65974.0,11.0,76560.47,20049.0,1,
189.0,,486,257,67.0,27,7.0,1.0,83088.0,62210.0,20.0,66470.40000000001,20878.0,0,1489.23
1282.0,20221111.0,71,60,55.0,8,11.0,1.0,1000.0,35033.0,34.0,659.9999999999999,-34033.0,0,1487.48
945.0,,226,598,60.0,7,6.0,1.0,124649.0,90408.0,31.0,86007.81,34241.0,0,1606.14
722.0,,744,98,41.0,33,5.0,1.0,57450.0,53361.0,4.0,55152.0,4089.0,0,829.31
463.0,,476,168,93.0,27,11.0,1.0,1000.0,84470.0,19.0,810.0,-83470.0,1,1168.76
1003.0,,759,250,24.0,13,15.0,1.0,91714.0,85646.0,10.0,82542.6,6068.0,0,895.54
1833.0,,471,212,4.0,1,13.0,1.0,143436.0,105023.0,17.0,119051.87999999999,38413.0,1,
793.0,,473,100,13.0,1,3.0,1.0,1000.0,115575.0,16.0,840.0,-114575.0,0,3016.76
274.0,,132,380,22.0,11,10.0,1.0,1000.0,78458.0,14.0,860.0,-77458.0,0,2066.52
456.0,,757,511,47.0,26,3.0,1.0,29253.0,22089.0,17.0,24279.989999999998,7164.0,0,971.99
1905.0,,253,481,76.0,28,18.0,1.0,116219.0,109247.0,20.0,92975.20000000001,6972.0,0,3369.46
348.0,,751,11,27.0,21,9.0,1.0,106390.0,80525.0,9.0,96814.90000000001,25865.0,1,1321.96
164.0,,824,354,70.0,20,17.0,1.0,,26611.0,32.0,,,0,461.32
1925.0,20241130.0,280,70,65.0,30,2.0,1.0,67527.0,49829.0,10.0,60774.3,17698.0,0,943.01
417.0,,54,585,21.0,16,9.0,1.0,95003.0,82994.0,17.0,78852.48999999999,12009.0,0,2231.79
1395.0,,245,496,62.0,30,9.0,1.0,45387.0,40646.0,25.0,34040.25,4741.0,1,1550.35
1263.0,20240118.0,138,351,69.0,9,13.0,1.0,82467.0,61278.0,31.0,56902.229999999996,21189.0,1,2062.87
1299.0,,289,261,8.0,26,14.0,1.0,47954.0,41413.0,21.0,37883.66,6541.0,0,
1441.0,20200602.0,607,121,10.0,35,19.0,1.0,1000.0,81391.0,13.0,870.0,-80391.0,0,3023.88
660.0,,86,169,59.0,9,17.0,1.0,40673.0,38225.0,16.0,34165.32,2448.0,1,676.35
865.0,,802,252,42.0,26,3.0,1.0,29841.0,27064.0,2.0,29244.18,2777.0,0,338.69
1529.0,,648,297,22.0,11,14.0,1.0,25587.0,20485.0,24.0,19446.12,5102.0,0,206.2
445.0,,152,156,5.0,14,7.0,1.0,1000.0,69311.0,2.0,980.0,-68311.0,1,2703.92
54.0,,391,160,87.0,23,9.0,1.0,1000.0,89263.0,10.0,900.0,-88263.0,1,4244.97
828.0,,343,534,65.0,13,1.0,1.0,92331.0,74673.0,5.0,87714.45,17658.0,1,2314.46
314.0,,826,420,48.0,34,18.0,1.0,1000.0,52420.0,6.0,940.0,-51420.0,1,1106.56
617.0,,10,502,36.0,27,1.0,1.0,95944.0,70606.0,9.0,87309.04000000001,25338.0,1,2466.48
244.0,,814,491,42.0,7,17.0,1.0,63704.0,52334.0,32.0,43318.719999999994,11370.0,0,
1719.0,,797,383,26.0,16,14.0,1.0,62266.0,47637.0,2.0,61020.68,14629.0,1,
1902.0,,268,150,15.0,9,20.0,1.0,73918.0,64616.0,14.0,63569.479999999996,9302.0,1,705.06
725.0,,612,11,86.0,13,12.0,1.0,54476.0,49409.0,22.0,42491.28,5067.0,1,1131.07
1335.0,,702,304,95.0,27,12.0,1.0,49922.0,45191.0,5.0,47425.899999999994,4731.0,1,1618.68
39.0,,711,149,82.0,21,2.0,1.0,1000.0,111051.0,28.0,720.0,-110051.0,1,1190.75
1358.0,20200505.0,786,239,44.0,33,13.0,1.0,1000.0,63043.0,27.0,730.0,-62043.0,1,872.09
1759.0,,324,500,68.0,25,9.0,1.0,140621.0,105272.0,12.0,123746.48,35349.0,0,1214.05
585.0,,385,564,68.0,35,6.0,0.0,,18248.0,31.0,,,0,666.93
999.0,,485,109,41.0,9,7.0,1.0,39832.0,28743.0,19.0,32263.920000000002,11089.0,1,996.02
170.0,,446,108,58.0,24,11.0,1.0,103171.0,98136.0,27.0,75314.83,5035.0,1,3067.64
623.0,,445,251,67.0,16,9.0,1.0,110195.0,85706.0,9.0,100277.45,24489.0,0,3766.59
1161.0,,38,530,44.0,30,19.0,1.0,81727.0,62559.0,20.0,65381.600000000006,19168.0,1,2122.33
488.0,,544,72,84.0,35,6.0,1.0,1000.0,66531.0,7.0,929.9999999999999,-65531.0,1,2718.48
690.0,,586,550,60.0,25,4.0,1.0,1000.0,48010.0,8.0,920.0,-47010.0,0,
387.0,,731,240,25.0,24,1.0,1.0,90860.0,79371.0,11.0,80865.4,11489.0,0,2095.57
1308.0,,874,262,45.0,27,6.0,1.0,1000.0,42237.0,32.0,679.9999999999999,-41237.0,0,1055.5
1611.0,,379,458,28.0,19,1.0,1.0,141628.0,118898.0,10.0,127465.2,22730.0,0,2541.11
465.0,,346,190,43.0,29,12.0,1.0,97622.0,88904.0,19.0,79073.82,8718.0,0,1004.82
1797.0,,409,226,97.0,11,6.0,1.0,1000.0,99460.0,28.0,720.0,-98460.0,0,3158.37
653.0,,233,96,97.0,22,17.0,1.0,1000.0,54696.0,22.0,780.0,-53696.0,0,2488.32
1388.0,20240219.0,224,88,76.0,4,6.0,1.0,1000.0,66476.0,24.0,760.0,-65476.0,1,1354.52
1766.0,,359,544,13.0,9,7.0,1.0,65297.0,56851.0,3.0,63338.09,8446.0,1,1862.14
886.0,,367,199,75.0,3,5.0,1.0,45624.0,40548.0,20.0,36499.200000000004,5076.0,0,1447.32
942.0,20230404.0,395,537,14.0,16,15.0,1.0,1000.0,80008.0,0.0,1000.0,-79008.0,0,
174.0,,534,566,12.0,4,7.0,1.0,78420.0,56115.0,11.0,69793.8,22305.0,1,1517.96
702.0,,621,234,94.0,26,12.0,1.0,38543.0,35586.0,33.0,25823.809999999998,2957.0,0,951.62
229.0,,735,600,13.0,1,13.0,0.0,19965.0,18607.0,13.0,17369.55,1358.0,0,
1461.0,20241119.0,790,579,81.0,11,3.0,1.0,17965.0,16193.0,30.0,12575.5,1772.0,1,385.68
591.0,20231119.0,7,130,29.0,3,15.0,1.0,20477.0,19381.0,14.000000000000002,17610.22,1096.0,1,656.88
873.0,,598,251,24.0,32,13.0,1.0,92678.0,85145.0,10.0,83410.2,7533.0,0,2071.76
400.0,,540,526,59.0,1,9.0,1.0,71356.0,67376.0,21.0,56371.240000000005,3980.0,1,1563.88
1390.0,,11,309,2.0,1,3.0,1.0,120402.0,113269.0,34.0,79465.31999999999,7133.0,1,3420.56
1714.0,,5,60,3.0,33,20.0,1.0,107900.0,78008.0,16.0,90636.0,29892.0,1,2774.87
1458.0,,649,117,72.0,18,14.0,1.0,49610.0,47216.0,14.000000000000002,42664.6,2394.0,0,1048.91
1322.0,,437,223,25.0,18,20.0,1.0,128362.0,102511.0,18.0,105256.84000000001,25851.0,1,1416.92
641.0,,285,557,93.0,2,1.0,1.0,122723.0,103907.0,34.0,80997.18,18816.0,0,2869.99
435.0,,338,164,78.0,16,5.0,1.0,1000.0,37682.0,25.0,750.0,-36682.0,1,466.73
1196.0,,892,58,65.0,3,16.0,1.0,127597.0,93423.0,20.0,102077.6,34174.0,1,2325.67
1850.0,,609,581,59.0,14,1.0,1.0,,111854.0,17.0,,,0,2656.77
1437.0,,837,588,11.0,2,9.0,1.0,1000.0,66577.0,4.0,960.0,-65577.0,0,1707.79
1126.0,,525,558,51.0,23,6.0,1.0,42959.0,33931.0,15.0,36515.15,9028.0,0,
345.0,,252,8,16.0,30,20.0,1.0,118669.0,92377.0,27.0,86628.37,26292.0,1,2365.97
1498.0,,352,94,29.0,6,14.0,1.0,44086.0,33159.0,35.0,28655.9,10927.0,0,1389.84
1541.0,,311,148,29.0,33,4.0,1.0,51003.0,46456.0,21.0,40292.37,4547.0,1,1092.94
1985.0,,130,256,21.0,29,1.0,1.0,129844.0,95745.0,11.0,115561.16,34099.0,1,3391.47
377.0,,203,303,26.0,7,4.0,1.0,94857.0,80179.0,24.0,72091.32,14678.0,1,
460.0,,712,119,47.0,8,13.0,1.0,95949.0,86974.0,27.0,70042.77,8975.0,0,942.2
1560.0,,95,368,40.0,10,12.0,1.0,1000.0,113394.0,18.0,820.0000000000001,-112394.0,1,2580.93
1512.0,,226,422,45.0,25,18.0,1.0,81680.0,58489.0,6.0,76779.2,23191.0,0,1397.92
140.0,,131,105,93.0,4,8.0,1.0,73616.0,52587.0,31.0,50795.03999999999,21029.0,0,1524.99
275.0,,14,172,91.0,1,10.0,1.0,36148.0,33978.0,32.0,24580.64,2170.0,0,1119.77
1419.0,,776,131,28.0,17,4.0,1.0,1000.0,87175.0,35.0,650.0,-86175.0,1,2097.96
94.0,,96,9,22.0,33,2.0,1.0,137918.0,117697.0,33.0,92405.05999999998,20221.0,1,3905.59
117.0,,549,381,29.0,1,19.0,1.0,77032.0,67952.0,11.0,68558.48,9080.0,0,708.56
622.0,,532,568,11.0,19,17.0,1.0,84121.0,68093.0,27.0,61408.33,16028.0,1,2898.37
799.0,,191,163,75.0,6,11.0,1.0,117034.0,98693.0,31.0,80753.45999999999,18341.0,1,3830.82
92.0,,25,115,44.0,4,16.0,1.0,1000.0,19435.0,14.0,860.0,-18435.0,0,754.73
693.0,,418,189,89.0,32,8.0,1.0,74413.0,65357.0,13.0,64739.31,9056.0,1,1540.93
1871.0,,254,548,35.0,28,9.0,1.0,1000.0,41226.0,27.0,730.0,-40226.0,0,1454.67
1453.0,,874,414,55.0,28,12.0,1.0,24719.0,19957.0,34.0,16314.539999999997,4762.0,0,571.64
1340.0,20200710.0,385,40,73.0,20,5.0,1.0,160857.0,118656.0,3.0,156031.29,42201.0,0,2720.52
552.0,20211215.0,101,104,96.0,2,18.0,1.0,1000.0,73521.0,26.0,740.0,-72521.0,1,3052.33
428.0,,513,597,97.0,9,11.0,1.0,1000.0,16717.0,4.0,960.0,-15717.0,0,417.51
479.0,20230223.0,669,227,16.0,19,10.0,1.0,28796.0,23735.0,35.0,18717.4,5061.0,1,566.73
166.0,,427,296,91.0,4,8.0,1.0,109001.0,87002.0,25.0,81750.75,21999.0,0,2187.38
1169.0,20240326.0,403,36,54.0,4,4.0,1.0,47714.0,43932.0,100.0,0.0,3782.0,1,427.68
1283.0,,94,492,92.0,3,12.0,1.0,90498.0,73716.0,11.0,80543.22,16782.0,1,1989.15
734.0,,734,51,38.0,30,15.0,1.0,113959.0,85263.0,24.0,86608.84,28696.0,0,1551.91
1532.0,,130,124,8.0,30,16.0,1.0,104730.0,98457.0,2.0,102635.4,6273.0,1,2707.89
44.0,,56,310,72.0,27,17.0,1.0,1000.0,69097.0,31.0,690.0,-68097.0,1,2736.46
982.0,,693,216,40.0,12,13.0,1.0,27486.0,24008.0,7.0,25561.98,3478.0,1,313.45
1830.0,,495,173,81.0,21,14.0,1.0,25642.0,21744.0,19.0,20770.02,3898.0,0,897.23
1478.0,,289,373,86.0,28,16.0,1.0,94894.0,74093.0,28.0,68323.68,20801.0,1,3067.79
779.0,,565,489,30.0,22,13.0,1.0,1000.0,115924.0,10.0,900.0,-114924.0,0,3729.89
292.0,,815,291,8.0,20,16.0,1.0,82427.0,61523.0,27.0,60171.71,20904.0,0,2050.9
1306.0,,715,321,83.0,30,4.0,1.0,64239.0,54840.0,25.0,48179.25,9399.0,0,1038.82
1386.0,,141,286,25.0,28,13.0,1.0,89320.0,67739.0,24.0,67883.2,21581.0,0,2509.56
1220.0,,235,7,54.0,18,20.0,1.0,1000.0,27147.0,22.0,780.0,-26147.0,0,991.35
1007.0,,392,104,16.0,18,17.0,1.0,102196.0,93459.0,11.0,90954.44,8737.0,0,2609.3
644.0,,790,460,35.0,28,8.0,1.0,110157.0,89310.0,13.0,95836.59,20847.0,1,
238.0,,538,406,18.0,15,19.0,1.0,21989.0,17748.0,21.0,17371.31,4241.0,1,331.11
1581.0,,141,51,1.0,18,3.0,1.0,1000.0,48355.0,31.0,690.0,-47355.0,1,893.25
1427.0,,535,38,58.0,10,15.0,1.0,26533.0,20329.0,27.0,19369.09,6204.0,1,715.9
898.0,20220403.0,70,81,91.0,7,15.0,1.0,1000.0,34568.0,9.0,910.0,-33568.0,1,658.42
225.0,20230917.0,408,71,51.0,33,15.0,1.0,1000.0,68330.0,24.0,760.0,-67330.0,0,972.48
749.0,,227,207,24.0,14,9.0,1.0,114693.0,105459.0,3.0,111252.20999999999,9234.0,1,
1921.0,,200,281,74.0,5,2.0,0.0,1000.0,60126.0,8.0,920.0,-59126.0,0,
1113.0,,252,184,85.0,6,16.0,1.0,25057.0,22788.0,12.0,22050.16,2269.0,0,423.14
1628.0,,150,471,55.0,6,13.0,1.0,62686.0,52732.0,4.0,60178.56,9954.0,0,1658.11
1204.0,,103,322,59.0,33,17.0,1.0,52034.0,49549.0,1.0,51513.659999999996,2485.0,1,658.51
231.0,,501,164,89.0,16,4.0,1.0,1000.0,58285.0,26.0,740.0,-57285.0,0,1423.91
1953.0,,275,59,49.0,9,5.0,1.0,83420.0,65192.0,5.0,79249.0,18228.0,0,1895.5
590.0,,730,103,49.0,9,3.0,1.0,1000.0,53335.0,3.0,970.0,-52335.0,0,984.82
800.0,,468,168,97.0,26,11.0,1.0,1000.0,115870.0,18.0,820.0000000000001,-114870.0,0,4417.25
264.0,,70,475,24.0,9,1.0,1.0,55703.0,50024.0,21.0,44005.37,5679.0,1,1612.32
1052.0,,422,229,53.0,9,8.0,1.0,52078.0,44563.0,29.0,36975.38,7515.0,0,483.07
1973.0,,592,595,18.0,13,17.0,0.0,124256.0,98529.0,0.0,124256.0,25727.0,0,2311.21
376.0,,273,144,96.0,23,9.0,1.0,1000.0,55225.0,24.0,760.0,-54225.0,0,867.48
973.0,,69,519,100.0,17,12.0,1.0,161647.0,118396.0,4.0,155181.12,43251.0,1,4488.82
1962.0,,818,437,56.0,4,17.0,1.0,22962.0,17382.0,15.0,19517.7,5580.0,0,468.96
1745.0,,818,368,41.0,14,7.0,1.0,145764.0,104208.0,3.0,141391.08,41556.0,1,1196.46
1155.0,,53,150,27.0,7,5.0,1.0,1000.0,84283.0,30.0,700.0,-83283.0,0,2164.22
1846.0,,253,583,18.0,5,15.0,0.0,1000.0,34165.0,19.0,810.0,-33165.0,0,474.17
1881.0,,661,247,68.0,16,7.0,1.0,1000.0,46407.0,34.0,659.9999999999999,-45407.0,1,939.3
1917.0,,683,97,34.0,5,19.0,1.0,89846.0,75024.0,16.0,75470.64,14822.0,0,764.21
1114.0,,390,11,49.0,22,7.0,1.0,88813.0,82046.0,28.0,63945.36,6767.0,1,2802.1
1616.0,,86,361,3.0,25,10.0,1.0,70079.0,63813.0,9.0,63771.89,6266.0,0,
1346.0,,816,251,10.0,31,16.0,1.0,1000.0,19429.0,26.0,740.0,-18429.0,0,224.3
344.0,,67,513,26.0,9,1.0,0.0,113706.0,99286.0,15.0,96650.09999999999,14420.0,1,
33.0,,395,475,71.0,13,20.0,1.0,36223.0,29608.0,8.0,33325.16,6615.0,1,1154.56
429.0,,832,508,68.0,26,12.0,1.0,66615.0,58979.0,8.0,61285.8,7636.0,0,2276.14
152.0,,877,228,100.0,8,16.0,1.0,126094.0,111480.0,14.0,108440.84,14614.0,0,4366.23
1631.0,,4,420,9.0,25,17.0,1.0,42619.0,39262.0,14.0,36652.34,3357.0,1,1207.02
1727.0,,693,229,45.0,29,8.0,1.0,124863.0,97287.0,24.0,94895.88,27576.0,0,1360.46
147.0,,740,569,71.0,23,19.0,1.0,84405.0,79095.0,35.0,54863.25,5310.0,1,760.47
1741.0,,593,326,30.0,5,19.0,1.0,25576.0,21191.0,3.0,24808.719999999998,4385.0,1,242.77
880.0,,400,86,42.0,12,8.0,1.0,1000.0,77913.0,3.0,970.0,-76913.0,1,982.13
974.0,,507,296,20.0,30,11.0,1.0,66135.0,54652.0,100.0,0.0,11483.0,1,1046.94
1181.0,,160,75,76.0,20,11.0,1.0,103749.0,96953.0,3.0,100636.53,6796.0,0,1445.46
1462.0,,612,540,30.0,2,20.0,1.0,79589.0,69387.0,23.0,61283.53,10202.0,1,941.87
267.0,20220628.0,746,293,78.0,12,7.0,1.0,44731.0,34229.0,3.0,43389.07,10502.0,0,576.56
668.0,,731,497,16.0,18,8.0,1.0,100574.0,86518.0,34.0,66378.84,14056.0,0,1504.18
1826.0,,887,491,45.0,11,9.0,0.0,114536.0,100152.0,6.0,107663.84,14384.0,0,1717.38
705.0,,774,406,42.0,32,15.0,1.0,1000.0,67168.0,100.0,0.0,-66168.0,1,1202.04
1342.0,,481,442,17.0,21,7.0,1.0,40501.0,30191.0,31.0,27945.69,10310.0,0,
1571.0,,171,215,62.0,9,2.0,1.0,115553.0,87686.0,32.0,78576.04,27867.0,0,2724.76
98.0,,593,406,59.0,14,10.0,1.0,1000.0,16601.0,5.0,950.0,-15601.0,0,551.81
1556.0,,362,387,70.0,27,13.0,1.0,84510.0,65284.0,22.0,65917.8,19226.0,0,1370.53
1095.0,,323,94,90.0,1,8.0,1.0,71857.0,55235.0,18.0,58922.740000000005,16622.0,0,2332.85
1844.0,,654,432,1.0,27,18.0,1.0,70541.0,51281.0,12.0,62076.08,19260.0,1,1980.21
760.0,,365,335,75.0,18,1.0,1.0,101577.0,79857.0,32.0,69072.36,21720.0,1,872.09
1836.0,,398,490,71.0,2,12.0,1.0,1000.0,85629.0,34.0,659.9999999999999,-84629.0,0,
1137.0,,135,522,55.0,11,8.0,1.0,,80771.0,18.0,,,0,2974.9
239.0,20240428.0,265,103,42.0,18,8.0,1.0,1000.0,20609.0,9.0,910.0,-19609.0,1,403.69
1174.0,,433,528,38.0,31,1.0,1.0,,85031.0,14.0,,,1,2089.45
1103.0,,402,474,70.0,4,11.0,1.0,18508.0,17091.0,31.0,12770.519999999999,1417.0,0,
1160.0,,862,157,65.0,4,15.0,1.0,1000.0,86311.0,6.0,940.0,-85311.0,1,3813.52
1257.0,,94,537,95.0,23,16.0,0.0,20979.0,19379.0,14.0,18041.94,1600.0,1,290.15
178.0,,574,274,49.0,30,7.0,1.0,43002.0,37938.0,100.0,0.0,5064.0,1,1295.56
1704.0,,40,181,7.0,18,10.0,1.0,55662.0,50977.0,19.0,45086.22,4685.0,0,605.52
1555.0,,449,465,21.0,6,2.0,1.0,99491.0,93019.0,16.0,83572.44,6472.0,0,1761.02
1062.0,,19,285,43.0,13,12.0,1.0,29859.0,22904.0,25.0,22394.25,6955.0,0,686.24
724.0,,272,130,65.0,7,14.0,1.0,112913.0,99991.0,20.0,90330.40000000001,12922.0,1,
669.0,,146,162,96.0,32,8.0,1.0,67262.0,62063.0,35.0,43720.3,5199.0,0,
597.0,,92,572,68.0,16,17.0,1.0,124853.0,110906.0,9.0,113616.23000000001,13947.0,0,2224.61
730.0,20231214.0,719,98,73.0,34,1.0,1.0,34371.0,26057.0,3.0,33339.87,8314.0,1,601.24
390.0,,892,235,77.0,20,20.0,1.0,114900.0,93006.0,16.0,96516.0,21894.0,0,1503.27
1821.0,,58,170,13.0,21,20.0,1.0,1000.0,97988.0,21.0,790.0,-96988.0,1,1921.63
794.0,20240122.0,529,322,80.0,23,12.0,1.0,127548.0,104147.0,35.0,82906.2,23401.0,0,
1792.0,,643,130,25.0,1,2.0,1.0,1000.0,100882.0,25.0,750.0,-99882.0,1,4634.79
1380.0,,561,92,7.0,35,11.0,1.0,111985.0,83079.0,9.0,101906.35,28906.0,0,1582.09
823.0,,505,283,67.0,12,10.0,1.0,98399.0,84636.0,16.0,82655.16,13763.0,0,3251.63
1216.0,20240412.0,488,429,38.0,29,11.0,1.0,136888.0,108498.0,33.0,91714.95999999999,28390.0,1,2402.05
1912.0,,68,474,47.0,13,4.0,1.0,53114.0,42154.0,33.0,35586.38,10960.0,1,1069.15
1143.0,20230621.0,603,16,17.0,31,6.0,1.0,139151.0,118771.0,31.0,96014.18999999999,20380.0,1,1431.72
707.0,,451,279,67.0,18,13.0,1.0,127825.0,103876.0,4.0,122712.0,23949.0,1,3005.41
191.0,,149,194,44.0,19,20.0,1.0,156485.0,116986.0,25.0,117363.75,39499.0,1,2490.92
878.0,,21,221,63.0,29,17.0,1.0,95933.0,82658.0,27.0,70031.09,13275.0,1,2844.11
423.0,,10,53,38.0,8,14.0,1.0,28694.0,23910.0,23.0,22094.38,4784.0,0,674.73
385.0,,143,289,34.0,7,12.0,1.0,1000.0,53306.0,26.0,740.0,-52306.0,1,616.95
1612.0,,900,111,19.0,12,16.0,1.0,19301.0,16839.0,17.0,16019.83,2462.0,1,488.16
891.0,,771,275,58.0,21,8.0,1.0,154138.0,113666.0,20.0,123310.40000000001,40472.0,0,4837.0
1023.0,,860,147,7.0,1,5.0,1.0,96098.0,78023.0,4.0,92254.08,18075.0,0,2186.9
798.0,,113,267,67.0,2,5.0,1.0,1000.0,114196.0,35.0,650.0,-113196.0,0,5130.03
1290.0,20240111.0,662,477,91.0,6,8.0,1.0,72843.0,52596.0,12.0,64101.840000000004,20247.0,1,894.04
1783.0,,555,279,88.0,5,9.0,1.0,127511.0,117269.0,22.0,99458.58,10242.0,0,4034.47
1249.0,,523,421,54.0,29,11.0,1.0,1000.0,50571.0,29.0,710.0,-49571.0,0,
1377.0,,302,376,88.0,4,18.0,1.0,72710.0,53008.0,29.0,51624.1,19702.0,1,
1564.0,,804,108,12.0,10,5.0,1.0,88619.0,65519.0,9.0,80643.29000000001,23100.0,0,
261.0,,279,279,8.0,19,4.0,1.0,47860.0,39424.0,30.0,33502.0,8436.0,0,730.73
1469.0,,811,576,7.0,27,1.0,1.0,1000.0,53509.0,19.0,810.0,-52509.0,0,1235.23
332.0,,52,471,29.0,23,16.0,1.0,1000.0,98235.0,33.0,669.9999999999999,-97235.0,1,912.47
1974.0,,768,235,62.0,10,18.0,1.0,88335.0,68475.0,15.0,75084.75,19860.0,0,
723.0,,178,413,37.0,16,11.0,1.0,38300.0,30345.0,35.0,24895.0,7955.0,0,
579.0,,880,443,15.0,33,20.0,1.0,117880.0,107087.0,5.0,111986.0,10793.0,0,3826.83
677.0,20210802.0,535,2,63.0,3,13.0,1.0,34128.0,27150.0,34.0,22524.479999999996,6978.0,0,303.26
